transaction_id,transaction_real_price
1145756,31831.686
1198704,12447.422
1222384,11141.306
1179897,106535.125
1223091,48289.727
1202911,12195.369
1151450,47198.273
1197195,82987.05
1146078,109606.34
1191026,65797.46
1107596,44475.637
1190777,59589.773
1162835,153223.28
1233184,21238.494
1197165,49606.695
1214389,32748.18
1205334,21701.818
1145482,35187.72
1197041,46498.715
1156778,28124.979
1096897,40068.957
1179572,116943.14
1190839,41832.227
1134295,38628.28
1131476,48738.09
1218843,21233.797
1157005,60840.81
1200107,6764.423
1219092,26403.088
1219608,15270.446
1101453,66587.28
1175515,168240.33
1145920,41759.88
1132427,26588.203
1182840,121639.44
1148101,23552.135
1234156,15827.997
1152273,25765.082
1115622,44909.484
1215527,15665.855
1170344,44138.613
1151954,34106.117
1170816,16431.475
1221847,19421.648
1182922,58933.85
1173389,178457.34
1141391,53775.402
1141218,83086.12
1097094,100878.99
1170563,28987.309
1115494,47897.395
1137432,68434.26
1101197,62405.848
1210532,26466.668
1208634,14237.789
1229597,26844.72
1190774,80155.766
1179724,363304.16
1145891,30679.541
1130404,50531.29
1214360,9169.414
1223152,14696.737
1101403,63811.41
1145994,56313.59
1179885,142524.55
1110882,11555.09
1228656,30527.396
1101274,51883.06
1176634,133394.28
1173299,65728.53
1146115,44825.574
1140588,56571.098
1097127,177282.33
1093681,44947.875
1205370,26875.717
1170528,47760.83
1096488,55535.992
1103819,53649.24
1213603,21686.818
1190716,92876.23
1146181,51473.117
1094021,44661.844
1101270,49791.258
1120990,29906.04
1219064,47421.113
1190516,122782.9
1228690,29113.143
1180708,119243.38
1103944,37390.32
1094600,72579.04
1115643,41817.547
1133835,16740.463
1202914,24607.31
1170552,29732.312
1183002,121964.69
1094574,72100.88
1230024,18315.66
1133126,34464.047
1175499,168889.94
1152130,46503.195
1190996,78021.89
1103259,25950.822
1224281,39109.605
1170512,25526.135
1169274,26616.643
1150724,32412.242
1210376,5215.2554
1218981,64572.47
1229563,17250.89
1158701,29620.832
1218869,26483.03
1225938,10827.077
1167183,43668.047
1197214,15244.474
1196615,39321.133
1115391,49244.316
1106568,36349.39
1107479,42023.156
1170360,55297.797
1093422,43540.8
1150558,41412.227
1131182,33964.305
1218683,94116.86
1162438,48860.67
1207224,20607.82
1152085,62408.348
1218978,60984.406
1158668,29157.182
1110549,35333.395
1166826,13542.833
1141193,80218.32
1228816,24366.477
1184863,58034.223
1093312,74371.09
1204547,11165.493
1131588,59716.125
1115383,34141.164
1182781,201931.33
1103919,76490.125
1131487,34226.707
1225842,28717.902
1107601,27093.584
1191030,126973.76
1156621,16410.428
1107534,39062.715
1198681,33802.027
1175481,104738.12
1162762,57373.64
1197295,56632.637
1096738,46460.508
1151260,37395.027
1214364,15642.491
1214533,16611.47
1190763,57629.676
1180791,137263.34
1190905,89994.95
1231684,13733.844
1179147,109020.875
1205319,31277.75
1205236,37627.773
1182742,27957.785
1162861,43504.938
1228387,13714.316
1197273,30376.469
1182358,147166.89
1151822,46750.742
1142315,36460.594
1230704,78732.2
1210286,38861.656
1107796,62469.145
1209640,9413.477
1107547,61270.23
1152055,38360.33
1198919,2236.6665
1115669,52893.953
1234841,20749.889
1228859,27531.928
1182940,103982.92
1179598,100623.51
1218995,49692.3
1157076,31449.705
1228022,4320.3506
1200165,21713.432
1218907,13640.488
1169781,44319.777
1207923,26295.488
1149023,39722.88
1146298,87266.45
1157156,29798.965
1121548,48244.89
1233216,12467.881
1218957,78439.39
1218443,59694.887
1225838,19553.787
1182616,59412.844
1131802,23789.457
1157903,16844.252
1190442,178888.11
1198082,29747.713
1131387,42203.363
1234525,28515.295
1203711,4533.686
1190922,75739.63
1191009,71805.54
1151240,14274.946
1226860,14888.453
1179806,100490.98
1199957,17915.76
1197257,48338.473
1190871,98003.99
1230677,34215.188
1157128,34339.344
1093400,123974.34
1190712,65540.0
1182521,155580.1
1196976,73848.73
1147304,38653.633
1230451,27638.182
1153931,31606.719
1154645,12083.523
1200220,36611.676
1146478,3733.365
1107385,34118.64
1115693,51575.816
1199755,14971.22
1234762,20812.02
1129378,32547.078
1170575,25864.617
1175579,255269.02
1155125,14965.581
1190449,141331.95
1173371,113630.91
1141791,3809.3813
1206596,24579.87
1107673,63968.184
1097089,78698.195
1145906,37529.15
1131202,34497.19
1148954,34439.895
1163137,53037.203
1104897,30975.207
1146110,55018.215
1158687,44448.793
1196974,91334.086
1223113,33290.133
1108722,21914.621
1120796,23933.365
1101230,46559.55
1234847,24197.34
1101988,3365.9827
1210837,18957.26
1228259,48430.9
1101161,73707.44
1198899,23007.428
1108452,35314.023
1190234,75910.22
1155760,17512.695
1146156,58622.465
1170423,63341.582
1115626,53236.812
1117164,17910.977
1162916,98236.91
1219970,20780.049
1144814,59936.984
1205245,5525.707
1182642,155285.72
1179748,402776.66
1162939,57877.31
1174727,131880.3
1103765,86082.95
1196685,63120.816
1192682,39536.14
1133329,46718.61
1141347,59734.75
1149872,9117.835
1182557,115685.15
1157175,29848.71
1214350,37120.477
1151530,43731.77
1151190,7659.2715
1167051,61373.625
1133706,34824.535
1234919,27765.176
1131616,77181.41
1193757,45270.95
1131284,34965.168
1182632,152532.8
1115399,43791.574
1169088,36463.27
1137154,24220.658
1179563,100016.28
1156634,42154.008
1156480,27092.732
1228239,22133.646
1146105,39117.812
1101467,67431.52
1194510,44923.66
1170201,17593.969
1197062,102916.836
1131899,10455.045
1162983,41783.863
1093231,61787.832
1117276,41622.35
1222511,8954.664
1205238,26987.75
1190344,140879.4
1157099,27637.523
1093453,51276.7
1150770,36734.047
1228787,23249.014
1134430,29894.775
1146140,48285.074
1097116,546439.94
1096717,38088.277
1233318,16090.397
1227756,17800.225
1112148,17928.562
1198006,25247.158
1224353,10410.809
1137449,49449.453
1136446,28097.688
1151958,49520.902
1195906,35646.465
1212503,3745.197
1197197,79054.445
1147081,15034.245
1228733,17784.002
1230422,21569.908
1223945,26789.684
1115400,31233.812
1158030,22619.129
1094656,50746.145
1166774,40143.39
1133820,6221.489
1155908,26995.422
1205365,18178.846
1103833,54243.242
1152265,38328.0
1117506,49372.504
1234873,32067.365
1225399,23574.855
1096967,137676.58
1182969,153497.08
1232838,14017.988
1094645,86264.82
1190690,51309.52
1115748,59509.473
1210653,27582.281
1198901,8419.022
1142372,19120.014
1196914,55367.188
1197738,34218.32
1110524,43709.547
1181795,133267.62
1181802,167367.36
1190761,51430.38
1212490,5455.917
1180631,67024.47
1110865,29680.469
1218967,39116.766
1170142,5261.28
1175391,181809.7
1234341,17620.398
1210783,13817.16
1107570,51471.105
1155668,29427.062
1121511,39742.13
1163076,59616.49
1228794,27082.295
1157193,26163.438
1134305,33491.32
1190077,72676.22
1162841,100334.02
1120505,25061.316
1115652,33197.305
1115387,49187.242
1101549,65529.94
1110558,44236.8
1152167,84662.57
1190880,100431.67
1212511,7481.2812
1101375,53512.19
1175734,34255.348
1225258,29054.258
1131320,39851.434
1151835,50614.246
1198301,18883.479
1182858,144568.52
1117471,42138.652
1192920,37379.84
1197223,63858.29
1101378,50381.016
1222959,12628.631
1225900,42265.39
1175483,136995.9
1094554,53525.82
1151964,40831.98
1133352,22613.393
1110922,33494.484
1227038,18458.766
1117434,31754.732
1175599,104668.625
1207842,5147.54
1197175,54768.242
1177169,167915.73
1183018,116017.7
1141324,75980.33
1129277,30744.21
1198853,32680.135
1107557,83934.055
1182022,101121.53
1140295,52002.293
1175517,38688.484
1218916,36575.973
1137392,39365.105
1209259,11991.318
1195228,40719.52
1204265,20472.053
1234896,23609.57
1220719,18621.93
1194743,57139.008
1222982,8501.918
1162906,84291.09
1167136,62071.26
1137491,38646.445
1170353,58519.797
1134401,50038.36
1096844,29825.035
1210013,11987.522
1224571,15040.182
1228804,24055.354
1198593,27300.016
1182850,69207.664
1157016,36271.027
1204607,8639.041
1230466,10217.209
1097096,115568.37
1143291,33706.066
1103809,62319.73
1191055,116526.23
1142555,37477.535
1233198,12574.395
1200134,12465.099
1190919,59225.48
1101450,73741.05
1210804,15831.047
1233080,11678.404
1115753,43715.34
1121658,21598.705
1163611,21987.408
1229734,29823.3
1149844,38796.41
1137387,38739.582
1215920,9529.473
1210765,7933.915
1158463,30621.283
1101420,75612.4
1147121,4314.965
1096300,132747.44
1094572,66588.805
1225458,26174.594
1214093,24366.432
1154273,29868.928
1131551,57969.227
1162855,61390.72
1182438,110446.51
1141098,22214.576
1197178,85091.414
1096959,96817.42
1146303,31062.088
1093301,35797.383
1137156,34359.652
1163006,53818.55
1176539,111595.164
1152149,33558.176
1157009,45717.918
1101639,36481.707
1226886,44717.977
1228898,27286.871
1210123,11619.636
1162831,103569.03
1146267,48855.5
1152233,59543.418
1131396,39360.562
1131442,40867.16
1151896,40484.523
1222951,18596.994
1222704,5126.7773
1182422,157393.77
1233251,6869.028
1131445,32941.82
1147813,28860.064
1230037,15942.115
1121702,22371.455
1141364,56742.0
1101423,55231.863
1215786,14039.716
1198337,31155.69
1131493,34265.15
1126139,31724.373
1198019,21773.691
1200193,11886.003
1146141,64186.28
1110786,35837.895
1190688,91282.45
1222898,13592.221
1163101,53907.727
1174440,85452.08
1117439,30527.773
1204705,17208.252
1163062,50703.816
1097049,118886.16
1115551,74430.98
1133325,33492.184
1103669,63727.547
1151935,55915.812
1190741,107198.4
1204414,15124.945
1163046,48745.715
1200208,22131.895
1183008,157915.48
1109314,23907.428
1198841,32323.127
1187665,17362.713
1208120,18677.617
1214443,12096.9795
1146239,77969.305
1115304,37560.152
1198878,23858.777
1101520,107813.445
1175628,177255.45
1151839,57415.02
1141197,97787.02
1152093,29344.865
1166274,77783.266
1228851,28429.49
1175373,113326.914
1131659,30767.354
1134313,62333.816
1126905,25035.947
1225470,27486.357
1214476,39534.105
1197227,3533.368
1140479,69004.35
1170407,49201.176
1234167,13307.884
1172050,90196.01
1107686,43811.5
1207862,16193.569
1233189,12532.576
1214508,24895.783
1170909,105045.12
1182382,145747.69
1176622,114780.17
1182797,175517.47
1182947,119111.88
1175430,84076.734
1152278,36566.523
1232888,13466.307
1218096,19217.635
1163110,52219.418
1121612,33652.59
1182993,106272.71
1175843,76620.95
1210732,16298.21
1170537,31586.65
1151898,74563.555
1175731,128272.4
1141286,67370.33
1103859,66096.766
1198746,16982.889
1097056,77387.78
1101294,85194.375
1190977,70524.9
1093029,32687.896
1229728,18471.814
1173557,126742.56
1157051,18976.18
1197181,50567.88
1097074,268772.16
1131500,30897.643
1198848,9066.485
1212146,17157.78
1224668,25134.223
1195143,51408.41
1110836,31299.592
1210803,21780.94
1121679,42143.88
1197146,46874.676
1146332,66032.75
1159386,31370.266
1115648,47793.543
1166924,59763.7
1160487,36968.812
1152148,34690.188
1219057,28284.996
1132761,31731.695
1132119,26742.562
1107625,11338.048
1101534,60992.316
1189698,75098.14
1121655,31000.889
1158407,26261.855
1121262,32986.523
1155638,81962.91
1152155,65874.44
1233269,11813.328
1094618,72365.61
1216931,20947.562
1107755,34612.926
1224620,14836.6045
1200206,8503.629
1191045,70763.664
1172811,98638.88
1163094,52077.332
1196591,11079.205
1208088,9975.74
1200052,37157.207
1152182,59276.957
1232739,22721.176
1156910,91526.09
1218523,24900.436
1146178,64740.37
1107589,72025.836
1097048,91546.17
1175225,66623.62
1123518,35280.227
1141458,49789.926
1190419,177146.95
1214511,38728.277
1101425,75079.59
1227387,5990.7466
1218883,38588.145
1157003,33084.125
1205397,12544.391
1175423,86927.14
1214518,17577.467
1103810,65237.246
1152086,64779.836
1180029,61538.434
1182443,113309.3
1115628,39590.66
1208185,77038.305
1222923,27578.994
1207623,15199.559
1208021,21592.67
1152110,50967.402
1182689,219905.23
1198186,26120.557
1233220,29127.084
1099466,56490.34
1152126,34159.73
1198355,15053.872
1121630,27538.256
1115444,44012.81
1131446,19403.006
1134772,24190.902
1169286,21727.414
1097046,81659.72
1093153,34394.96
1163103,64072.28
1223033,9387.146
1162966,84282.25
1234737,18118.373
1230730,28169.082
1131234,33702.273
1192329,11934.73
1115731,56568.777
1141301,69035.555
1201929,8537.001
1162951,96118.695
1208205,31097.805
1173508,181916.72
1156984,47618.43
1228856,43015.81
1190461,175700.52
1117125,30967.44
1218982,48786.918
1218875,29094.99
1162284,45637.375
1175574,127844.34
1205229,58479.24
1158000,19961.75
1115698,53951.184
1184062,41694.74
1197149,58228.145
1146479,3807.9722
1148080,28925.121
1229555,27605.545
1142620,28223.426
1129751,30608.613
1121102,29065.094
1143255,16653.219
1101394,66531.11
1170441,49018.38
1097010,112613.164
1143285,39373.18
1182992,153936.27
1170401,47074.16
1182661,151027.28
1157096,24034.463
1130700,57404.18
1166914,56021.816
1225964,8888.105
1221792,19238.648
1222759,16739.043
1225792,33402.68
1194138,72058.67
1174986,56806.27
1174299,140269.55
1218864,35599.754
1199975,4650.7607
1179495,50138.96
1225522,15210.057
1181401,52627.83
1170615,64973.305
1172001,77563.7
1094626,63485.574
1121525,30111.49
1190396,130668.19
1097040,122666.21
1175379,33090.09
1218598,16836.994
1180570,23681.1
1182034,95858.07
1097126,63015.86
1205393,21957.088
1214421,12375.847
1110753,26891.844
1180042,70850.91
1107537,15095.722
1182663,136364.5
1214499,10861.826
1107513,41202.258
1115451,58130.215
1150579,27122.979
1121667,35060.03
1157071,43019.297
1172064,35154.848
1182999,86541.52
1222767,19854.688
1156864,18466.812
1182679,206004.81
1230539,37449.918
1162967,79429.88
1222656,17089.584
1234538,20154.855
1182770,173872.28
1190746,59634.176
1184523,60598.93
1225895,12338.995
1170556,44128.85
1110415,31334.594
1182975,158985.64
1200675,21655.775
1197042,47748.62
1210703,11589.788
1110804,26894.69
1152192,36401.945
1208210,49730.703
1096966,133230.27
1198594,12387.005
1198891,23929.918
1205083,20500.715
1163084,35859.297
1097118,77293.664
1166466,57999.863
1170351,40468.0
1151876,51092.77
1213568,15555.836
1232515,10778.193
1170436,57487.78
1145183,21474.691
1131495,25015.78
1194484,50749.87
1141336,98588.48
1146182,61537.668
1162761,50129.492
1190909,67965.516
1137148,40882.79
1152526,19779.922
1210290,10370.211
1146295,78402.375
1145032,42225.625
1175358,94024.18
1141330,54040.992
1182671,150065.62
1207674,6883.842
1121654,25172.531
1196810,89112.805
1103821,73163.63
1182828,104852.85
1219058,29601.996
1110796,36135.406
1146334,35627.57
1163136,27682.42
1103941,53525.41
1097613,42155.293
1115609,48049.47
1223922,13923.657
1214501,20709.4
1110818,74573.79
1164404,18824.305
1107592,31905.295
1228808,73073.54
1101285,54007.914
1121067,26239.775
1200182,12414.099
1151948,40912.434
1101478,64376.2
1107563,51221.613
1095063,159919.62
1156906,59468.85
1096879,103317.375
1141107,37599.324
1175496,176879.55
1151086,38835.277
1106351,37052.535
1198018,25211.115
1156992,35992.812
1218453,25915.752
1106219,29472.363
1161631,37504.637
1183558,102074.84
1205309,22184.766
1134494,57225.277
1101518,95988.52
1175680,104090.07
1104374,32685.9
1146285,86119.66
1093418,35851.055
1210407,20871.607
1132664,26393.396
1223133,8763.211
1214357,37897.69
1199558,11224.373
1131554,23821.877
1205810,22926.3
1203851,9377.0625
1155673,12243.089
1131195,34116.008
1107603,62242.99
1218692,96300.914
1197305,5314.198
1141264,97777.516
1199627,18931.1
1224648,8681.36
1103920,118711.234
1140908,96192.79
1205047,7784.1997
1137502,73690.29
1214487,9912.203
1233846,11559.608
1175749,149320.72
1190589,49339.367
1151889,40626.387
1205279,53001.605
1101959,29945.908
1172812,89332.68
1163793,41803.87
1141273,71863.98
1167375,7817.0586
1204847,8726.142
1190266,67638.52
1137468,72102.875
1131678,61755.254
1205479,16752.234
1137359,46054.48
1182477,126143.61
1167117,61539.37
1182323,37904.27
1096985,139762.67
1157129,37869.473
1225241,19869.766
1179713,113900.52
1182792,208198.72
1196369,39350.543
1207705,26594.924
1132328,22452.14
1131206,34327.293
1095705,114034.97
1205205,47707.746
1188997,23815.016
1174000,168363.11
1137265,59481.895
1167025,35532.66
1214352,15754.941
1101681,53480.715
1222928,13914.353
1233217,24955.852
1131596,59446.34
1146102,40102.867
1135300,29646.408
1169117,44883.32
1230733,49454.78
1170532,23194.557
1190434,177052.55
1134382,43098.633
1152379,7099.3857
1133891,32773.42
1134446,55792.82
1162828,94587.64
1175445,94387.77
1158704,28694.658
1137493,73790.36
1222919,40431.008
1156870,29793.764
1224198,21167.943
1115509,40502.48
1110897,29692.246
1158647,41737.94
1207867,28567.91
1182869,93025.42
1107544,41299.94
1162795,94008.05
1207230,19629.27
1141090,150807.5
1210715,63874.55
1190683,84267.38
1110772,48208.785
1130971,44369.17
1214440,26576.16
1156938,48120.87
1110909,24480.586
1210835,12169.542
1131709,22500.025
1156847,34158.785
1182832,111848.42
1212510,7656.4746
1170544,38096.305
1204866,10040.672
1190513,146247.67
1232854,19348.236
1146207,97169.85
1094550,105581.84
1218895,12388.15
1174720,292523.94
1094571,58902.16
1168458,12359.086
1162970,45989.742
1167021,34571.457
1182568,116759.94
1107408,41312.86
1169598,30999.617
1227061,12798.3955
1226930,37582.44
1131710,37197.94
1167187,68768.57
1155732,11703.836
1146399,46460.46
1134255,37682.43
1115627,62241.09
1175512,85046.8
1162944,69100.63
1222674,11184.25
1207512,25050.229
1217596,36794.844
1161695,44086.953
1100106,44611.742
1145869,33708.863
1146080,54219.863
1117446,48718.945
1175352,274625.53
1179450,64952.74
1093095,53650.004
1190528,122908.61
1196771,49413.06
1143932,29563.965
1184877,42235.293
1190918,59626.668
1103950,57634.24
1157078,50174.836
1170501,32538.666
1207919,18081.676
1097143,70916.07
1103929,69910.37
1228866,29352.535
1151532,40617.438
1134332,47732.05
1228849,29548.182
1223026,19107.746
1197207,45524.094
1190383,62103.887
1225269,24087.01
1107645,43985.24
1205052,7844.698
1134483,68669.68
1190844,100958.875
1222952,7476.3027
1107022,49265.688
1132089,21663.729
1103901,60984.7
1228845,4605.081
1112039,50450.25
1103785,88875.76
1141394,100081.63
1131192,47428.438
1208039,4115.0874
1115082,34672.363
1214206,23809.951
1210414,18451.566
1117588,35237.926
1186848,51235.195
1169551,45032.87
1179739,432188.8
1205106,12444.075
1169779,38449.95
1094551,25587.652
1182905,103967.45
1183010,153386.88
1176613,146556.66
1093236,49883.844
1205776,20936.459
1175346,82390.65
1218949,58822.617
1234906,39401.84
1175695,40991.324
1205362,20380.38
1156328,41353.895
1223949,12670.382
1131159,33709.926
1224509,12344.727
1230002,19828.424
1234423,15830.8955
1162960,58396.035
1158676,23816.879
1151850,51272.59
1130968,39933.797
1096868,37866.152
1115479,34533.83
1117404,34418.62
1224107,19859.99
1196886,76399.65
1226789,35365.285
1175842,35471.176
1191059,65984.72
1224685,29871.092
1204727,20853.264
1158648,19664.4
1151993,20708.098
1175692,31786.303
1146006,98649.05
1190953,58517.9
1110833,35974.18
1216104,21806.545
1190552,118796.4
1170486,13380.791
1204846,8757.07
1181262,98547.4
1167159,17177.459
1157188,52603.04
1141328,69708.91
1105505,35001.066
1181293,83692.266
1176711,320727.94
1131698,48596.348
1133717,43072.992
1116192,15912.967
1170392,46462.547
1233033,8140.06
1200043,20871.43
1100695,25546.762
1219023,79205.83
1182917,103543.75
1223096,24095.281
1190748,56944.42
1115453,58026.363
1161054,40480.35
1136377,46509.227
1234838,15693.669
1118619,22810.668
1156758,33384.94
1166949,77769.39
1131373,51430.184
1131570,57510.26
1233222,17309.377
1163002,36605.426
1110846,55447.03
1175768,94696.125
1197740,35620.195
1145097,44347.05
1146226,151282.56
1174735,92600.555
1234857,16726.979
1174624,94658.56
1129908,42294.586
1115353,33038.406
1179574,105759.81
1156025,36204.777
1096801,101176.13
1226904,19825.303
1096255,99351.58
1210805,31781.424
1158652,38761.535
1150528,37443.742
1182848,85378.93
1198558,14205.36
1136422,34085.145
1196982,59393.242
1170190,44641.703
1160326,46524.71
1151975,38074.766
1137433,56685.156
1189619,50228.742
1131147,40628.17
1225959,17528.37
1175725,135499.45
1167251,52177.305
1224349,10226.771
1154650,12597.849
1146081,60314.742
1151901,48419.906
1141323,75812.55
1233319,19088.24
1190289,75261.97
1163018,54249.19
1106277,37489.51
1093337,30689.402
1147129,4291.634
1144360,31707.283
1227295,16632.062
1210474,12657.508
1234865,37303.383
1197271,54310.945
1182486,123330.37
1175510,138907.06
1214318,40236.566
1205234,9062.111
1146118,62477.305
1151886,61793.605
1146244,110174.77
1096968,119227.46
1115046,39422.473
1181782,139019.05
1214506,9135.669
1228080,30633.406
1115448,38401.797
1210684,15588.479
1197783,16407.0
1214376,13954.338
1147104,4193.5337
1107560,61158.668
1190987,58065.277
1151878,45602.656
1228889,37896.062
1097028,105220.875
1233140,23309.645
1190969,79468.0
1230740,31934.215
1233371,13824.437
1182755,157168.33
1208006,22561.586
1141289,60209.746
1131707,21817.111
1093364,46806.64
1230521,17093.35
1189628,41584.74
1232848,14715.096
1161718,37768.09
1225869,50372.223
1167168,63396.094
1163118,33554.367
1094564,50930.914
1182574,319636.94
1094567,71530.92
1208003,19396.826
1153296,18303.123
1153810,14062.992
1170562,43917.586
1223122,20436.182
1228700,43991.91
1218984,26838.885
1103856,137237.83
1169929,52232.668
1137457,42135.56
1190785,66913.914
1170597,74926.95
1158646,31231.459
1110898,33497.33
1214378,26786.926
1156900,91176.57
1233279,6582.3535
1101216,87621.45
1157926,15924.398
1117581,42159.316
1182934,154649.48
1230741,77212.41
1194951,39010.332
1131339,38463.812
1178277,64907.348
1175392,121958.64
1121662,26083.615
1175476,68613.71
1131272,16681.783
1218946,27777.385
1197236,46726.184
1196364,85098.15
1133615,23751.146
1096838,82648.85
1225952,32882.527
1182933,50144.41
1219132,27523.658
1171937,57079.043
1199959,16589.434
1134358,62559.883
1226903,31594.844
1198017,20295.68
1146281,60336.03
1233262,36825.457
1210523,11210.423
1166843,66577.375
1155272,16874.336
1140037,61750.25
1205303,22594.832
1154271,35202.555
1182071,286355.44
1182431,174390.06
1117491,43052.91
1121493,41836.375
1193921,32946.562
1200069,24512.24
1190395,142487.17
1222996,18931.135
1210543,25029.549
1173527,101180.19
1219041,13705.32
1182790,154771.5
1154472,12153.096
1230035,13681.944
1152251,52525.84
1101176,42201.23
1197511,7489.855
1107521,39348.027
1101560,73667.52
1218846,17130.05
1157089,50296.234
1134243,47297.496
1096975,83374.73
1218178,34447.418
1115428,54187.297
1197088,37145.69
1226882,32550.088
1214361,34585.77
1191110,42672.47
1170515,41839.047
1190836,126895.43
1154146,18772.887
1146020,98556.516
1144490,24256.418
1152215,46466.754
1231678,12468.38
1233334,33260.715
1120346,52070.184
1207046,14687.924
1156069,33028.26
1109576,28290.662
1216303,14675.938
1175610,139664.47
1134432,31681.71
1096995,154948.28
1169096,16416.94
1131392,20734.736
1196938,66057.375
1233042,12620.239
1115579,62201.215
1182932,103183.36
1131669,45806.293
1190631,78477.48
1131560,24490.066
1198356,22003.916
1131370,31520.268
1214502,26990.246
1207945,33997.812
1145335,38204.945
1230702,56754.938
1194248,39583.867
1208106,15857.384
1115460,28965.893
1144694,22863.592
1226912,30257.61
1219052,26272.803
1121704,34207.78
1101521,107949.46
1182476,153963.88
1170394,40275.53
1107383,39269.566
1130252,26827.523
1156904,47587.56
1199437,6894.8403
1131682,50318.258
1121706,37551.523
1197038,42415.64
1223131,24479.697
1151988,23979.607
1190594,59907.21
1151773,49163.56
1182944,104796.07
1190493,122350.65
1156917,59689.023
1152382,5336.8345
1151966,45678.824
1110937,26546.523
1175665,113275.914
1176994,11071.357
1209934,24427.11
1134398,43268.594
1148235,24448.668
1162943,38595.434
1170339,32536.494
1190715,61363.44
1135006,7232.7627
1096843,84175.016
1107588,61093.668
1121491,16820.254
1101325,74818.2
1218414,15989.805
1190474,133891.33
1196072,31941.25
1156675,10230.127
1210777,59439.594
1166535,39685.09
1157619,20385.844
1198264,31828.256
1228577,14512.846
1141123,32848.836
1178736,61820.01
1157170,33177.113
1093455,69606.805
1172052,140976.3
1210111,7516.5884
1157900,27479.988
1205035,7703.1284
1222687,28126.238
1116581,29196.666
1107654,16030.4795
1102807,21523.365
1145933,27722.26
1222920,12497.522
1182550,114988.88
1164897,33208.734
1156652,45560.49
1163049,42065.38
1205230,51426.555
1142489,40494.6
1228847,19671.584
1166981,79509.54
1188156,45059.98
1094609,98099.0
1100181,36861.05
1210822,10778.707
1214445,24293.898
1205892,23053.508
1217709,16934.451
1172852,105221.68
1175361,164646.28
1205423,12496.3545
1207278,29151.705
1167383,4004.8118
1182589,149567.28
1225890,68875.36
1205009,11622.019
1157104,31500.074
1182645,150937.14
1175788,74288.73
1190557,106043.0
1149945,10860.904
1190454,127453.94
1149079,22009.205
1210672,17970.158
1214356,9197.387
1157133,31343.113
1204623,24150.125
1209914,19887.264
1169270,27092.24
1207534,23830.42
1194511,50985.977
1202877,19478.52
1154265,15003.536
1175255,110475.79
1207593,21108.293
1220270,13079.629
1096990,253079.44
1156775,34278.29
1152255,38547.87
1190967,66967.02
1131226,41022.883
1162883,45598.22
1131172,55047.184
1230732,25210.658
1166940,69009.16
1197103,75871.43
1190600,73112.16
1228831,65383.555
1190756,47763.832
1157075,48274.62
1200215,14793.1875
1219022,83546.805
1145899,27737.44
1171076,65155.05
1181745,146438.88
1218999,42388.75
1210823,11062.386
1163128,34925.242
1175671,107871.24
1148947,23308.846
1190703,64991.402
1175668,173665.47
1181404,63139.12
1151947,50765.41
1224356,10338.77
1230513,15770.937
1149967,40138.527
1141106,52767.742
1167145,46950.55
1163063,76175.42
1222963,19780.205
1115576,49010.105
1167100,75468.24
1218418,67266.91
1117422,36103.027
1103845,60770.64
1175681,125760.44
1137248,53910.605
1094570,51082.098
1121676,26770.63
1166980,30875.11
1115614,43891.504
1120321,53276.836
1182372,91270.0
1195486,40294.51
1107564,61737.06
1167092,93408.21
1100866,57688.68
1107616,54742.758
1162402,15407.866
1190473,66882.91
1128732,36538.25
1171450,50729.45
1224367,9672.352
1210525,23870.133
1208666,23993.629
1170469,55138.605
1093439,13573.244
1183009,242386.02
1205201,7411.722
1151456,31765.0
1198313,19454.793
1154266,31606.959
1205110,7888.4883
1103884,48158.06
1190373,140660.98
1131185,21021.709
1103769,127922.65
1232892,18169.99
1214488,12510.831
1145879,48710.906
1162938,64268.48
1117474,43646.105
1121617,57473.09
1175364,122547.65
1119925,20107.627
1131420,29192.768
1190668,53770.89
1221084,15336.53
1149010,19391.5
1200190,11936.017
1115557,62279.03
1197120,72668.18
1170448,47234.434
1162837,78221.12
1115379,42289.625
1175356,107552.805
1175383,125348.78
1105249,20389.654
1191064,162560.89
1136901,28892.89
1101528,93520.26
1175778,88703.53
1232674,10438.348
1131404,31427.668
1218917,70251.29
1131407,39184.797
1181410,24600.928
1135739,27907.838
1161760,34533.465
1116075,17559.22
1120991,29984.86
1146134,58094.746
1137324,53928.19
1197102,85124.45
1166399,36852.93
1234536,16377.721
1142505,33027.57
1233164,13587.529
1103897,125977.586
1107745,26146.9
1168705,25516.059
1101312,57623.355
1182468,125799.91
1146016,21277.846
1129812,32336.354
1093436,54184.92
1143962,34200.832
1230510,26408.176
1096979,78576.85
1175384,87997.12
1224766,20544.398
1115450,42344.062
1121517,27339.277
1228217,19107.691
1205395,29058.11
1169930,55047.395
1158674,42680.65
1163083,36198.39
1190471,127385.164
1218395,24935.465
1186050,37203.37
1158085,23995.414
1215410,21971.855
1093424,21199.762
1115575,55131.824
1152119,41747.656
1230716,64334.28
1201324,17761.104
1093446,111457.85
1117486,36162.47
1117580,39572.883
1156970,37697.848
1218920,79165.73
1182618,152454.55
1182787,264642.1
1170517,43262.734
1121686,32770.92
1171065,90774.95
1229587,38917.473
1228748,31019.637
1175612,233403.31
1206547,32470.098
1107712,56262.43
1146236,163661.75
1173552,125644.04
1191134,49481.625
1175660,154421.78
1209874,11333.345
1145934,29870.809
1096943,79302.35
1131526,30672.666
1214497,6017.022
1205206,6190.606
1175450,95659.91
1137414,41932.32
1226921,29464.494
1174528,136050.8
1141422,54297.17
1093334,30863.156
1191152,37308.184
1175502,106441.39
1144998,36405.49
1208004,35480.074
1144685,31816.36
1100604,42387.094
1096463,51661.816
1137485,73850.555
1170356,45873.004
1229803,35372.977
1163021,55437.832
1132449,40396.55
1094633,63197.555
1115359,51235.586
1157564,21058.91
1146011,57922.695
1131166,33986.438
1218543,14107.307
1196856,44110.086
1182405,93183.375
1145903,14273.055
1208144,41544.504
1132367,21326.725
1200225,9568.796
1170361,48752.594
1134354,35719.22
1170159,15411.158
1163039,55297.586
1214498,13216.516
1197083,37624.04
1176977,47174.47
1197256,31102.994
1167146,46424.01
1218129,14956.5205
1115381,44215.04
1233190,11900.714
1185884,21936.324
1152224,51602.234
1205389,20953.396
1115772,38021.97
1170416,51734.934
1101268,44030.145
1209175,18369.748
1103256,36023.617
1101190,77140.42
1210293,11159.574
1129993,33326.027
1121555,35032.625
1131179,34014.645
1170398,14535.949
1162845,37321.92
1131379,31662.924
1146112,141850.75
1101461,98972.734
1162722,58256.36
1115439,57418.906
1208619,22466.705
1233157,17942.553
1141228,102938.53
1142917,41643.594
1204898,21183.514
1191104,49698.227
1166903,44116.016
1176249,53412.363
1224343,9931.051
1190993,68177.8
1204662,16058.159
1093281,57132.688
1193386,36169.13
1103851,73702.875
1135301,29908.32
1230680,25399.787
1175497,91442.336
1225262,16610.045
1101379,59638.668
1208108,38936.258
1221838,39977.582
1213761,15447.975
1115733,27829.594
1112020,30246.299
1137289,39677.977
1214515,22057.178
1167190,76915.78
1120852,23378.303
1152218,65585.02
1148234,8524.212
1191031,174805.34
1115033,31738.504
1207741,12492.185
1214423,25432.922
1175398,56294.473
1190606,68310.56
1134378,11779.432
1162533,61447.71
1175632,115843.57
1107515,66994.75
1169275,23401.992
1222117,18133.775
1174192,98117.24
1162931,75052.74
1134372,17845.93
1182684,154511.8
1171474,128018.57
1200195,14603.311
1131383,49922.2
1131309,28251.863
1157032,34638.484
1163052,60019.64
1197093,67205.664
1182745,97924.49
1188138,48439.723
1131699,35806.77
1197270,49250.33
1208960,25374.174
1210743,31976.178
1214413,42550.598
1103862,106879.91
1107535,49483.656
1133464,33424.57
1222363,14892.685
1175764,153886.52
1182863,120945.86
1121486,28666.814
1190968,58769.684
1197986,17278.732
1141534,58095.742
1133758,26486.844
1189442,42531.57
1224380,23425.84
1152253,58110.65
1222988,22972.678
1211774,5499.5786
1206792,31493.406
1208074,26216.312
1214110,24219.018
1182644,205903.67
1204122,22485.61
1115392,55384.984
1157083,48593.66
1170426,56572.18
1115654,68424.27
1223116,32477.375
1118748,21824.875
1158678,30002.736
1145996,133472.16
1141463,48121.926
1225640,46576.43
1110553,43634.83
1202662,22513.268
1218358,11834.617
1144897,45998.34
1161948,30180.115
1134479,62137.184
1175723,45395.938
1198350,34584.78
1196041,121147.19
1162551,76646.98
1182943,161700.12
1196382,38898.51
1110447,22220.678
1230675,24040.125
1221756,13912.203
1167106,64336.49
1189435,46505.19
1175758,139597.1
1107671,25016.354
1170178,15473.497
1130908,41808.855
1093428,39614.152
1146165,53313.176
1137311,52146.465
1115355,45978.03
1152254,25726.951
1120819,41769.836
1196942,88611.29
1110926,28540.188
1146061,55270.066
1208060,39645.938
1145988,58626.156
1191108,49220.043
1182843,78474.78
1234739,12709.423
1204225,27771.186
1182784,275302.1
1121524,34281.26
1191081,56513.996
1131673,25174.908
1181916,97265.34
1222626,17742.871
1094588,80240.125
1205275,38648.4
1181822,277656.12
1197182,49606.695
1134240,44849.09
1156636,31484.697
1194333,59677.926
1182763,240483.0
1162211,58534.812
1178795,65763.4
1230646,37919.562
1182610,69128.91
1146200,53887.32
1194244,40928.707
1190679,47826.87
1209970,10012.063
1210849,20241.209
1182996,119621.65
1152548,17680.98
1110582,39840.832
1182972,155576.39
1210436,24064.852
1224406,20732.938
1202400,19857.527
1096846,71737.51
1230734,57091.402
1220313,17897.504
1179620,117921.05
1115584,73134.75
1162646,35873.25
1230649,33350.76
1234765,10636.503
1199753,27047.992
1229335,17446.533
1175716,74377.62
1110929,31290.877
1205391,19772.303
1194509,38974.26
1190514,105626.76
1144580,48646.19
1214453,17266.758
1196969,51085.56
1217102,29929.406
1175741,100045.28
1181821,152431.58
1093369,33260.43
1182728,89997.01
1170499,23516.314
1145316,40882.867
1134308,46286.88
1152141,42774.492
1225234,18380.123
1156998,42871.855
1204317,23493.496
1162729,57960.934
1115006,50752.0
1151959,41047.496
1141251,79993.8
1167408,13518.664
1110862,49675.1
1214489,17775.117
1193765,39611.66
1101558,144188.77
1150636,22023.945
1150585,24760.11
1233297,10034.048
1228654,29209.227
1219096,38582.516
1101421,79986.016
1182394,58459.277
1200199,11334.718
1146431,40703.91
1093074,39339.96
1146395,22219.047
1205404,22834.48
1204368,25703.262
1167523,37197.48
1191085,52376.08
1182499,119717.164
1167006,77773.55
1093605,23303.31
1121475,37000.625
1115562,43454.266
1205132,29793.992
1151879,62224.77
1191129,56230.086
1190568,70078.25
1146345,30968.443
1233825,11348.703
1158640,19562.87
1210379,5215.2554
1133704,30459.143
1218972,27150.334
1225039,17500.291
1103729,74005.31
1175415,132379.92
1222658,19385.361
1155980,16347.76
1115504,41331.934
1200219,17356.42
1228806,67872.695
1190875,40793.02
1115363,26617.887
1156898,59610.406
1107805,56115.07
1175494,113934.63
1120781,21767.36
1204331,30483.059
1210758,10746.181
1166807,45087.402
1214537,16621.914
1141268,112950.46
1200149,31027.064
1152134,43423.613
1180710,47754.312
1168760,32046.729
1218979,86806.86
1133334,31419.906
1224499,19521.273
1190727,59614.273
1207477,25036.4
1162472,46969.72
1134392,43721.93
1103832,61554.047
1218667,92162.69
1205253,26706.27
1196788,45841.777
1131468,31997.562
1133361,37245.902
1134331,48011.91
1136153,35397.273
1201887,17373.512
1171487,101749.64
1096607,58578.707
1131425,21402.723
1131639,28100.85
1209947,12147.615
1106900,38227.066
1208171,9689.829
1137317,88724.94
1198905,8698.332
1131514,35075.348
1107790,42571.094
1225659,17065.48
1234886,27938.303
1131363,42708.46
1145887,14561.118
1170579,60759.918
1158372,27433.04
1183046,101008.86
1182665,207423.42
1190221,82720.53
1222705,14265.039
1225025,25207.03
1134380,13024.4
1137085,19100.824
1176990,23464.12
1137032,90134.87
1161900,32051.559
1115443,54983.91
1181414,67196.95
1156482,24458.719
1182035,93826.76
1207763,20474.377
1163066,43023.523
1170957,46450.805
1224759,19178.637
1096328,105944.445
1162919,30476.549
1131430,22296.14
1152164,89616.66
1131474,41695.254
1107771,37989.82
1189983,61251.066
1225845,19663.482
1197513,10987.074
1182332,138718.02
1223006,24285.72
1151533,42450.363
1157916,35414.258
1115773,45348.082
1101126,54854.176
1173334,119040.91
1141428,70420.32
1094586,73608.88
1156798,24017.188
1175771,192963.38
1151885,52307.89
1141486,48424.48
1133609,30155.172
1166899,54305.973
1204791,10366.74
1219124,39376.145
1101984,3086.214
1205215,17508.988
1230632,21065.701
1141255,78063.35
1158615,34898.44
1174858,136936.47
1133987,40726.51
1101188,58739.984
1132999,20224.035
1115904,24728.135
1225467,26733.613
1115080,41215.387
1115741,42617.566
1145948,24555.01
1131432,31798.492
1135529,44257.945
1101438,91977.945
1175253,157749.0
1175566,128595.39
1182429,111054.34
1204206,4141.817
1146168,49118.895
1198830,19236.41
1146350,35724.977
1197188,46685.383
1179898,107511.68
1101387,47640.867
1141100,25397.123
1096915,67502.75
1198054,26710.88
1217493,36664.75
1141476,58573.12
1107657,63808.492
1205305,49728.71
1179700,123072.46
1181001,74930.52
1224803,23565.639
1173752,78901.1
1218918,40834.473
1182420,108561.67
1131683,63717.4
1151500,45110.5
1224747,21309.504
1093454,72980.984
1228255,19400.71
1190873,97827.6
1191040,17540.492
1190829,124180.945
1195401,41888.395
1175019,107185.62
1115511,59957.91
1194165,68733.89
1222706,16495.252
1094577,69331.13
1156973,42752.633
1166928,77968.94
1172845,213205.53
1110954,34514.664
1151986,75300.95
1156828,35119.53
1141413,58957.797
1152380,6530.027
1137478,39268.93
1134002,25016.52
1131513,34003.844
1198833,10492.262
1204899,7478.87
1191139,52641.23
1228265,24491.795
1182868,107433.375
1157025,52699.797
1201434,13945.1455
1121680,23032.17
1096639,65264.69
1102617,73849.92
1182707,172855.66
1101168,77323.89
1175639,127297.36
1209328,12642.777
1204253,18577.69
1205548,26409.535
1166912,40980.027
1182624,284913.06
1182735,128159.05
1097026,82215.85
1157144,47722.67
1234895,23024.066
1098421,54428.492
1173052,83822.06
1115303,43002.848
1103261,48345.758
1146129,75250.266
1115352,41964.203
1115252,38355.57
1115554,52140.594
1163027,49451.527
1115606,54845.39
1145970,26090.93
1228212,14518.964
1223045,14465.643
1131628,32276.768
1137469,73962.98
1183001,128212.72
1203811,10680.018
1156729,23891.223
1210668,24940.22
1200169,35803.594
1110809,48604.32
1197507,24309.148
1093423,40827.89
1223013,18337.191
1182061,299892.5
1175385,132540.98
1212498,5691.665
1131438,49828.45
1172866,42743.785
1121622,19509.883
1101275,71190.305
1207521,27353.883
1131163,33576.293
1214288,17483.877
1175467,89807.445
1151440,40212.242
1101335,80982.83
1221823,12723.2
1115522,44684.254
1133624,56796.63
1190272,85231.68
1162934,14466.691
1117518,50861.844
1121509,32175.408
1145008,23957.092
1150701,38631.668
1131592,53355.137
1229377,22086.709
1170415,57487.78
1107791,45233.836
1210669,28292.443
1204873,6301.4746
1169284,26906.645
1101547,73411.82
1157006,27612.258
1166916,69303.305
1223085,8498.408
1134487,59034.09
1098440,54307.37
1117494,30212.715
1179732,201587.11
1197486,23910.117
1136604,16353.217
1226888,44087.418
1115681,39954.83
1110948,28319.707
1117255,32860.367
1221587,13758.66
1157139,29607.389
1191093,67820.02
1110220,37885.043
1157018,55003.945
1222902,12964.137
1190518,155454.62
1219046,15452.38
1179617,101421.32
1145908,29712.81
1230360,11268.755
1182837,98484.55
1141294,49064.773
1169280,20116.047
1234839,13569.297
1205266,34938.703
1121601,40035.31
1103915,105284.22
1100585,13670.454
1190978,63863.89
1216403,27853.064
1121607,19730.354
1204073,20162.412
1186430,57834.766
1222650,17116.332
1223917,14018.978
1225156,21100.666
1219072,47423.6
1110872,45291.03
1223098,35831.47
1212496,5370.5776
1223012,26315.432
1121527,18375.67
1218931,69876.24
1223024,14257.342
1230150,22531.826
1207840,5073.523
1170531,22707.355
1182357,150889.64
1234344,9200.237
1225968,15479.637
1210619,5255.4873
1114264,42489.527
1094234,23246.22
1162735,56700.35
1094545,74928.305
1110900,28104.04
1208111,25679.766
1200209,12013.914
1233307,9690.799
1182807,332622.88
1175477,83670.31
1152161,86064.89
1214450,26915.217
1115705,51583.195
1229007,24957.78
1182778,272553.88
1175611,353229.34
1110721,35677.414
1137376,26383.229
1137362,61344.31
1218723,30059.357
1190323,41698.87
1156948,67366.92
1197392,4039.418
1233268,18498.328
1210651,19893.846
1156407,41601.4
1210377,5215.2554
1107723,42490.785
1103808,52827.86
1115685,51593.23
1214422,25422.47
1225796,49403.73
1226902,29442.275
1131635,41751.2
1134461,52723.17
1205412,19597.396
1132385,20375.56
1234757,12845.657
1107587,49870.902
1146038,43969.68
1158061,26435.842
1178962,103437.85
1203373,19568.916
1179971,165494.16
1121535,54101.016
1107734,52310.785
1162839,106476.42
1115749,40881.19
1171223,126659.55
1201911,15413.348
1200068,16286.2
1167010,57954.027
1222679,19434.951
1162786,150934.55
1101364,57536.54
1101224,91121.72
1233258,26498.566
1110888,48552.152
1183015,90141.06
1110774,59387.01
1208095,37250.625
1215780,17238.244
1205218,11858.048
1190496,117988.43
1134198,31004.05
1195438,47853.926
1205200,20676.07
1121664,73936.88
1171833,71695.92
1107699,35425.402
1115679,37852.684
1205318,35295.168
1115701,42828.004
1198339,27793.893
1218121,14424.508
1190576,69845.39
1093338,66897.64
1137327,65988.875
1134309,34956.832
1097059,126738.93
1182658,191603.28
1103180,42935.848
1195766,17739.148
1210685,18922.002
1152201,45922.816
1171460,151369.88
1218870,28454.309
1195873,38435.14
1142286,26568.053
1115703,44619.613
1137316,60145.24
1182687,129006.64
1229644,20982.633
1210831,11184.602
1096367,67505.97
1206980,21338.85
1197116,98297.914
1092791,36665.766
1101221,78603.31
1101315,91210.836
1096017,68862.42
1198557,18600.932
1137410,46081.41
1094636,21944.088
1094635,66964.79
1190897,100652.11
1151215,30490.996
1205346,14928.547
1110891,44671.9
1101185,84505.11
1107693,59685.61
1234913,35696.914
1191063,72745.836
1115740,33634.59
1234905,49958.59
1141087,66225.86
1157033,36594.71
1197941,25763.143
1174964,85609.83
1181645,72793.02
1103828,78097.68
1152069,79964.125
1230361,8127.3467
1143865,25642.518
1146104,31844.559
1134865,21664.514
1110518,26444.467
1197278,57466.785
1167134,53029.617
1234548,13372.181
1214442,41922.844
1094471,143101.75
1134355,38967.832
1175721,30305.057
1167009,78625.73
1207934,26614.332
1096016,71072.68
1157038,39349.19
1145975,87431.055
1097073,75665.85
1182583,167772.31
1117563,3559.6238
1178066,137710.72
1196075,37592.19
1166960,48617.02
1182935,205522.1
1107726,67554.72
1190692,71244.5
1162730,55657.832
1225006,21968.754
1152107,41952.08
1227336,8932.607
1144992,26720.715
1103850,79888.734
1110957,45674.82
1219037,61630.992
1198328,27333.646
1147622,28213.174
1107716,51357.254
1220519,18947.896
1210542,22486.768
1158609,24438.389
1219029,62085.473
1147432,57855.62
1204209,5423.2197
1097813,50292.88
1221922,8678.223
1223931,13259.313
1146347,21842.49
1169273,25236.783
1152053,72265.89
1156897,46291.953
1117559,3472.5256
1157035,27206.162
1206794,11982.23
1101987,3365.9827
1151586,29555.283
1169834,13509.372
1182479,115768.695
1121621,33535.812
1218886,20193.104
1178034,99183.26
1149637,54302.76
1117482,42335.06
1110837,43904.816
1121669,37560.977
1218997,92204.445
1101129,61259.363
1152043,29222.238
1196052,38852.43
1218942,58866.445
1234168,19675.148
1115500,28601.576
1151679,55973.113
1222655,17909.133
1167407,13412.54
1227193,20042.229
1107806,43196.895
1130446,37282.895
1164958,12052.346
1218201,49024.223
1137475,38665.395
1135920,23902.867
1197670,23367.736
1182983,147732.45
1121500,29697.344
1190393,112971.9
1157969,28133.535
1214408,22439.617
1214444,31589.451
1191007,76558.07
1137102,55290.047
1203064,15306.62
1165193,44091.496
1198855,5803.22
1107800,41260.062
1115651,54385.117
1151987,32520.953
1223063,13842.009
1191067,74879.016
1225029,18164.62
1190792,83304.46
1147097,4297.388
1151833,39941.418
1141397,119644.46
1208248,23557.234
1152090,33080.56
1228172,10811.724
1232343,9161.634
1115158,34622.535
1227153,23622.297
1141446,44878.1
1227568,21860.037
1101562,115240.17
1196224,58552.176
1169311,28488.629
1227865,20943.908
1225581,30969.182
1171098,220302.38
1197091,56447.58
1136114,47524.562
1219538,8244.083
1230524,17536.846
1152243,11222.928
1198312,12396.305
1101543,461129.97
1117542,30254.09
1174954,134215.16
1196897,44130.24
1114327,39885.387
1110895,11291.367
1134306,52824.637
1121712,34234.74
1114656,20560.883
1131555,24579.588
1137405,29188.844
1158606,19927.777
1134020,36715.484
1157183,47541.926
1146121,49118.895
1162723,55846.16
1134303,60990.457
1130330,41813.918
1110949,37978.19
1207984,32398.676
1135314,28140.352
1181377,77657.19
1131479,38921.184
1162962,62970.145
1141464,50035.21
1110959,36622.43
1198854,18011.885
1195932,46201.98
1115574,54393.363
1200192,10442.838
1097129,334179.9
1158045,20626.105
1101332,80982.83
1110604,24962.873
1190927,59965.973
1215204,9317.951
1130235,29437.504
1197684,14168.911
1131247,26434.758
1225111,25809.055
1131657,29522.295
1133950,33450.465
1205361,30795.123
1121709,30114.477
1222735,11753.354
1207571,21943.648
1121714,34375.65
1155741,37046.773
1221781,19710.588
1190554,118856.34
1141516,81866.82
1219007,99586.74
1101151,38093.98
1191084,53561.973
1134435,9271.848
1131597,38529.273
1196932,68132.69
1149362,35773.29
1214054,12547.118
1214328,18189.893
1218218,30706.53
1143741,33134.49
1175706,111802.78
1099532,47300.742
1205791,7173.6714
1137391,35353.312
1170428,58669.95
1224726,16651.775
1152746,24620.197
1137339,54235.12
1228218,19463.293
1225781,14553.927
1101854,45503.477
1203095,24458.346
1198311,60135.03
1106566,34885.066
1205301,22304.52
1136174,41778.363
1107469,35619.277
1170457,51223.52
1230103,33169.08
1146398,40879.516
1156907,54363.65
1131584,38415.902
1214372,30908.105
1171550,49524.492
1097004,154856.55
1196975,85204.45
1141529,68353.7
1134164,25485.926
1228822,75832.29
1190935,67805.48
1190538,138085.0
1110873,32018.746
1115531,74454.125
1162785,147863.12
1131627,81220.586
1198266,22464.219
1182910,75037.5
1221853,14937.89
1191010,71605.18
1145936,27246.07
1223159,17075.068
1141433,121993.65
1174870,100826.58
1153333,13383.19
1121329,30845.12
1131571,63806.727
1197015,46319.42
1215645,37849.688
1166989,78410.375
1146031,34395.52
1190813,67823.516
1157138,38829.87
1101231,61818.953
1094552,147501.86
1205069,9083.059
1170331,29316.223
1100784,50923.336
1116859,14176.4795
1101376,56860.96
1162889,63926.29
1131342,26808.7
1200119,6883.645
1190504,108965.055
1200154,24288.246
1191114,43902.805
1214479,23875.96
1107542,47494.113
1229591,18971.873
1190445,63274.023
1182750,355321.72
1222943,19252.064
1191107,34771.867
1206116,20194.336
1129810,22005.303
1198718,21940.803
1204964,17029.127
1197189,51881.574
1219087,28464.947
1180920,50437.117
1130852,36173.023
1146482,3755.82
1182621,134050.53
1182703,201430.88
1107548,51498.797
1094624,71064.41
1204995,12753.911
1175174,184809.16
1219094,27293.377
1155689,10530.776
1167154,51273.86
1182685,81354.55
1137347,34461.188
1196817,55825.605
1152196,66348.24
1171905,67742.195
1121684,53508.824
1131607,47890.906
1191051,72247.08
1169960,37329.965
1162742,51523.016
1183006,94941.55
1134244,42963.125
1149929,17870.336
1167124,72269.88
1146227,117268.24
1209379,19477.145
1140569,43011.09
1110890,33743.41
1136886,149212.53
1181241,86040.52
1166546,28905.541
1110762,40555.43
1190491,122910.95
1222831,14707.533
1115495,45307.06
1121649,18943.055
1164149,36659.504
1146373,31202.94
1218585,19343.734
1227035,10394.4
1230660,43173.504
1133897,41338.832
1158553,43030.332
1151918,45788.04
1230239,40288.17
1217864,26907.03
1133571,34938.6
1214238,23132.836
1182502,209490.52
1115739,34712.89
1101181,98097.78
1115365,43973.37
1121496,50686.797
1211817,8173.057
1151956,46357.473
1135047,43348.926
1166666,61900.953
1190710,67660.84
1092937,19906.295
1115597,44035.48
1154127,31524.416
1145478,50541.797
1117557,3517.0056
1158685,30960.588
1157063,41318.574
1110225,9565.511
1170767,77180.375
1223029,22643.756
1197026,52757.324
1233310,12501.135
1167087,46312.18
1166923,74396.35
1190439,131772.05
1191118,50058.79
1157186,50071.203
1207513,27340.582
1152264,26572.766
1131461,35983.754
1149319,38470.125
1199933,9277.889
1149040,30424.799
1224574,19612.635
1182533,129544.29
1218425,71675.2
1152062,68649.445
1181400,42395.42
1093460,50586.64
1170304,24044.115
1117569,3486.5823
1136311,43217.703
1226898,32053.453
1232268,28179.748
1140297,37583.266
1131548,28482.002
1134310,63284.766
1149944,27025.559
1137438,59901.27
1207500,32742.184
1197201,50213.61
1228651,26412.129
1131274,27502.352
1182635,144701.2
1157158,38459.85
1204896,16475.096
1222960,11880.925
1194816,57428.383
1130361,32974.227
1144758,85154.734
1207215,34411.004
1190475,129323.7
1203154,11396.315
1222860,39960.81
1182391,76883.29
1190002,77387.12
1146166,57994.332
1115401,54675.977
1097066,126738.93
1197177,72327.94
1230597,38483.26
1221806,14304.355
1154420,9619.421
1218661,16790.508
1179149,72173.94
1174933,81018.44
1230034,19680.893
1196863,41583.824
1170350,50965.508
1219438,12710.842
1190571,50914.11
1167188,57397.61
1114186,40438.68
1161519,31396.574
1141260,81037.45
1204180,27498.498
1131181,38044.277
1163134,51713.426
1151851,40732.57
1222929,24514.041
1233249,6436.972
1170437,44754.113
1197124,65464.48
1170495,37735.652
1131256,37138.855
1174859,102459.695
1115521,52103.613
1145992,75676.82
1150861,24087.744
1208195,52353.805
1225703,35364.004
1220657,7808.17
1117458,43310.992
1233277,37619.195
1115769,40090.21
1208141,51878.805
1130950,36012.21
1200050,37720.395
1182546,188981.34
1136430,36649.82
1109987,35004.74
1157094,16017.444
1227171,23764.242
1141400,72681.414
1103608,79509.84
1093358,71764.055
1233314,9529.582
1197585,19033.271
1206703,29739.941
1174771,83443.29
1131634,66890.24
1182859,100553.09
1115356,60501.34
1115409,44392.113
1101524,107509.94
1205418,6889.812
1189862,80301.516
1138471,40642.664
1224375,9860.714
1164360,57040.027
1151059,45049.797
1107460,33605.414
1152059,65501.76
1219105,38059.52
1206003,26244.08
1130879,34882.77
1166798,77355.91
1210384,5215.2554
1198228,34736.57
1131527,39226.82
1174025,41267.93
1137623,40692.695
1233248,5693.527
1175228,100228.73
1190400,66160.836
1173208,67596.734
1104662,53975.938
1143851,28885.012
1143214,34084.625
1121485,24295.451
1221369,10606.408
1110778,36067.996
1162765,62661.63
1191113,59619.105
1170560,37813.43
1199488,7762.9673
1146221,150253.66
1146327,66772.08
1167024,44393.086
1107636,71337.17
1229378,26823.865
1211694,13599.586
1093465,69864.51
1228890,7962.9395
1216630,68184.3
1145913,24422.707
1097015,78938.734
1156920,57156.34
1229374,24594.781
1209913,20039.572
1141371,77383.43
1150997,39898.7
1107549,39017.516
1228846,4576.876
1232436,17567.562
1153300,9781.953
1214253,25181.775
1110541,19009.69
1225093,23070.135
1214382,55787.5
1152023,92547.49
1096258,39575.863
1110876,41468.11
1117462,43310.664
1182364,109341.78
1163072,62331.56
1233094,19698.055
1197198,66738.27
1198302,40412.812
1110825,33494.93
1101411,71945.99
1131708,43068.844
1101510,94666.15
1152037,94670.305
1107604,53273.277
1157012,33716.547
1165619,46127.797
1148144,30834.178
1218938,36624.387
1117380,28116.719
1141442,33487.33
1096886,49479.598
1218862,6310.4717
1115600,48960.586
1166765,54905.363
1217423,16212.188
1157887,30930.426
1134353,48064.09
1152030,75162.41
1103839,62773.297
1163115,54728.145
1182899,313632.8
1190404,141028.61
1157113,47570.77
1183012,207794.45
1131377,32333.855
1115412,36013.793
1182572,96457.164
1103684,47421.746
1218697,25726.068
1121690,33205.727
1214280,19554.252
1205315,30299.018
1191016,75102.65
1131568,24289.982
1226897,33077.246
1233323,16897.443
1152281,30600.965
1130468,37943.004
1219142,37363.41
1222864,12091.628
1120839,55843.125
1203449,24900.531
1190768,63011.535
1194525,37889.234
1205906,28311.578
1121576,37467.1
1103333,37377.38
1223114,21753.164
1218910,18662.66
1218689,34607.94
1175772,89270.59
1174419,65642.46
1093723,33599.867
1210648,19663.443
1110921,32391.076
1162049,37168.938
1189474,51509.258
1207643,30485.502
1203714,4533.686
1222999,26098.37
1205260,7314.8525
1162660,60367.742
1192372,34942.867
1094750,58755.168
1170717,58226.535
1197258,67856.71
1141219,64466.883
1214324,29134.5
1131441,23296.756
1175389,187667.22
1190914,68716.39
1190767,71146.87
1146198,57138.625
1193841,37576.312
1107663,50548.496
1196894,83429.6
1197194,55356.047
1232901,18253.443
1115567,74160.88
1190431,108067.5
1206312,6630.9434
1131151,39733.258
1210840,18372.096
1233087,23556.785
1141522,66051.96
1152217,51264.375
1213525,13335.134
1162852,22438.291
1152033,79899.78
1182538,18681.873
1230738,49658.81
1155463,25093.842
1103760,85722.49
1115774,39828.863
1152223,61417.54
1168036,33228.598
1149712,30743.45
1101235,86492.18
1107566,62056.938
1097001,136934.0
1219902,12863.322
1189377,50211.695
1219145,28975.865
1190476,133917.12
1182751,52726.844
1131390,32619.168
1134296,33055.96
1200151,26024.205
1185475,73457.34
1182799,313139.7
1137319,33805.285
1131494,24767.03
1146172,61704.918
1103688,31581.89
1120723,34144.586
1219129,28300.133
1162921,79346.45
1198678,17326.389
1102790,42356.18
1120879,30969.389
1107447,22149.674
1101175,46295.047
1205223,19163.352
1158119,27532.768
1225499,19840.965
1191050,72330.22
1200204,10344.983
1200203,20322.736
1094634,84918.984
1146146,44177.695
1143703,40285.75
1197071,115985.07
1210791,63457.31
1110821,47140.605
1115590,41162.51
1218088,15925.173
1218313,17822.68
1138166,43229.824
1127768,19676.256
1206637,22738.56
1205243,7887.3374
1141365,37480.824
1097005,195197.38
1175562,119498.5
1208099,51857.14
1131180,27861.008
1167213,75982.21
1115686,41372.477
1101245,56680.023
1208187,42781.1
1182758,94514.15
1166900,21459.848
1179805,100605.18
1225037,17161.74
1121703,35942.87
1166890,45506.598
1210120,7104.262
1174126,135990.73
1130251,33021.176
1226891,30893.371
1141355,92248.07
1157149,38705.754
1214524,13721.093
1182617,115336.49
1131398,32147.59
1145813,134449.47
1198348,10845.793
1097045,114334.76
1117541,23344.771
1198211,22243.258
1170311,44099.316
1152006,92603.734
1210607,7234.6187
1100029,59332.668
1141296,52532.3
1200227,11950.6875
1135299,29463.623
1179265,113601.66
1174637,140396.02
1121574,24067.01
1223018,23338.473
1096926,68379.66
1190622,49800.754
1141468,49902.113
1163023,48634.133
1170386,41376.5
1191068,80664.57
1210305,17575.572
1198111,22152.018
1208063,25259.705
1175509,91023.23
1101232,80197.82
1210832,10792.141
1107012,49461.668
1167392,4232.8457
1101266,42720.23
1155474,19811.62
1163102,46768.266
1144752,33480.91
1097134,89255.44
1182505,145502.14
1107651,72856.44
1162924,71336.49
1198644,23235.006
1131675,21511.75
1197098,63875.098
1096796,178280.44
1210778,32212.344
1136423,30445.58
1175702,151760.88
1145942,30527.338
1101255,68640.28
1223097,6942.1743
1204857,10117.405
1146296,74417.0
1199632,14475.386
1107735,52435.402
1117523,36440.33
1137418,52013.06
1234856,14718.31
1103805,70728.51
1121665,52674.023
1162833,94322.805
1141094,58715.68
1159780,33995.383
1182371,168357.17
1175406,182758.17
1156473,29750.068
1152128,28369.824
1152100,27745.904
1145924,27192.83
1228629,13001.95
1130260,37127.24
1096907,41085.84
1131687,27977.55
1210681,18884.793
1110442,22038.232
1175213,108699.15
1210724,59446.566
1131162,34884.53
1228744,37685.16
1137365,38060.137
1115441,59042.594
1205216,11844.057
1131452,26571.371
1131480,30173.87
1151131,36922.3
1097035,91515.445
1233243,21668.418
1093341,55035.164
1152585,10907.511
1151096,54081.31
1131366,34509.234
1210847,17078.781
1167115,74319.055
1225905,25637.21
1208161,18566.656
1153013,15818.717
1107314,14111.303
1106939,55876.312
1214396,40710.277
1158522,40448.168
1136877,32253.258
1170417,53696.84
1157097,50935.43
1156698,53478.88
1121516,25334.809
1210590,25676.998
1107528,52969.875
1144857,46977.605
1141344,42062.89
1230429,9033.499
1223062,11993.721
1094339,23814.13
1115528,44813.137
1121620,51780.145
1174991,86910.07
1222983,12593.271
1110878,46282.64
1141403,78684.234
1174937,152171.45
1175089,108838.664
1175446,68962.055
1205056,6689.397
1193812,33626.99
1210810,11344.591
1134381,42896.68
1196858,37280.51
1103334,55396.87
1134370,28903.943
1166460,49496.633
1170491,37546.223
1110945,19550.13
1131653,53455.168
1146277,75607.86
1131288,39544.473
1151836,45612.875
1131241,37739.0
1219002,45781.27
1137255,55561.367
1219133,49374.34
1224489,13181.648
1214165,35013.785
1175657,190865.03
1153392,18428.705
1205271,27044.975
1156682,37941.74
1130832,32865.066
1230534,58428.566
1172787,111377.09
1216088,63405.887
1161489,46033.84
1096945,58620.562
1170157,49545.37
1103902,63255.38
1142508,46660.457
1141353,73781.71
1206192,14433.095
1205006,26535.084
1179711,123072.46
1204211,4790.92
1196807,45009.387
1190766,61409.867
1204590,18850.281
1197114,58128.83
1162539,41401.84
1096965,89509.72
1201723,14286.291
1162571,50805.85
1162791,143938.72
1173195,143451.0
1165735,43475.242
1146388,44619.484
1224518,24279.584
1191477,35449.87
1162755,12073.583
1156687,29666.715
1145722,42809.754
1150225,40825.906
1137348,30174.992
1152240,60050.44
1121483,24399.59
1196435,57745.043
1131316,58204.16
1121693,34650.312
1167202,73890.71
1117484,39849.38
1133076,40387.227
1142106,22730.885
1205417,22177.385
1110136,32680.166
1183004,95551.766
1101210,87677.875
1115687,43529.965
1107696,48665.355
1145919,17064.959
1157055,48756.082
1190532,107605.13
1233336,11076.68
1207965,28909.732
1200188,10030.977
1145928,21995.902
1208049,36409.305
1175448,107025.555
1196036,55157.8
1141238,105955.26
1152387,32422.229
1169924,54019.453
1166974,73328.555
1108540,29786.35
1225963,24255.701
1190575,53607.504
1155138,13186.111
1191028,71279.914
1167144,78580.83
1156191,18327.488
1106995,59241.523
1207850,4841.176
1103794,59404.344
1222695,12774.63
1107661,62246.848
1132534,34023.664
1093437,49988.33
1115569,39607.39
1115603,49970.69
1179479,28557.805
1141858,35244.445
1190971,76011.27
1190644,61099.73
1093227,55228.336
1181760,143914.56
1175081,94527.49
1173021,107643.31
1141642,30121.17
1218615,6663.8643
1228870,15955.485
1222792,11801.617
1155996,11991.776
1196985,61168.35
1137330,38450.355
1103914,63032.27
1205185,26919.863
1193193,34602.1
1141288,54808.734
1146055,36362.496
1158630,24670.47
1222552,15675.2705
1197017,40959.008
1131273,31752.674
1118326,23479.988
1230731,27885.676
1222053,2175.4326
1141511,82499.55
1131268,21285.01
1149364,31543.814
1218926,13781.681
1151740,41877.01
1207010,16648.9
1096377,45934.203
1228543,17622.701
1146169,71669.734
1219063,39823.242
1233092,17555.906
1157085,45022.91
1149076,26454.152
1207520,14248.438
1121591,33627.887
1166945,71644.59
1218577,28777.861
1198340,58378.215
1197247,43800.094
1218856,39682.402
1232254,19103.611
1107512,28501.918
1105289,31285.416
1115623,51361.17
1101329,49539.89
1120312,47344.43
1234831,16866.918
1151372,30131.627
1131232,27327.783
1210686,13219.667
1134299,51444.85
1130902,37201.562
1165666,50527.29
1210554,30780.06
1210660,15949.339
1211784,7029.2065
1219081,46332.9
1210729,10741.386
1167061,92807.695
1198858,9113.854
1134368,34787.324
1190426,141028.61
1195331,38490.86
1143687,60723.945
1166952,96593.13
1196185,37037.695
1163037,71405.305
1180528,139050.34
1092919,22118.98
1140780,54407.473
1103889,68982.57
1115756,46235.13
1094673,76695.305
1233287,18170.457
1107565,61793.84
1101457,49794.105
1182757,126986.11
1217406,10959.552
1190378,146627.81
1110525,9599.47
1138641,38031.145
1197105,86236.195
1182564,119914.05
1134416,16233.771
1167026,44966.824
1101191,88335.805
1151895,43344.63
1166889,45327.977
1230045,29440.002
1230676,52288.836
1195740,58995.145
1182887,107528.805
1115398,42550.027
1170771,119710.43
1175608,278676.12
1207827,49786.13
1137278,50227.69
1174644,63408.55
1197661,21209.672
1110784,31293.025
1200205,26802.666
1197700,32986.145
1228882,21841.281
1205232,48719.363
1152166,95901.875
1204974,30478.729
1121504,16684.424
1139580,38686.01
1230612,19878.787
1210828,10745.371
1230686,17553.629
1190849,82769.93
1137149,41099.516
1189974,44763.844
1141341,60676.71
1225044,13105.5625
1134030,28388.12
1157189,46734.113
1103804,78939.41
1149045,33399.56
1167376,7183.975
1107713,52158.797
1107731,50788.168
1174327,26510.623
1170477,47096.254
1190735,56406.52
1097037,119441.195
1234742,17941.133
1218215,14021.01
1141276,71114.17
1134462,59574.316
1233074,18675.979
1191066,70677.4
1207852,27410.47
1157628,17941.664
1190555,122503.83
1175707,158736.27
1121602,17547.955
1156319,30711.771
1152239,40182.727
1176735,79861.086
1117545,27494.484
1190414,141654.6
1129529,40693.043
1197759,15858.307
1168069,28522.855
1103121,39952.656
1197127,65625.5
1131328,16472.756
1114736,30468.76
1202175,23220.74
1097024,91416.44
1225204,18763.24
1141088,69647.445
1131335,21810.248
1141435,89678.3
1157021,41383.484
1162952,83450.695
1214629,18554.176
1163098,31891.85
1162252,47256.42
1224691,13045.744
1191054,120260.25
1203143,24655.701
1107143,28889.97
1229163,16893.705
1166838,90448.734
1156618,54944.176
1141393,78363.8
1196822,87679.13
1182825,88621.766
1133071,41913.29
1207710,17081.469
1233276,18826.082
1166311,44768.453
1204829,20523.68
1141460,49866.863
1204515,12859.729
1141421,62971.047
1182600,102117.1
1190603,55857.93
1190714,68294.54
1156990,14280.284
1137460,38881.97
1162692,21439.822
1182558,124096.305
1158671,42713.836
1204764,10788.539
1129765,31444.668
1233099,41574.11
1107152,34298.203
1205571,23651.691
1094641,82774.586
1115477,38358.207
1101402,47461.29
1101511,85270.945
1207868,31329.904
1101990,10223.456
1203733,4887.039
1183024,105068.86
1198283,25893.395
1152615,16005.168
1093402,116348.22
1134374,37570.438
1212512,7540.31
1175620,183493.6
1151805,35235.203
1218937,41855.21
1137436,59952.133
1141386,71546.81
1156317,14164.9795
1146096,113531.8
1163010,63039.844
1191008,57971.492
1130741,35171.01
1134193,28238.826
1134860,31154.709
1155700,32011.053
1101200,86153.914
1162753,13680.666
1138165,37078.516
1228719,56270.695
1224365,9403.8125
1131637,21449.598
1179702,106821.21
1152238,45089.684
1196935,66224.086
1182525,117881.36
1115568,58402.16
1225114,12629.606
1225825,18446.799
1133335,34636.37
1151230,24466.488
1233278,17223.652
1230708,74205.664
1137423,70182.58
1156030,31598.46
1103894,58521.81
1234885,26508.322
1167244,62472.062
1151923,56288.406
1234636,10813.095
1145154,44347.05
1110831,36059.156
1158689,29131.5
1212491,5455.917
1197081,48497.176
1225395,21858.494
1170496,44243.344
1190942,73310.87
1196537,57379.387
1141552,72767.9
1174934,77639.484
1214492,23736.336
1167204,43981.8
1093522,382727.2
1196223,41925.44
1104887,33644.246
1146213,56384.47
1101182,94740.21
1121595,72868.45
1182747,116418.7
1197517,12381.761
1204877,19967.785
1131550,57211.637
1182952,217190.14
1182694,133757.58
1196626,45480.223
1197233,62923.56
1226879,32037.227
1213798,10039.619
1210802,30728.178
1223106,31333.041
1156750,35729.066
1151915,53836.93
1146256,64158.805
1151909,41486.227
1137374,45284.508
1200200,31379.541
1182697,135088.77
1203707,4655.3135
1234551,15314.621
1228657,29049.188
1101519,85651.56
1177224,77067.77
1117527,27398.162
1218873,30399.537
1146092,62387.875
1094591,41630.29
1182719,160581.36
1094637,56456.68
1162573,50387.5
1121683,33760.242
1134467,61025.598
1151818,44847.125
1093462,63351.31
1145711,77069.164
1230312,23013.068
1146366,19225.113
1101492,90947.305
1174500,135448.55
1218934,70488.19
1096931,67144.484
1101336,71188.41
1115565,32898.527
1219070,42712.492
1170104,41081.96
1107748,46624.78
1141244,117517.234
1222899,17032.295
1229579,19574.291
1167043,59782.05
1230398,16224.377
1167185,57687.305
1159515,20560.1
1190460,132600.03
1170107,30689.05
1117556,3561.865
1234898,24091.328
1147571,16528.682
1107532,46443.984
1145196,65290.34
1226876,34281.035
1143256,26823.328
1173904,258559.25
1234661,14916.181
1205222,111706.11
1197637,10024.952
1205731,24795.648
1156706,13395.628
1214428,49415.934
1210811,10943.029
1216439,16290.083
1205039,5822.7725
1097032,92453.46
1164950,23594.197
1190450,158227.23
1224221,24833.441
1141179,64318.883
1128196,39476.42
1162770,95534.73
1225961,9902.424
1134490,57865.332
1101557,54885.312
1181314,84153.91
1170443,57790.77
1146724,29577.107
1101186,84512.766
1200201,12582.516
1146310,143899.73
1131422,21768.895
1130644,42301.926
1152181,41847.945
1205273,47175.64
1103204,70966.0
1210712,21298.676
1181817,126799.984
1214374,49413.863
1101187,71959.99
1110830,35942.938
1146483,5269.2935
1163086,43111.83
1137453,39242.2
1182820,93391.734
1221443,22977.957
1222403,9590.841
1121578,47320.684
1190787,60333.844
1190890,101003.945
1166913,55091.145
1117460,40842.652
1117515,39498.152
1204775,18015.51
1131434,30759.93
1096993,58417.312
1171996,63408.125
1096921,41520.42
1094582,72141.664
1141062,38388.58
1092885,27928.393
1117459,20076.701
1141214,41529.848
1222836,14349.703
1224360,10542.905
1107099,38389.64
1221775,13294.196
1222958,24157.564
1131510,32460.531
1166920,69421.38
1110853,51144.543
1134359,56005.58
1110807,68238.29
1195425,45899.96
1110799,49892.027
1101490,107380.83
1213658,13219.944
1121349,53158.684
1141389,53635.375
1210808,18870.695
1233183,17390.701
1161458,46563.55
1131311,33993.793
1158666,29578.855
1189932,108383.95
1205383,14540.4
1222973,8229.982
1136657,101891.805
1096944,59254.688
1169705,41095.598
1146142,76132.21
1204371,14564.132
1175624,93365.734
1137368,50487.168
1162721,59468.4
1092916,23477.393
1131251,25984.973
1208191,55800.855
1205042,6449.04
1110186,35715.44
1152271,61114.473
1146229,59925.098
1175568,166554.2
1204967,12124.398
1182683,149954.19
1101290,64021.344
1117583,54016.156
1131382,31427.668
1107559,73152.68
1230614,38270.11
1096894,42763.887
1198613,20380.809
1103895,37752.75
1220672,13316.11
1190850,86512.15
1171538,50683.22
1113138,26633.197
1197286,60091.06
1134323,32713.031
1175718,90456.5
1223043,20701.01
1230659,62064.633
1153351,3705.633
1163065,12669.198
1169039,43991.195
1150651,25304.432
1212883,17518.977
1141542,67651.3
1132942,26412.936
1097034,109666.15
1115474,41178.848
1150543,43657.637
1183183,65464.727
1212542,9763.983
1196366,43327.27
1103838,70540.77
1205213,6196.075
1203737,4724.5986
1107698,52444.504
1223126,18343.611
1107098,31836.969
1230640,18795.441
1166907,40584.72
1227401,15752.402
1190990,86524.94
1218890,8334.82
1234340,17684.725
1156735,12100.383
1208413,30037.98
1152056,39243.996
1197244,37556.035
1093441,51356.125
1175085,69164.586
1131997,40248.69
1230687,31649.58
1190640,88171.26
1152236,26191.223
1198325,9596.147
1121650,23271.176
1152135,59405.816
1107500,45615.137
1202457,16753.576
1102922,37615.715
1156091,9902.226
1130752,32817.242
1198146,17742.516
1214439,31575.145
1224750,7577.4927
1173478,83167.53
1221739,11598.092
1157130,32202.453
1101397,63317.363
1152081,75787.47
1210759,41418.113
1162778,77226.836
1190989,67648.13
1101250,76509.164
1197802,22064.33
1197001,42716.727
1137313,86733.625
1191058,120443.664
1210661,36335.35
1131447,42634.234
1207114,11824.543
1229801,39836.42
1224755,44106.55
1219101,46756.227
1148474,22053.117
1131506,27162.97
1170444,51569.37
1197057,117234.695
1229794,12930.724
1190371,130536.164
1182556,136883.08
1218991,62667.367
1224737,12029.23
1103932,61440.855
1156387,16362.468
1107541,54606.15
1120332,57274.527
1199786,14576.346
1093237,35941.91
1115462,38034.41
1233316,27617.736
1190913,77675.26
1173035,95957.95
1203846,9584.239
1218990,98563.84
1199895,11252.851
1223128,25462.24
1190331,35993.98
1192749,32746.023
1175388,144868.97
1121588,35069.66
1175633,104550.0
1170147,5011.766
1115738,34328.273
1162842,136532.62
1207875,20024.307
1115589,53298.08
1149857,29504.254
1146400,20527.42
1218470,43856.816
1182483,132679.34
1153187,29512.611
1175995,71480.18
1210760,25819.715
1200155,24671.719
1227863,18933.355
1140936,71358.336
1205182,18186.494
1106211,34642.45
1218968,60626.965
1197779,23517.234
1114144,40328.61
1190443,157979.66
1190574,65899.445
1165634,42364.664
1200198,10503.364
1141220,80054.01
1101234,53599.836
1199960,20859.629
1190803,70856.85
1175784,75534.7
1128399,37949.625
1197282,58218.04
1202917,14110.078
1182501,136954.5
1093352,58722.566
1105916,50640.992
1170497,36856.938
1163259,71093.83
1182994,148696.73
1134330,61892.22
1131706,24840.785
1171904,266120.12
1162851,61011.805
1147170,33608.168
1157046,27351.404
1151842,61591.156
1175235,89892.1
1196833,38858.062
1101205,94522.984
1228795,56798.31
1219048,61713.746
1157101,38364.83
1165772,40112.16
1222950,18616.406
1157675,25900.186
1158625,25212.438
1162961,62087.957
1182455,105365.875
1115690,61068.332
1107583,54424.184
1190562,122039.38
1190624,60984.176
1103105,14402.227
1131611,42995.3
1233224,18550.621
1228650,25561.287
1190392,107374.484
1146390,28621.523
1225891,45523.223
1169490,74964.62
1223070,36218.21
1223948,20259.729
1206091,11595.592
1175349,32097.197
1093445,34009.457
1174225,187333.72
1141462,48121.926
1101382,55031.227
1221633,13777.804
1097053,102882.69
1166258,67464.97
1207678,13116.141
1141354,91668.56
1233822,13328.345
1225608,44904.73
1219026,71904.56
1195521,31045.445
1110855,21778.758
1225757,19421.871
1162856,32837.37
1129722,23032.04
1145232,40434.594
1107571,68968.89
1121515,16376.861
1224453,19596.93
1170387,57918.887
1097018,112202.37
1133658,43489.008
1228565,29519.283
1121161,27706.375
1218583,28857.973
1200324,25620.104
1110349,44083.38
1192683,91559.62
1141362,106684.484
1210349,13359.523
1233237,16771.736
1170440,25824.738
1121518,35796.117
1218951,53935.082
1173330,90279.57
1190781,61287.06
1115577,40482.863
1166967,61467.812
1228883,42747.457
1117448,49906.3
1188123,61611.367
1101389,47511.33
1180509,33949.15
1148118,22710.732
1146045,61391.42
1130542,37661.95
1197123,75405.01
1137371,28702.486
1171095,89193.07
1175296,145517.0
1200173,5167.741
1219118,29572.031
1222708,18902.469
1161895,32779.613
1131649,34300.85
1217914,59706.047
1144533,31840.977
1233322,16582.742
1198932,43406.594
1223127,11540.047
1156737,30057.725
1167017,47538.707
1162766,70342.8
1190709,94405.51
1222931,24272.592
1101446,49388.703
1175689,86080.66
1228648,27730.113
1231551,19259.154
1208122,32643.814
1175443,108295.61
1175766,90900.734
1175694,48726.656
1182931,129803.49
1151209,31491.725
1204465,15029.356
1204965,24890.844
1151862,50200.25
1110756,37829.445
1170546,31716.508
1214177,46985.266
1134345,31152.125
1121271,34882.637
1190403,61415.43
1198304,17397.535
1131505,27935.346
1190823,84772.05
1175596,167606.95
1156671,37809.246
1195265,43163.91
1198792,18005.479
1170347,49248.402
1152635,14119.339
1096250,44391.99
1103767,63762.81
1200078,6683.875
1197924,12992.889
1190336,34806.34
1131646,32206.938
1132864,31473.77
1157064,18140.607
1196977,62925.18
1199974,27799.088
1158635,22888.55
1175667,27096.322
1101179,83933.89
1115358,63076.227
1163017,52173.67
1131566,23582.5
1163013,56460.34
1219040,9988.745
1170450,50786.812
1116177,15640.582
1107679,55376.43
1146019,78023.16
1096988,167965.39
1151628,30046.29
1170411,49171.53
1182515,103982.42
1110348,32808.387
1174832,93716.68
1134116,30284.486
1140035,66692.27
1210340,22902.72
1228691,29594.799
1096991,212042.02
1110899,45607.742
1131656,21886.152
1223379,18426.736
1208107,35638.953
1115538,38861.766
1221828,13559.052
1121580,42593.836
1190642,49053.547
1131670,58062.9
1230669,64867.062
1132124,10113.933
1167221,49568.863
1228502,18749.074
1167247,50016.797
1169271,25898.877
1209948,15642.447
1170464,49347.977
1229937,23314.98
1157040,38995.418
1218866,30143.469
1144682,27348.797
1152156,86300.62
1114490,27188.344
1101433,76067.984
1121611,52188.152
1134500,52309.24
1101553,66264.52
1222398,11776.085
1110545,43499.586
1214391,61409.4
1096882,55590.887
1131693,41114.375
1192024,38113.312
1233219,25070.71
1096880,52325.703
1225226,22458.693
1115416,46250.297
1214455,23801.484
1222748,16596.809
1136428,68350.91
1131324,21661.436
1167028,46533.63
1131464,22871.05
1197976,25279.346
1093399,29089.025
1197054,46173.176
1214544,16823.992
1222986,24732.945
1115537,43520.168
1210151,11432.641
1170473,45940.164
1219255,12478.075
1152216,61788.42
1173203,68233.93
1162610,45033.86
1207846,17419.3
1096610,64019.387
1146338,33269.85
1141277,59430.016
1227576,19407.65
1106881,23979.7
1200160,16321.619
1134371,28831.73
1115512,30463.732
1134453,18480.924
1210697,16858.812
1110886,35562.63
1205317,22424.855
1190886,68187.875
1110788,39395.562
1152258,50818.35
1131171,44407.273
1223071,30244.742
1175542,79860.78
1156483,35722.9
1138181,24400.848
1162738,54969.336
1182731,80773.266
1151972,60469.21
1121309,40766.34
1205228,20183.65
1133120,36856.34
1221832,20050.582
1137500,67995.21
1182385,58878.965
1103786,60741.09
1115641,53997.406
1174754,84396.87
1197068,109130.83
1158692,29608.885
1162872,57392.027
1233264,33252.562
1227819,16754.455
1230688,15023.939
1177653,56914.613
1162739,43853.887
1205413,28842.924
1182830,104943.38
1146214,165292.58
1133715,59858.156
1182895,113121.97
1167046,60136.98
1117174,25290.463
1184715,86986.19
1225465,26747.97
1101482,85993.84
1195875,42038.586
1110441,33089.9
1208626,23675.455
1131630,50664.664
1107586,38877.297
1141523,70804.84
1219167,24540.543
1179455,83039.22
1141243,84094.62
1208165,52056.926
1197061,66945.95
1162864,66093.99
1170422,43802.395
1162746,11020.529
1170777,140047.53
1169790,39738.45
1198446,15211.493
1152057,65453.492
1198167,24018.285
1228798,50127.535
1094602,52941.492
1167382,4369.077
1151466,51443.97
1207254,24821.367
1196800,41241.453
1146488,3357.9255
1162979,55716.145
1141402,80958.66
1167141,37155.258
1224170,16367.259
1136357,51134.4
1206645,19002.855
1162975,37490.977
1210766,44528.09
1229134,17975.387
1117451,43405.27
1169969,60744.39
1167055,81235.15
1145658,31931.596
1101219,89140.945
1179498,47889.54
1234911,27900.68
1131575,51460.797
1155895,21286.734
1152537,16304.335
1132436,9652.559
1182914,64931.125
1197045,107975.41
1145978,60231.168
1167192,70128.45
1222942,23494.75
1230633,19917.424
1225493,12365.842
1115524,44684.254
1144574,45347.043
1175204,82696.0
1157150,39645.406
1230363,10061.357
1170408,63136.953
1228464,14498.32
1141234,73336.04
1198064,22825.117
1180065,61878.113
1208167,51511.37
1131544,39910.613
1175646,103717.49
1222935,28274.154
1207628,26668.68
1219846,11321.84
1170605,117088.1
1206021,15111.292
1130726,67076.01
1175729,97654.32
1156341,33160.6
1203837,10351.714
1228688,25341.188
1110782,40281.293
1228790,59058.867
1174486,50020.23
1156393,13310.168
1136865,35901.21
1096971,10592.701
1205255,25856.355
1204750,6738.6167
1231427,13999.044
1198321,19013.479
1103758,73507.66
1198512,16454.496
1228677,20140.81
1199349,21341.068
1134091,56206.336
1101306,55755.215
1208045,35543.71
1125941,26044.863
1174266,73777.484
1131521,39380.652
1132986,25435.736
1198600,10312.93
1156979,15308.444
1204339,19421.314
1174725,123191.42
1130420,53094.137
1191018,58492.18
1163034,44992.047
1196612,34797.61
1145971,32105.707
1230705,72640.67
1205405,17560.377
1137285,77194.66
1190874,37113.855
1205100,13364.021
1203831,10338.474
1138142,37626.875
1141360,91307.44
1163711,40104.168
1208131,43622.51
1197200,55002.42
1191011,77470.19
1205862,15963.293
1208280,11772.94
1149924,34144.977
1223027,16302.019
1166964,97387.86
1198362,4326.2505
1101363,41996.715
1214387,19421.777
1131956,34321.63
1156887,53021.58
1146235,59248.414
1103727,70431.47
1093299,26499.754
1225646,19119.377
1137305,72449.58
1141493,60273.055
1121689,22396.602
1130735,53457.207
1131224,23489.307
1205420,11067.05
1167103,83036.84
1131451,38792.562
1134418,35644.254
1097385,36122.176
1170504,36524.453
1214410,20666.312
1175691,32237.453
1201279,8656.492
1106542,35273.06
1107609,54174.742
1158656,31987.006
1208126,51481.906
1117572,21514.97
1121609,50633.703
1219527,21892.354
1121705,26914.215
1110154,35731.656
1227080,19289.445
1107134,37391.926
1182370,109449.45
1131583,68854.48
1141359,72756.52
1175630,116575.24
1182367,171171.1
1214227,23506.47
1228663,48707.887
1131189,34043.105
1101522,115662.53
1103917,76277.414
1134283,62066.113
1182595,101448.695
1210825,10778.707
1175559,86308.02
1175414,170740.19
1182418,158568.17
1110358,28991.732
1130084,30349.28
1146247,79698.8
1141259,77512.61
1147114,4277.435
1151357,57258.305
1103927,117097.82
1134363,23470.676
1140740,21676.086
1110943,45135.414
1131389,37858.785
1197378,16859.729
1171558,56179.484
1156994,30837.736
1162779,120418.28
1219128,25883.518
1232341,11218.038
1180808,168740.55
1234869,25537.043
1166127,27394.295
1198402,22403.416
1096982,234478.23
1190711,83477.914
1133401,20070.518
1233657,13416.237
1192537,35376.043
1167104,38659.715
1175751,104040.055
1166264,45382.777
1094133,163998.12
1189431,20854.1
1103904,52107.637
1214278,29659.303
1225878,44203.7
1172457,57939.547
1158455,27222.41
1182793,158687.23
1156980,29020.031
1170555,27771.77
1117464,33435.73
1206671,26603.346
1121656,24147.982
1141419,79012.164
1198821,5316.3374
1198918,2358.3938
1146067,62288.06
1170463,37501.777
1166998,61345.477
1182409,171638.11
1116384,29847.572
1120536,19655.852
1214334,14293.813
1190814,65425.72
1174943,62981.797
1119471,26060.889
1190507,119728.125
1167000,71850.68
1182641,201203.75
1215593,42872.016
1219102,29389.2
1170518,21388.379
1194241,37259.438
1190994,71009.734
1118578,29816.902
1174920,133614.03
1174206,70026.0
1222171,19775.434
1196029,53559.01
1227546,22300.33
1208156,44533.316
1224358,10970.668
1143956,25678.59
1134312,60935.223
1190859,121103.41
1222830,14612.882
1150163,42041.035
1197099,40171.27
1157103,52715.43
1182064,269148.2
1184032,103820.516
1234840,11105.588
1118688,21498.398
1170481,49775.066
1146063,48676.543
1141485,57785.535
1205416,19538.63
1146257,81062.57
1096986,163562.36
1131590,57510.26
1219853,19593.697
1174096,83629.87
1225916,54775.504
1140543,38952.004
1170366,44947.746
1175410,89999.84
1110841,34929.375
1182458,122136.484
1182997,154514.73
1152205,87346.05
1102918,140768.06
1107594,37110.35
1152235,51721.12
1107767,42753.773
1152108,32464.121
1175586,293046.38
1190363,159909.56
1188320,117609.164
1130830,12744.95
1167184,67220.664
1096614,63310.36
1230736,51471.695
1225830,11069.33
1141269,77406.97
1097103,79847.375
1198921,46825.703
1158573,31933.787
1107425,36735.87
1153659,32388.42
1175754,149329.55
1218839,28569.11
1152277,26150.766
1103207,36479.48
1190543,100993.55
1228352,19939.316
1131246,48318.656
1198903,23549.53
1145969,45743.74
1146153,30177.035
1190706,72904.32
1149885,16701.092
1218472,37066.28
1151943,50783.953
1205345,17893.664
1230520,35561.984
1156679,15654.476
1181977,85299.49
1170455,46090.64
1190866,37113.855
1137320,43834.32
1117531,33641.293
1097113,50335.727
1167373,7639.91
1234853,9537.61
1094309,45180.375
1206270,17792.977
1162848,59549.156
1230667,10982.926
1101460,83092.375
1097117,417954.0
1213788,27178.727
1213775,11132.31
1132523,42229.25
1093398,103156.8
1219066,29310.855
1096951,64525.62
1131257,44468.34
1152103,33220.805
1107529,55306.13
1174863,82552.67
1170434,36440.395
1191080,75142.914
1167216,74352.8
1182360,109440.99
1198060,26071.527
1190577,64265.355
1097120,67897.234
1095095,21366.686
1192369,38380.562
1138572,34638.617
1131384,31741.531
1222255,20500.93
1152244,35175.406
1195815,33316.305
1140049,54239.62
1190835,63500.047
1162865,56556.156
1157010,52464.363
1222936,29076.71
1107552,59551.426
1141322,64869.043
1225261,29411.91
1209162,18407.557
1096398,59107.777
1149094,20610.041
1223084,31907.455
1234725,29036.281
1158551,38236.8
1182897,130327.56
1137261,77294.92
1096511,114800.64
1131337,39018.63
1225924,20853.842
1172124,77171.18
1188873,55585.215
1107423,44912.867
1198160,11489.807
1190486,122851.77
1175592,167069.31
1134428,37528.0
1207920,17864.525
1167937,43683.668
1225919,51523.8
1131403,32336.63
1093433,51501.3
1208035,23952.934
1197514,27300.457
1173730,105417.54
1197464,5341.534
1117519,66418.9
1162909,94056.02
1222635,12461.283
1188508,39037.39
1190376,118064.07
1196901,44112.69
1230628,37936.85
1133999,29284.787
1158343,20183.13
1188349,43088.19
1115581,61166.777
1151826,46750.742
1222925,22579.15
1146372,39355.684
1145829,84536.625
1221532,11975.627
1224736,23272.729
1210842,11982.596
1233337,42898.97
1189333,103589.875
1101288,52672.918
1101515,85292.17
1179936,56616.812
1173727,420941.72
1181846,114780.28
1223023,19644.064
1175525,109397.06
1198193,60778.523
1205343,14533.08
1218928,13860.858
1115526,61866.133
1205143,14897.174
1131351,25411.297
1175761,126763.95
1167169,59663.64
1134197,22933.363
1214345,28589.332
1133610,44549.754
1182454,188984.4
1182950,92680.24
1182729,100131.85
1137259,89465.59
1204270,27751.727
1150914,31298.756
1143775,26753.812
1115414,35059.297
1158440,26802.053
1131071,33568.066
1157140,41515.395
1198334,44209.56
1115621,51361.17
1233215,22486.297
1141104,51566.227
1137342,42585.43
1182516,83058.23
1157108,31443.738
1222086,6617.3296
1227221,15885.977
1145990,26338.229
1227641,21076.03
1094557,37218.668
1207970,30064.375
1148224,19860.33
1218893,24713.305
1107531,37750.59
1216763,31518.975
1101359,55483.9
1208127,39740.914
1205240,24687.535
1210769,55314.254
1198696,21456.35
1146294,76731.664
1137428,45284.38
1162655,15201.603
1162853,24056.936
1223082,47578.938
1151708,19297.412
1121563,49660.465
1175567,134030.45
1204838,5990.7866
1207963,30662.896
1096449,21153.334
1144745,30968.738
1230698,36524.0
1233050,24379.355
1204993,12754.252
1223995,26311.467
1203969,34501.438
1208160,42184.973
1151981,47612.07
1196806,40880.332
1175348,127648.81
1206714,24963.684
1107739,54225.137
1110936,22480.936
1103858,49671.17
1218840,8029.4585
1224729,24470.758
1101317,53123.008
1171742,97421.305
1205291,22134.195
1207941,24768.162
1206073,22113.328
1227817,16940.832
1205219,5867.3945
1103761,74577.49
1162799,140465.0
1137413,38177.156
1197395,16822.34
1179642,107808.305
1115561,43061.12
1233113,39472.434
1144778,37228.004
1131419,52407.805
1107580,39834.598
1152634,13854.132
1141351,83427.45
1233109,14259.64
1189890,38801.773
1101259,42716.523
1207581,11238.769
1134423,37423.426
1156908,64805.6
1110792,40693.24
1167074,45245.44
1131352,30554.453
1103849,76091.055
1131173,39728.676
1190847,100475.26
1131391,31188.54
1131261,26455.918
1107424,44681.656
1152112,50819.13
1121261,24073.965
1162898,73255.93
1204651,16713.33
1093240,56771.61
1162364,35970.473
1121606,33074.945
1107672,38124.035
1115624,61369.996
1130849,27588.963
1141396,74123.695
1131253,27691.898
1145914,43947.67
1234890,32900.566
1096969,98194.09
1101571,85911.13
1121596,46935.51
1167409,39376.07
1197493,12798.164
1209938,44086.156
1190896,81372.0
1182945,131297.39
1218619,16666.28
1230230,24102.451
1158702,28622.068
1158221,23715.904
1175765,100876.59
1234131,12989.16
1136634,47219.164
1225282,32609.775
1152381,6131.082
1170461,42864.66
1094651,90497.74
1141543,57445.363
1110956,30320.176
1195520,37701.73
1103753,39095.473
1131631,56217.164
1146248,76526.17
1198305,14105.947
1218721,8109.5854
1138588,40382.145
1107658,45261.797
1137323,43112.32
1101504,80137.65
1197063,55493.848
1140050,34226.902
1205357,17810.191
1204482,10905.274
1137298,42762.785
1182630,289848.9
1151245,24063.498
1103910,76798.29
1167050,101376.26
1205050,6723.525
1107722,52456.008
1149069,23356.998
1141453,41709.453
1174234,86780.45
1132188,29065.094
1146308,42758.953
1141329,37203.086
1107727,23860.346
1134491,54366.81
1167139,72024.664
1162734,55929.41
1208162,27400.018
1152031,60454.74
1210722,28605.504
1189553,75447.16
1107668,48199.73
1210747,54784.02
1225700,20146.266
1156952,53121.484
1094001,51189.582
1110414,62127.11
1103876,83970.64
1196769,38704.35
1150619,28786.48
1197125,38214.31
1131260,36185.93
1116970,28929.975
1101214,45971.676
1115357,59959.51
1131437,23200.021
1225950,28888.098
1151890,41468.977
1162885,68706.56
1205075,10101.671
1154573,7949.608
1182430,168836.97
1223118,23774.08
1198333,42292.367
1148467,42863.27
1156359,17126.54
1210692,30116.545
1128090,35841.62
1097125,61733.703
1121057,25029.145
1197435,5522.0405
1181300,147219.67
1146206,121149.38
1121474,28331.701
1110913,34331.516
1166985,79259.48
1197115,64911.746
1173765,70417.164
1131557,34400.934
1145289,33863.43
1107633,71842.94
1093435,13826.875
1111002,28486.701
1096898,43748.79
1146730,16596.3
1151234,18370.309
1141395,55269.59
1152065,62482.49
1214540,16243.435
1151804,46417.414
1228683,23657.668
1101354,57684.992
1225820,13738.639
1219126,29653.45
1156988,41696.605
1182397,29611.512
1167075,65214.293
1197151,52872.01
1197479,21896.654
1214317,8417.754
1145350,27806.354
1197510,21584.662
1175603,338136.53
1228610,15028.311
1117508,39329.344
1136850,28791.064
1133349,33583.242
1141430,71168.24
1222994,24149.25
1182628,241563.8
1220644,16042.485
1224738,15886.492
1210710,33285.055
1206561,29216.86
1155887,28147.115
1101874,37002.145
1163436,41652.688
1152120,40817.34
1182444,18656.592
1175554,158372.02
1214368,11270.228
1190362,176434.45
1166883,45110.973
1101229,50542.42
1146291,168662.67
1146210,80241.5
1156953,51991.832
1182795,180177.53
1204191,18598.395
1151913,46742.316
1131326,52328.246
1146157,32693.88
1225751,21823.084
1103867,75435.79
1167114,54234.45
1162809,77164.19
1227526,24785.482
1156779,33746.883
1228844,45619.227
1150592,37627.02
1197279,56555.508
1110859,38613.695
1182461,117834.04
1196593,39071.69
1234894,26999.799
1181744,172276.19
1121790,28957.799
1150198,31422.484
1115720,44451.043
1182913,64959.8
1162202,53759.97
1222648,17428.707
1212906,20271.441
1203834,9603.123
1163036,45873.617
1228199,17969.662
1215219,18097.148
1141203,117260.75
1115778,45220.637
1145987,31122.043
1205422,13726.59
1147098,4297.388
1115505,46285.38
1131276,29109.477
1205212,9872.514
1183023,218802.58
1121640,26071.627
1178741,62009.434
1129348,22917.928
1196950,73438.71
1147108,4298.5195
1162534,68364.984
1167110,53928.45
1166968,15948.73
1191023,70428.85
1214354,26226.666
1167210,64008.4
1131537,34071.56
1217754,7538.606
1137109,30302.484
1110852,32647.832
1206985,39518.12
1228738,16149.354
1150771,42793.914
1110911,37144.664
1152376,6424.351
1233037,14308.161
1137293,42894.918
1151367,39436.086
1110935,27576.152
1149009,22749.645
1134072,32466.29
1190822,98013.25
1224740,18578.912
1197039,52753.55
1151945,60453.816
1152042,75501.86
1152225,23884.73
1218888,33825.73
1225871,20510.512
1182893,117530.45
1094593,86541.85
1208181,60179.492
1156709,42001.68
1169320,12868.107
1100260,40781.465
1190929,99908.17
1222984,14382.421
1130439,46067.22
1223083,14295.818
1115386,36199.047
1114755,30573.371
1101576,65816.79
1117287,36953.125
1162870,38302.168
1145957,23311.18
1208665,15105.385
1101556,71663.586
1221821,13437.941
1152237,48795.48
1137295,42333.363
1101414,94112.55
1207782,41155.49
1115767,46479.562
1217604,26493.059
1110665,25654.209
1121672,33697.195
1208739,10731.874
1137244,45619.92
1217158,20834.857
1190733,57997.316
1131466,32805.227
1146218,34525.2
1228834,26107.93
1218948,13025.916
1141284,66666.836
1196887,68279.56
1132748,39071.17
1133616,33586.094
1218879,14241.306
1135398,16320.576
1162267,25955.797
1233272,33282.992
1228625,23559.527
1183982,41709.61
1182734,104258.87
1101349,57739.92
1146015,102461.45
1173034,74600.4
1175557,166608.69
1174798,80569.31
1210836,31142.412
1197212,63697.715
1163085,32163.506
1107777,49248.402
1146253,67357.23
1205560,29808.174
1169963,62355.695
1170750,78314.34
1141237,63050.004
1233324,17600.363
1141247,83071.46
1225925,45062.902
1180173,96219.945
1103872,67829.21
1210779,103888.555
1096963,121828.555
1117574,38529.383
1179664,108010.94
1187667,39323.645
1144742,78066.77
1134138,48898.57
1147910,40345.23
1182853,70387.42
1115696,37839.258
1204194,4099.1577
1205363,33866.918
1163071,10979.952
1197949,11120.839
1152159,82138.266
1190729,63666.438
1210814,11181.605
1225034,28027.035
1107670,44007.562
1182449,107449.875
1210654,14625.388
1093407,116226.67
1146243,93724.01
1162798,93075.29
1096902,52746.66
1214426,56556.91
1190556,145030.84
1173496,83581.63
1150503,50011.26
1167227,29670.422
1094621,66655.96
1154563,16235.196
1157160,30046.316
1169746,38107.387
1190657,70838.61
1189372,111429.58
1096989,141596.66
1207680,17737.355
1107518,46024.445
1234837,9742.349
1209903,11879.668
1166519,47695.28
1117575,27540.436
1137256,62795.754
1156968,45503.996
1170352,44072.41
1101276,61697.152
1190991,72420.64
1110947,42791.914
1173331,106941.69
1205254,16013.092
1134377,50109.992
1156335,20203.102
1223089,6580.6587
1162899,56086.07
1213281,5662.121
1200146,7209.328
1228878,26078.84
1129734,37934.5
1175775,87213.45
1218902,46072.535
1096867,51438.18
1190838,37239.152
1151581,48244.754
1157303,30658.043
1214417,59343.645
1131418,29779.959
1234930,30726.096
1147053,16880.273
1182520,133848.69
1143995,29835.049
1161758,12555.749
1183043,136955.67
1158398,26214.688
1153353,8076.321
1200191,16839.338
1107543,40276.492
1146329,34939.434
1157122,48942.426
1146024,90742.32
1132392,29846.291
1141327,58544.75
1218176,25738.29
1230052,24436.85
1101278,53699.25
1156357,41016.508
1190602,77836.836
1133697,25377.174
1175550,157735.62
1190802,65950.12
1107747,38873.293
1204195,5558.142
1100848,33737.33
1234925,11923.434
1207269,29740.707
1227446,17561.164
1131549,23401.39
1140560,38100.59
1203820,18562.99
1131188,35338.414
1103938,68972.375
1134395,44013.1
1131652,61936.09
1121529,16534.217
1223067,11280.68
1115426,62197.004
1107997,28315.818
1221080,12997.003
1110923,34339.473
1116071,24132.006
1141425,140997.02
1146719,30815.717
1205283,19965.824
1230664,43593.523
1233261,21378.957
1163015,45513.5
1167238,73180.87
1218713,89323.734
1152087,85546.17
1218941,78141.11
1167059,74911.234
1182576,248873.69
1144632,35788.812
1182906,85007.23
1130334,38714.43
1174526,105088.91
1213332,28609.598
1214217,20533.783
1175739,153886.52
1218374,16015.291
1146219,127640.78
1141295,46121.29
1209905,8699.61
1103892,107922.08
1207809,25510.973
1146336,56000.824
1207450,23283.918
1182378,105284.016
1101572,32317.701
1175334,124383.74
1148111,16891.111
1101291,65219.953
1199751,13683.511
1210707,31032.717
1162892,66815.77
1152018,79571.13
1163057,11128.584
1170418,56210.3
1214147,14688.47
1167049,34196.07
1167253,66202.43
1234132,19337.998
1180792,107258.73
1196963,54343.9
1131271,41936.28
1218877,13090.698
1210695,16214.215
1193821,36117.63
1133993,28020.621
1175513,95742.95
1137340,53780.17
1233806,7451.134
1156958,39944.77
1152010,75485.95
1222941,7585.5327
1158650,32423.682
1162875,67293.59
1163129,41770.08
1133399,39193.242
1156464,31448.807
1207822,15327.4795
1166772,44546.992
1225236,21712.002
1233181,20493.639
1134254,46262.605
1223086,17785.547
1162888,58906.71
1168144,34017.145
1131201,40952.758
1219526,18494.166
1158399,33968.68
1190384,107709.55
1202893,23603.47
1182824,92764.78
1161243,17185.438
1194189,38077.234
1210799,39814.66
1182852,61476.254
1166885,45281.227
1101163,63056.5
1107736,33457.418
1190888,42403.63
1103905,65748.16
1227911,28985.512
1233193,29190.68
1197008,31902.89
1172458,58400.156
1210699,7571.576
1130742,43355.582
1223039,20578.695
1193331,33875.12
1196379,40721.035
1136664,61626.703
1170404,38246.137
1152077,39175.453
1197082,77604.25
1166979,38607.324
1167161,75916.445
1170484,51011.996
1182398,27041.105
1190959,116902.664
1233207,24229.898
1140934,58941.438
1224664,26081.004
1137417,59946.59
1199926,16351.782
1110820,46201.543
1170186,42940.72
1140882,61486.164
1175753,68845.67
1094655,53483.57
1169675,41680.742
1190759,66360.52
1163009,54295.98
1195399,42217.613
1233289,5924.816
1107457,15191.965
1157279,17938.379
1137303,42748.92
1163082,47768.844
1161541,30996.957
1182327,110778.266
1214451,21273.768
1137249,38602.54
1162896,65578.64
1189858,66798.95
1121497,23928.047
1197496,17372.7
1146082,58747.887
1139582,43541.88
1180501,162520.89
1151570,34743.89
1131368,33488.223
1223121,17147.768
1182590,33730.57
1141554,77860.97
1190635,79095.4
1101318,74818.2
1223672,17757.395
1097121,417954.0
1146070,57832.945
1152191,61844.9
1151139,35172.824
1228818,45593.176
1101215,87967.414
1222378,11464.981
1152267,42524.066
1101509,80851.56
1207288,24400.312
1180950,252614.77
1205199,8025.3784
1175560,90903.08
1207048,24642.678
1183007,148342.2
1156902,39607.504
1190465,134536.95
1132750,32900.188
1167200,77384.016
1210793,15786.782
1190893,50453.81
1158449,29076.156
1097023,88906.37
1093419,42972.676
1117549,44360.965
1141211,104281.34
1141246,73882.82
1094619,50084.957
1189106,40694.055
1153298,17964.744
1219082,30672.227
1169734,39940.16
1204613,7651.11
1227419,23218.416
1097099,80783.89
1228922,17881.314
1174405,89441.54
1210557,32516.207
1152050,18837.736
1134316,61592.977
1170540,57113.184
1233291,42089.17
1198943,22498.652
1146326,164372.98
1175677,135637.14
1224293,41407.41
1137393,31034.047
1141483,45866.004
1131477,33446.188
1182447,120947.24
1152147,60120.35
1115459,41521.016
1208174,32337.125
1218936,54183.523
1222974,44465.625
1168807,41839.49
1197073,49733.266
1115496,46275.137
1190736,52720.76
1175742,138829.45
1188440,49089.395
1151637,43353.64
1095903,44451.297
1162302,44580.312
1156969,45017.887
1156989,31025.17
1167091,71812.05
1208002,23550.832
1210301,11154.053
1103811,145899.4
1214339,18878.22
1162751,13763.2
1204202,4751.597
1227146,14422.94
1208040,10342.518
1205098,11347.415
1094622,59457.0
1167918,44407.527
1094664,72413.18
1110765,39180.2
1107782,50832.457
1117481,47795.184
1101365,53776.38
1155271,14177.575
1110850,48890.457
1158590,35325.07
1210717,56587.45
1182462,131645.56
1152276,31709.49
1214415,47774.04
1182579,158397.98
1103755,25936.545
1191036,120492.49
1190464,127385.164
1132758,26219.713
1103754,40686.562
1222166,11539.958
1156930,72082.45
1228777,25806.225
1131689,61996.78
1097020,92491.734
1228854,35459.508
1110834,35751.05
1205274,32792.152
1208193,33393.38
1142222,27745.111
1174304,64152.867
1219012,44331.32
1179037,73105.74
1128424,32189.896
1175447,91702.75
1168011,40706.28
1094623,70002.37
1173709,133895.42
1224427,17826.709
1225886,44136.004
1190722,59499.824
1156500,34884.332
1195421,42688.18
1182552,119067.59
1214388,54615.574
1135531,43922.152
1205384,17146.312
1169850,29668.838
1224779,13723.618
1101139,109726.51
1192323,33988.38
1103640,76408.25
1103864,47044.945
1225716,18574.926
1173212,101064.94
1225970,16112.939
1231750,9774.558
1190470,118206.93
1150588,23264.252
1131259,26947.04
1101501,93037.04
1182699,122706.23
1205342,18307.941
1141375,29003.873
1196934,84109.62
1207261,24203.133
1230610,54814.85
1198249,18550.549
1151914,57107.793
1170507,12592.779
1190780,42032.734
1225232,18844.924
1197434,26203.865
1180822,107496.1
1134419,48254.188
1121191,27019.35
1121407,41746.82
1093414,74184.44
1151539,58132.656
1233662,14527.814
1162830,94733.07
1167197,92987.55
1109956,33384.56
1190511,152661.0
1229080,30999.676
1131874,20119.367
1145999,133361.72
1194533,93082.39
1214347,37408.617
1103751,33231.8
1234435,10918.574
1156756,32419.508
1198864,19208.217
1214513,16403.605
1097016,132166.98
1138217,43476.445
1145998,26521.75
1152022,92426.66
1152083,40876.63
1151887,48990.246
1170478,57197.4
1203904,27865.473
1134403,50676.938
1110868,54644.805
1219071,49027.355
1179675,111012.836
1188904,67495.28
1182829,110904.8
1174217,135772.25
1131429,34941.703
1167076,112706.63
1182573,149988.22
1130670,27306.473
1218971,51641.13
1158552,12928.615
1171124,42211.414
1145313,24287.064
1157105,61559.035
1101415,79535.78
1101384,51893.5
1204224,27149.71
1182598,209686.61
1196346,72797.95
1101322,53106.848
1214406,26505.113
1147110,4298.5195
1196016,53089.38
1163053,44243.47
1179553,105593.42
1188852,47999.363
1131484,34395.812
1218915,38741.355
1117487,36654.82
1101343,75667.08
1175429,90075.92
1167040,36503.387
1140969,50626.844
1131497,33972.176
1146022,50594.99
1121542,23595.684
1093442,50316.863
1226910,32939.81
1131498,41257.387
1210110,24851.684
1146021,76945.79
1100519,61962.438
1190040,62528.332
1207921,13805.24
1191125,52180.14
1167191,24457.53
1110928,46093.19
1151703,18813.428
1195320,37062.96
1132969,22236.428
1162652,47030.812
1175206,139231.6
1110893,24171.186
1175441,107130.84
1162912,72875.125
1101164,86455.4
1115510,23597.709
1175748,93893.625
1234854,15752.253
1197080,63606.477
1115607,46533.05
1097017,104677.91
1140212,72475.22
1214254,27716.127
1209750,20057.545
1190417,114244.945
1228640,9969.312
1208173,32425.291
1134176,29944.08
1137472,73344.08
1208113,15506.514
1146005,51855.26
1234897,23776.348
1196392,47760.008
1107729,38217.516
1225889,31610.215
1115446,13956.707
1096916,59436.363
1130751,55827.31
1115744,28826.506
1214420,53891.12
1117517,43524.027
1140287,41639.94
1096465,75237.21
1151642,30689.666
1101324,73473.39
1127439,36258.402
1093343,45007.066
1194585,24473.885
1158707,29469.412
1137415,49465.727
1101357,54599.484
1104582,30607.066
1110565,42130.816
1169540,37120.617
1219060,46987.28
1101464,66685.02
1094627,72365.61
1178259,72454.28
1115604,55648.28
1182902,134645.67
1234754,13512.412
1182814,214926.3
1198906,24721.13
1182489,120980.7
1214363,12975.664
1175673,89479.42
1169043,61896.23
1228338,22623.186
1197196,49766.57
1222934,17834.514
1182682,131232.92
1224942,16958.078
1182460,142008.58
1208204,52472.57
1162880,86930.96
1233196,15177.411
1143458,36934.664
1221484,23252.074
1210704,70143.51
1121528,24807.498
1121241,26103.746
1121594,39536.48
1145901,29718.365
1153003,14631.038
1230645,21555.615
1158703,29778.396
1196748,35387.855
1121490,18473.893
1210307,23069.475
1167101,65706.73
1170584,50130.64
1115653,39038.508
1198924,31479.172
1205356,14640.585
1190472,128277.29
1196898,60627.137
1115639,47766.34
1190825,74454.266
1208183,30356.023
1121534,49147.06
1228850,26953.72
1218940,13672.292
1151917,59364.703
1208093,34424.824
1094653,14587.735
1225887,81340.89
1225865,22197.041
1175791,108463.67
1228867,31981.668
1210262,12456.483
1198281,43043.59
1141096,34619.63
1170616,98300.26
1182634,135382.94
1222824,22974.299
1208110,45792.535
1225958,13041.466
1223059,16703.18
1224141,15303.817
1094639,54134.457
1182967,210826.94
1197581,18170.215
1133909,36877.68
1115354,31872.541
1096750,78884.84
1137367,50728.773
1155486,25039.791
1115449,38113.457
1096948,81166.07
1117565,3519.1462
1228296,26655.914
1175362,130228.79
1096052,28678.326
1096980,245039.1
1209459,27194.672
1207620,19898.666
1187684,52159.69
1162728,58128.332
1166897,41455.85
1101254,42739.996
1225816,17853.709
1218905,23497.17
1189316,66765.39
1103869,52871.457
1157027,36099.863
1197281,50025.098
1137395,36738.08
1214400,59683.785
1224552,21311.719
1210776,51213.36
1196928,68875.75
1203719,4655.198
1134590,32348.66
1204132,7992.314
1107754,51098.957
1107581,52295.72
1151858,56831.305
1205217,35978.984
1214478,22498.695
1205188,26465.104
1175345,114683.01
1115661,53199.105
1227412,9779.742
1230448,21953.988
1101512,104617.43
1225956,30696.926
1189752,70898.16
1226920,20341.002
1115369,41337.492
1234872,25981.875
1190834,48415.242
1190462,154522.55
1093416,41131.51
1121068,31977.703
1182919,64931.125
1190704,95558.055
1190418,118103.04
1146473,3309.929
1205367,18367.629
1156978,29962.877
1222933,18515.29
1223011,14322.975
1152111,44690.18
1181276,247562.02
1230561,30470.01
1174981,56924.6
1152114,42458.62
1233331,25776.61
1131346,45299.28
1174640,59677.355
1175575,198043.77
1157024,59815.13
1136863,36539.156
1218921,14598.813
