meter_id,0,1,2,3,4,5,6,7,8,9,10,11,12,13,14,15,16,17,18,19,20,21,22,23
X5,5.716232493431591,5.699227248382583,5.688702091585885,5.673792097156704,5.667782059942691,5.5440613567546215,5.541788803621249,5.644072402418086,5.707390961040952,5.727271918566329,5.710306153056728,5.707168982586567,5.717174701224792,5.726291732203659,5.727178888378479,5.736023208066194,5.744694369700161,5.739925331090832,5.717998221972037,5.829225478528988,5.839995891507397,5.845136323018863,5.824298525343822,5.787668070823524
X7,1.1554454942353969,1.1625452631417623,1.1525327115206008,1.1535451983899778,1.1507568689041507,1.1458140575907856,1.22863516015376,1.6546166838353962,1.895103594300961,2.250923296861912,2.3104868562101366,2.4611209508711633,2.516617565972782,2.428266347005943,2.387062470158773,2.3418332258556713,2.2698831255369303,2.2620070675067696,2.1627226225150595,1.4205699815786108,1.2696537554658138,1.1929721166171712,1.1858981613060426,1.1732946714405543
X10,2.39505083083821,2.3818407630410023,2.3649576320398262,2.357339799172534,2.3519739206716563,2.340252391182433,2.348629780860646,4.0729492447109426,5.2222886204876575,5.233984037386607,5.406466418599619,5.804844886780991,6.371729619811971,6.567157936102712,6.479178151705434,6.391025283199232,5.90637904566578,5.191508839876658,5.073995113089298,3.147796876250398,2.532638399875726,2.404670238627221,2.4558281369264314,2.454669502059
X16,3.342379343207046,3.3278347920038507,3.309470557261903,3.305133391884257,3.297497843329678,3.3117037513163123,3.3322300459725276,3.3966447491886163,3.655580737109955,4.119561702440261,5.101522213224598,5.6929516490637155,6.188179138594168,6.202573258734992,5.801247934745445,5.508665159325535,5.4664146851568445,5.432203691506987,5.662646814112175,5.7110459022747015,5.668572895752671,4.5998542475055295,3.4958029454641997,3.33240468624569
X18,2.5554182142082453,2.5556140539335157,2.5567523818366125,2.558053098969841,2.5608515357374158,2.564345299968809,2.7210668659939037,2.6959370847745467,2.609604845580171,2.5918920465678164,2.5910313345924574,2.5937885730111065,2.5950081081304543,2.601890859546195,2.60420764539201,2.6059493276394257,2.6041565407851373,2.5944636292048466,2.522833331120982,2.516638518278032,2.5213917453191264,2.526159863279028,2.527147401035217,2.527685018794167
X20,0.3455921900181741,0.34554898561884445,0.34515621983587647,0.34385387820933955,0.34222512869990684,0.3404322703518296,0.33756802203540903,0.3337633945870949,0.33129513937720867,0.4735379755135733,0.4828739917221341,0.6461689344066663,0.7404924218366233,0.724718027847839,0.616497304380851,0.5967848371661856,0.593492561111409,0.5991053157701244,0.7483757921504768,0.825651047510417,0.8295037554725122,0.6313173586952974,0.5988598665199406,0.598815759891291
X26,1.0469411189377744,1.0464598619630425,1.0419884717708907,1.0371935093331046,1.1358735428692857,1.2955834197757676,1.1649417123268884,1.1119736926680206,1.2471818510905148,1.5028943309653768,1.5174560648163118,1.478979689365365,1.4173613200362976,1.3961125436849287,1.3593859602125786,1.3056757804407693,1.2854525312807086,1.2905034560936408,1.2778875129837814,1.2723502492375582,1.268460499477475,1.192510185619399,1.0799408082687634,1.0369677666248054
X30,1.2873009168680383,0.866821889272916,0.8198417287970061,0.8086261268554011,0.7965681975082286,0.7876253729269377,0.7828406183270765,0.7808565437012733,0.7796437132491445,1.0252442871642182,2.4879353185923065,3.61698969885596,4.092136732653645,4.495285446224152,4.592974201980084,4.33306782636272,4.2941942296265125,4.347613064895381,4.4100238405351195,4.404900777465635,4.522039714197982,3.7823890305056116,3.293613110606164,2.652361687653567
X31,0.27237489156325884,0.3153461052983711,0.331443603143416,0.3311433138749889,0.3370207291620203,0.45876447174198565,0.48371595554884417,0.5070960687419798,0.5109352582172053,0.537543405202131,0.5558406036038914,0.5546763734085942,0.5404995351386115,0.5390329034647531,0.5467781340967118,0.5522187676712329,0.5472186903781574,0.5281768798907831,0.5208518089094109,0.5094536280338531,0.5065750485970744,0.4870143811258618,0.47157783778752954,0.312357394430593
X32,0.24705494984134643,0.20810964674448112,0.18311093150987184,0.18205587662015346,0.1958701207830803,0.48182056469433154,0.4975615715018172,0.5112140284270219,0.5105244888077282,0.5663406149875285,0.5660103785156545,0.5932246142069616,0.577603791496061,0.5688105130894152,0.5716698396382323,0.5550870132740281,0.544693768906128,0.5517989510575982,0.5605775941600445,0.5471298102482358,0.5463538572485372,0.48411493897453745,0.4551576495450932,0.2332812725684602
X35,0.005948040534615175,0.005948040534615175,0.005948040534615175,0.005948040534615175,0.005948040534615175,0.005948040534615175,0.005948040534615175,0.005948040534615175,0.005948040534615175,0.005948040534615175,0.005948040534615175,0.005948040534615175,0.005948040534615175,0.005948040534615175,0.005948040534615175,0.005948040534615175,0.005948040534615175,0.005948040534615175,0.005948040534615175,0.005948040534615175,0.005948040534615175,0.005948040534615175,0.005948040534615175,0.005948040534615175
X37,6.16121822516247,5.569926736725835,4.406904111941278,3.052902927985785,2.6343332509800765,2.5741693992697243,2.568191213119466,2.56895975281042,2.563620484218097,2.5629633211349487,2.5730718695665407,2.5664664396507484,2.565632064675363,2.5851224819593104,2.626926144627801,2.9173284537363324,4.611991386488314,5.744177135481836,5.959277522957919,6.20528258343161,6.2590766066097885,6.287499107176826,6.371141062577509,6.408468016031641
X41,1.8024259301955714,1.7699127660684146,1.752021708678917,1.7401110898612804,1.717715628128213,1.2318627567735443,0.9477696459035885,0.7610088787945044,0.7223365701039137,0.7430489242963079,0.7612224762786259,0.7881782523383775,0.9699909728340795,1.35158987001931,1.6972043452125354,1.6855454232392961,1.6867346932828344,1.6812320975602422,1.692890437022485,1.6946134911485538,1.6963578869546847,1.7170094396753552,1.7655605020435274,1.7770887801885542
X42,0.4319813260718692,0.4212142685642842,0.3933237084287237,0.37788859227792154,0.35405351444962907,0.31766583939481446,0.30735191631274,0.3032317842278276,0.2831169551081646,0.34521797205350463,0.34767903016919416,0.3516808412455171,0.36328853189405486,0.7808254211793376,1.245296350379303,1.2989070034610741,1.3707205364778503,1.3740864979316265,1.2998785907602612,1.1269500053647366,1.1073416922696533,0.9808533395738943,0.9800253436065722,0.9799392618070308
X43,0.2911051562734666,0.2913826744674618,0.2917728360193509,0.29149259527151206,0.2908433243644331,0.2897348885699907,0.2831648103124112,0.30461374878981357,0.5849130091633138,0.45117368364328353,0.4343001977498508,0.44139902178310486,0.4450184063146402,0.43441731887415885,0.4337870206523787,0.43136612390246465,0.4295959615299667,0.4272581615652429,0.4460460345650473,0.4920723793162914,0.4904215917817217,0.31639397431320254,0.3092334554375241,0.3097445861337652
X44,0.08126960082142619,0.08177829493331766,0.08082728743955783,0.0810330298821574,0.08153209271839579,0.08385698592129595,0.08606064114847653,0.09295303994982443,0.7182733335500872,0.6007557258978671,0.5065408474460389,0.4464959106027018,0.414495527472349,0.3619817178692677,0.3291112249990838,0.31600379267441175,0.3386626956947533,0.3826440660049604,0.43348000869957404,0.29408791639644455,0.04525653790687331,0.09549889308083967,0.09692685658288058,0.09660704857354531
X47,0.09181914784588541,0.09181914784588541,0.09181914784588541,0.09181914784588541,0.09181914784588541,0.09181914784588541,0.09290103332335121,0.09168125767732639,0.09168125767732639,0.10290581865713098,0.10697465489559699,0.10224838077101395,0.10224838077101395,0.10224838077101395,0.10224838077101395,0.10371260908257086,0.10561196873982681,0.16137531298505134,0.2248590326283433,0.2298763537504905,0.23035256171458893,0.20676758309464563,0.20311147123343176,0.20311147123343176
X50,5.163583653415388,4.659651667088787,4.310545394142826,4.156124765343183,3.7983692701897303,3.6337066123609607,3.344693179743484,2.964427527216956,2.790241086211086,2.9297774842768476,3.0832191310638852,3.171747513894867,3.2553214639669026,3.2461150087883026,3.4691014622899123,4.0075085903775145,5.456095477429151,6.95920910623575,7.202095807152944,7.066202516626485,6.458562839094137,6.371372195413972,6.315562912849443,6.244138139270649
X51,14.90769041284832,14.181058933099544,13.376620619273877,12.52370195852906,11.517647169448276,8.419341835379415,7.447252055879385,7.354544746260652,7.34890245462335,7.5955404742425845,7.789437802525581,7.852117098081937,8.266428792588025,9.028504625512836,10.190136711141115,11.509124635982516,14.093427019126763,16.67095899530305,17.24257803993539,17.369811127936718,17.449625900973025,17.086161257308017,16.326790459911408,15.737559876281702
X55,8.395792242630138,1.3907958033196965,1.33350873762887,1.3469314047955643,1.3594895555571633,1.3655223093230489,1.3704619318850257,1.380717481827309,4.908418998992418,15.927814509596915,16.159809699970406,16.164499398303235,16.32430039776546,16.534301487386237,17.026576912600188,16.972654349892068,17.008054881320994,16.943678410374012,16.659403801504606,16.47882173624903,16.435785900769226,15.148541059925677,15.02364428687839,14.712383004438532
X59,0.6708002224829199,0.6190038791049667,0.6062783273569318,0.6001491829474749,0.598236149154554,0.6002563420982077,0.602834236879776,0.659514665280557,2.4558148785681295,6.306978096253765,9.096461036451107,9.912888255507845,9.740920324113397,8.627777608013874,6.542681526624769,4.785374376294699,3.9309736161113196,3.84127736444102,3.9119425403916623,3.9494408416792526,3.9050704088426382,2.490911276710147,1.8071630725169212,1.050950401301332
X61,1.1892718634514885,1.1356246333862237,1.0234847223867625,0.9858004583541214,0.958914403660236,0.9612886170208395,0.9720409972488406,1.4348671358080902,3.1133031678911687,4.094588038624637,4.590306774928185,4.621566009751906,4.460750623196671,4.465475285221512,4.469288702824901,4.504115486985244,4.859007068678447,4.754918403919335,4.535912908646602,4.058362354045214,3.942913260092082,3.1886438114386344,2.802396224600188,1.5656159701458099
X62,0.2081736671292889,0.20796846118363707,0.20794382326453498,0.2077015974450528,0.20771083569888066,0.2082990427052274,0.21456322393732502,0.22403221972797088,0.2745985078447505,0.5186995989892997,0.5221064663087199,0.5580472213589216,0.5850326828197792,0.6042199414666425,0.630344714243755,0.6456557469657402,0.577074748676722,0.5690910685840694,0.5689353742497392,0.541479026384318,0.5282665117383079,0.28867573341779384,0.27643157198410984,0.2762295787287272
X67,0.4770311475203052,0.3864701741266808,0.37915473055994137,0.3792315360349596,0.37957345700964745,0.3804929477748956,0.3783767852175137,0.3794070530266164,0.3867735531624491,0.47838656880366787,0.5323236089630586,0.5576406950776622,0.546545173161955,0.5425297193624664,0.5149660902812463,0.5101478095517304,0.5205002982965414,0.5806726561077554,0.5600983455891148,0.5031757343317333,0.4763696609991476,0.4793798900615565,0.4802153037967803,0.4784265821968574
X68,2.212467315669973,2.207376825657417,2.197802287122962,2.1804803763743155,2.1479490153315273,2.141774544675024,2.1182070913695314,2.2758462982586254,4.186273100209274,4.177606036821752,3.623199119923349,3.728942888466286,3.974220672484014,3.9502359329454078,3.533324413895153,3.3850068899109726,3.3326253573561426,3.3689096193128885,3.379397479137785,3.333396121178922,3.081511711026625,2.2551128149820765,2.1348725935397606,2.0245196304955604
X70,0.1783358753188361,0.17790408792905807,0.1777947641953507,0.17769984764206595,0.17767020895557145,0.17759776152650486,0.17701781577442155,0.17772404641827563,0.20702955069911003,1.1366798722598184,0.8514448386061017,0.8433827623502483,0.7675446129876986,1.002516310237988,1.0564526386205484,1.0414714520555655,0.9284568115507823,0.7694631445416399,0.6909328503124983,0.4965005556566026,0.35367508692276706,0.21399862753196855,0.19447966433774255,0.18529194787047792
X73,0.06094267443995718,0.06094267443995718,0.06094267443995718,0.06086133889004544,0.060862131941195476,0.06080955254764552,0.060574057274021535,0.06061444815834623,0.06189345056223561,0.08100398035144275,0.1869213645267991,0.20525614351746996,0.20962079655301513,0.21794919134422247,0.22606523463035527,0.21293836857677667,0.20839144592416842,0.18942554846431967,0.1403438791514428,0.13066100129005556,0.11141999164045348,0.0682052593054868,0.06354676186341643,0.06354676186341643
X75,0.5492991162104646,0.5403776232150165,0.5342933322355422,0.5293583925034664,0.5472457682698717,0.5831027202708119,0.5661930540796918,0.5531789863386967,2.0832584993094145,3.4404562790411006,3.640626910650038,3.4239618488593124,3.4236823928226277,3.247699916588351,2.7183715971426863,2.333461788678411,2.3579910759789104,2.3782946229547415,2.13413740784461,2.078341470776218,2.5088665660448566,2.154152233427511,2.0670188598037664,0.6195507672237496
X76,0.30762195444092744,0.30097871342132587,0.29833338373424656,0.3034405344078668,0.32228434600801276,0.3294635112098227,0.33569230128685434,0.34324190022282763,0.3509080719876313,1.0496277006448205,1.6830293559978342,1.7064498787306808,1.6873196779854043,1.5804235411994674,1.5828587750895913,1.5888676645554183,1.598137161853894,1.6068314618595194,1.3285390753851074,0.6678635901912615,0.6565097486117382,0.5118858552106805,0.42805731414175197,0.3877611586940704
X80,5.300149394358984,3.3120716917828052,2.7984918846993816,2.5074061948650117,2.293493316338739,2.2041359922081893,2.236660472519967,2.251409306931823,2.2100391349962747,2.4466138681017986,2.5307265053456303,4.351521926223753,8.040363592903386,8.5560681167236,8.871538631492555,8.92478047299701,8.944554906542917,8.920050406233905,8.958471936349085,8.991640964810852,8.789751883249465,7.26780618777751,6.291820989612629,5.082600070504824
X82,0.3513906977383043,0.3502918349513577,0.350688404567157,0.3502238150416611,0.35032738466491903,0.34995562621110676,0.34928805756474973,0.34964463703168025,0.41812209081740254,0.9975650888749851,1.0148571517041785,1.0168453613382133,0.9817986407303072,1.265060201013062,1.255822493049172,1.2268396463004037,1.1716861979086426,1.1315266710786211,0.6973041972150378,0.4517873711350539,0.38253840597708366,0.3593315888479197,0.35680350199510413,0.356547494186635
X87,0.4526110647829438,0.4493488203900291,0.44924775389547417,0.4509591520286552,0.4498785744287743,0.4443590967662332,0.44062438362076606,0.7662484099023723,1.8202129325396865,1.7378232145709196,1.7246100007488123,1.7013835636789039,1.827169430141991,1.9557880273812054,2.1522603746052504,2.109365023036217,1.8972313866066,1.550261688855809,1.3400883730971735,1.2485305170692769,1.1369701873862381,0.5577179413543903,0.5080242739592926,0.4957985526476364
X88,0.15497136318297827,0.1549113026677046,0.15498598251132575,0.15511856604027127,0.15538019676857745,0.15548779292403986,0.15546082400974773,0.17793881285039462,0.29217980824322337,0.2652206565726709,0.26491947480861877,0.2696813087713059,0.29189162013200165,0.410977499009583,0.6062355649596252,0.6704753531865635,0.6887003489260176,0.610644766685417,0.38149641637133697,0.2800448152301751,0.2344643972243681,0.15835955661739806,0.1558599007898302,0.15493140531093985
X91,0.37150286499713736,0.37150286499713736,0.3725505854862834,0.3738301746506444,0.37400493516096944,0.37393257040224515,0.373887556837841,0.37458349539150093,0.4179794524619139,1.8200933611157888,1.74848631430236,1.816061810645998,1.8677470836827972,1.9995456472406832,2.020918952170604,2.0506658171833316,1.854380448908198,1.5549740011938953,1.0998990723638877,0.713798361365083,0.4936477019361917,0.4279855669973196,0.40189927595117314,0.3947659700157034
X94,0.032405141389328825,0.03240163098390483,0.03239555446236255,0.032419214973390544,0.0323210926388314,0.032285538288667176,0.032220707749520704,0.032190228889711056,0.03212257552669782,0.04274187131018853,0.04340159743284233,0.05017330577444475,0.0568321927581568,0.10407257660444191,0.12781815090980309,0.11331828344563706,0.07003282467892874,0.04497750009677385,0.04242810966337962,0.04007344533263428,0.03858129237231148,0.03396531776086601,0.03162160007025111,0.03107191895900109
X102,0.5028217062522816,0.5030467419851421,0.5017703519223378,0.5009275266242488,0.5000365566993835,0.5019799200727207,0.5026248491149732,0.5066066559482371,0.9993517237296209,1.9839125396416557,1.981254829214842,2.0065428854696696,2.0635334887814976,2.0654166620548766,2.072714733999823,2.1080328715375343,2.1525890188949406,2.1261464698239,1.6248967623195625,1.372593864297306,1.197330690609718,0.7078774385603185,0.5939257579135216,0.5834169529146517
X105,0.21967900504378796,0.22000396325296095,0.2195968775749512,0.21946377640987375,0.22007361990316487,0.21996035574382689,0.2208914468716097,0.2235822009749438,0.3807154502363518,0.7178552194134397,0.7133755047347259,0.7040226723794754,0.7126921014859517,0.70330602767366,0.671507732062839,0.6313824736884377,0.2926060296986838,0.2398653665449472,0.22557799984215793,0.22576252634507557,0.22378098643846903,0.21366122287505537,0.212943409257738,0.21300752328947697
X106,0.43844687375625263,0.4381294462029654,0.43772142973070455,0.4384941617653734,0.4391410722309338,0.4395947785087725,0.4393654819095417,0.4410461244703302,0.5013408416289035,0.8468310226118789,0.8505003366256916,0.8550595827563839,0.8353312498502767,0.835734072506845,0.9253474735557338,0.9494535940092507,0.9505425721640264,0.9173896799814732,0.6003547321766551,0.46773360294871635,0.4580801668845965,0.4397111071875369,0.4367324050591152,0.4369047152668504
X107,0.07236610318863158,0.0724178777799253,0.07294869425439467,0.0730443680504574,0.07311809792694367,0.07284706558836293,0.07264110076744502,0.07286280743145745,0.2579437039416862,1.0552919180784042,1.0779926841585121,1.0587079987200956,1.0206700731550438,1.1386441088033366,1.1872030931263102,1.1808510223061304,1.1026971129500849,0.667268547338586,0.20017007181012128,0.09380054270340223,0.09182265757652729,0.065659393919141,0.06550102506436428,0.06522169128009174
X110,0.1963734484586197,0.18121705254964843,0.17750740045047017,0.17760091583964377,0.17786204784042017,0.73002569942595,0.2930958502218799,0.23062359954855732,0.22852711188860367,0.43580281231054696,1.5519275407856483,1.5912158175724498,1.4476263460187528,1.147311507011462,1.1150660563198869,0.8306866206686863,0.45016489999063086,0.35260242555394067,0.311017395679384,0.2944026492852783,0.3084135835937216,0.2882559514508035,0.2977847865729792,0.29291095602141626
X111,0.18261019150520763,0.18090198387510384,0.18216686668958035,0.18441035219888377,0.18260497487823696,0.17924109384732653,0.18087873231621723,0.18025467327450925,0.2528802829281247,1.0375533043248744,0.989583330551382,0.8666532405296515,0.6449873464143802,0.9480472967099043,0.9837966586110947,0.9714026790670657,0.9309601772058546,0.6841665783882226,0.2436904632670399,0.227902887931778,0.21256686418854256,0.1863101347462053,0.17811619564189904,0.17823182832043583
X116,0.2584238986111307,0.258905348361804,0.2576930945428361,0.25464949038534845,0.25355224379236724,0.2522526692875261,0.2578309184896771,0.26186116442674234,0.2789334826935993,0.46874586248496053,0.7735693748680391,0.8855348864196518,0.8904899431428999,0.8753944911373813,0.8490799966426149,0.8269830960265883,0.7342153405128228,0.5150636997674637,0.379022973105274,0.36674049969666456,0.3595428898763651,0.2953250120401475,0.2940444554701025,0.29374831945968344
X120,0.34958492880069075,0.34897863976362326,0.34850050203128463,0.3484569899901494,0.3473536647759087,0.3487737748718713,0.349330800062832,0.35421311405167105,0.99847142187605,1.3966698111310745,1.4170740262759232,1.3992148709976902,1.3707609473893225,1.441798906009575,1.503554883919862,1.5237964933562729,1.4891926379422857,1.4364680974447246,1.2774706606926425,0.7721515451541572,0.6794908474891534,0.593917475947739,0.5915391842049765,0.3558393838582857
X123,0.43104282705345964,0.43098861907189273,0.43054569697779094,0.42965488555866754,0.42943657443136696,0.42831553677671336,0.4273758309244762,0.43013624780865045,0.43179647298906404,0.4779520506544404,0.5807192582258338,1.03044643175418,1.1033265916373323,1.137707278222219,1.234660327541083,1.3339280101886364,1.314640035755031,1.2648320901206191,1.2709450332683394,1.1665970940229538,0.9932660948166211,0.575485287204433,0.478717670939302,0.4789014413479088
X124,0.23223428343095753,0.232054373203612,0.23195886216740574,0.23079425311867735,0.23091350639506703,0.23085276983386033,0.23208796438340185,0.26665858993838004,1.0139845889588661,1.913704963614474,1.973311320675826,1.9804940897674363,1.8845481693512771,1.8608049169911962,1.8595299095305042,1.8571363606383726,1.8557675423885143,1.8294399287050158,1.050473189473089,0.6883043385558183,0.5803010111755682,0.3142458836984499,0.25983061838891347,0.24563757634078534
X125,0.2323934867126613,0.23269130240478314,0.23323433146387043,0.23318198595013703,0.2342785368043717,0.23492272357550922,0.2363648926725801,0.2538314051952966,0.916986944475444,1.2869132003791992,1.2690924976961198,1.2501013637688059,1.1836737457132958,1.2119436462387538,1.2163234276887054,1.1970686067750316,1.198488888424181,1.183458857288429,0.5875320348502735,0.35181314642682315,0.31641266024537335,0.24808944501829464,0.23859278709309342,0.23715546345893554
X126,0.05469273159578616,0.05462783744937603,0.05462794055587858,0.054507267604052584,0.05474842794214453,0.05543073156073133,0.05616692581623073,0.05591710090410748,0.055299524995605476,0.04297491943246745,0.04512861165415964,0.04703314675310472,0.13643473473097686,1.0141732439794857,1.2997617465094966,0.7167807518646507,0.10258533281810966,0.06402489366798361,0.05027911774277671,0.047298954105453275,0.04665060907917382,0.05581599996637446,0.056635536976736706,0.056694532525101746
X130,0.4128490030555382,0.4048528102900635,0.3996825726893371,0.39833764441625275,0.40006316330176206,0.4003429228899083,0.4031389582495305,0.40779449087187325,0.4383826562661309,0.4189409988924179,0.41366486834426486,0.4175006153165986,0.4126835629477986,0.38804483657723887,0.3831406069693928,0.3815826389763817,0.38323110223395135,0.4071665098024504,0.46380811316683135,0.46584985736959045,0.4791831910133145,0.47738601422204696,0.44702950810130504,0.41573288495923905
X132,0.38230184472024276,0.36030338846569854,0.32349961153244666,0.2997340067914682,0.2791096714136969,0.2734568627892282,0.27576074174982734,0.3035981844811781,0.3037223351777191,0.3119678694924432,0.3216482799404432,0.32614524674386114,0.334307411323733,0.35970359873626023,0.3613747738404043,0.3646757498474451,0.3963093427010623,0.40459079067880627,0.41386993188196025,0.437013229893639,0.4706989591338244,0.47095396757625685,0.4520874223783453,0.3883720084065686
X133,0.3241333257386383,0.2604878101366667,0.22559617519075284,0.20052731154092204,0.18644768608166667,0.1843685093279772,0.18701372143784653,0.30250942595330876,0.27511543777920333,0.32197692852085485,0.3127612749646611,0.32207376775920876,0.28325713036140243,0.23337592397946064,0.23004883235410672,0.23492377435878606,0.2497506820620775,0.31661357213498387,0.3523926561819276,0.4141705732365049,0.4741860668027847,0.4677644234874291,0.4585576714105027,0.3556516918612771
X134,0.39544426289788215,0.3772421788288454,0.3403440584202812,0.2961098445755239,0.28106316158956296,0.2709438897311072,0.28434408799062827,0.3184507417450728,0.3132093070841883,0.2533276898335895,0.2543298076183319,0.25900416085969447,0.2619705130277901,0.2646178857389864,0.27291160334934056,0.27120872513800603,0.29650189930194937,0.3630301553884968,0.3615112414425518,0.5686333474779295,0.5805008749545298,0.5602760528861706,0.5210005597873618,0.5209752714416153
X139,0.37795551334148625,0.3636516725955258,0.33874008951660417,0.32579653740988035,0.31191226571462943,0.32118119020911806,0.32339985481292965,0.3851085775559275,0.3566938881943254,0.3804953278804912,0.36952901710763486,0.3444718490413878,0.3406239338317823,0.33536180200259064,0.3683703930365055,0.4359257403478588,0.44439867896149976,0.4735840367834889,0.6348104176591263,0.7380109323063484,0.7748917439538956,0.7867369916103347,0.7418675141238462,0.4655888469905059
X140,0.3619943958432887,0.2543444371489876,0.22543105480248138,0.21727445958895455,0.21718317837323073,0.21659508839083802,0.2205346972726326,0.26311988923115176,0.36872245490236416,0.5178559766937909,0.5197127112621339,0.5199881790505831,0.5214789533796009,0.5112681565926884,0.5358475246933267,0.6022860140072561,0.6709944489686287,0.6646881911137936,0.6728047282112496,0.6284362116535591,0.6234604828193633,0.5838149176789029,0.5877385898052568,0.5364866017369512
X142,0.4784076909096876,0.3472798876577668,0.3032729755473756,0.281408440182374,0.27889042423012456,0.2804087092033416,0.28433746586253644,0.3482846066239873,0.37735044220674474,0.4076206465383503,0.33937125855460426,0.3124703786544524,0.3308454451835401,0.32268647835171355,0.35226420803757463,0.45018665454428863,0.5061392454456511,0.5213465365452555,0.6085426129898526,0.6704064728568195,0.7524592926316273,0.752114296169758,0.7566765420951745,0.6401096252123026
X143,0.15445331834645692,0.134868024177082,0.13212881470931714,0.1301647948645349,0.1309436069511001,0.13173955367734885,0.13520618422132882,0.227719666588502,0.2921590356141919,0.30373584609029425,0.28923319611473103,0.28698280342441457,0.29645596567475957,0.28435477346352256,0.26819402382364693,0.25667162818090145,0.26442911969261207,0.29466047985223864,0.3224198313367984,0.3186732743228023,0.32122309897664436,0.2845789467284303,0.24881460852303222,0.19638515155746641
X148,0.2464472596083428,0.22176876586659405,0.20214948740960414,0.17340194190104835,0.17351861145751182,0.17379026183873106,0.3439020202764852,0.28622752357687065,0.28512420508258685,0.3013946976869184,0.29937854515378426,0.33291313531788636,0.35232742416420754,0.3517261892625393,0.32567219042171963,0.3185721480136512,0.32431051075490147,0.44719226721868305,0.5590842204991155,0.5809805291587116,0.5925146901043761,0.5350378794982636,0.3997643623520162,0.305877618713994
X149,0.29375590738786583,0.27299556271701836,0.2570207982600357,0.25151863045086387,0.250926549273539,0.2508568113542228,0.27022925542767323,0.3861850340347325,0.34380774166645584,0.3440368278484373,0.3428592517118272,0.367036560282879,0.3612017116349694,0.3027944844424348,0.264613452323928,0.2585966684777642,0.2608999617280921,0.2690726661018901,0.29103897281109875,0.41281251572974687,0.48509808463327053,0.49633640165958653,0.4316643003470894,0.3332694709750619
X155,0.3789512003338831,0.3590985265513609,0.3456081120776739,0.3179571579601308,0.30541353870977006,0.3049637557192756,0.3073087589708199,0.2804470496300961,0.4368501414404886,0.3923311097805139,0.33460984677932337,0.29323321751455783,0.2788254203616468,0.263872286372971,0.27750426387042904,0.28257566639619686,0.26349879857147696,0.260705102957444,0.27258651011600277,0.3488791843995546,0.41137038824610106,0.45593880738160786,0.4536605845048574,0.4128467395565075
X157,0.246463557783259,0.19698554048996095,0.17868469922324925,0.17285237613682436,0.17307082112664054,0.18417729711628875,0.21652500488790755,0.24679000832957046,0.2103072633885294,0.20885443486539584,0.21808745238437902,0.26982345110578526,0.2909338944623838,0.28186739949444467,0.27967296284132526,0.28407192387706065,0.2944843896234518,0.3139435469656962,0.38253255039765643,0.38534606948926947,0.38027825545898397,0.36509808375421937,0.3515346725464968,0.2813810024880518
X158,0.28387877251098165,0.2535158975676368,0.23815295603703604,0.23560052845733362,0.22601668359777838,0.2226666880616693,0.2269817754727199,0.26375888747310583,0.36965314502572855,0.4033502260865279,0.390615916086997,0.38585268838308134,0.37679823440307764,0.352431783307438,0.35388491037258046,0.3597420239058106,0.39218036986034926,0.45457410811413534,0.5614820367189413,0.5680706367443812,0.5954755350930684,0.5288831989890014,0.4689458520491781,0.37805735926035855
X160,0.27034616017367885,0.24090706923411667,0.2178036245542956,0.1971937201582134,0.1970376849441173,0.19741090469483086,0.20192748658826176,0.2794582201610436,0.30880301847978137,0.2738855659540516,0.25913693966190093,0.2579540739940929,0.25653585394167816,0.2522562110247855,0.25375427355547875,0.2515036124956859,0.2743229553363978,0.28039830453810366,0.28147072472281737,0.282360473210279,0.29106367788858173,0.29430610112981564,0.2789389308454904,0.2698261063994151
X161,0.5032104385308522,0.3658788257797904,0.33318718965785016,0.32921993855855275,0.33163443634709433,0.3643508282709136,0.3402794265059601,0.4495720897463859,0.4602166345519133,0.4971186763888611,0.5424240475059187,0.5508234541778734,0.5540919827166534,0.5276293878349683,0.5248062173727237,0.5282983339957881,0.5255237955111711,0.5203680408786882,0.5853007503046754,0.6951856219487971,0.7288217290398622,0.7553310089868845,0.7619260198944544,0.6539066365211434
X163,0.3763309957771709,0.34587151111893044,0.3054268806947935,0.2776771012556065,0.26605242087802045,0.2567544094723618,0.29927906936777277,0.3182581191897754,0.32008253390233804,0.2020746402402856,0.18955698387118605,0.19085933857417367,0.19249018814985563,0.19157270662433984,0.1855623433559619,0.18236825940532433,0.18675424709246682,0.21078558068108225,0.2467521525158083,0.3511582244450544,0.3982376831886028,0.3743006268118934,0.42606242995919313,0.4271037221083775
X165,0.3199763643706529,0.29685038782526985,0.2817683552061723,0.28265326179919814,0.2833590667190773,0.33445651695556505,0.37648486458954983,0.32022678066426763,0.30851434345144724,0.31155158300210906,0.3117305878836125,0.306917688653742,0.313584096954835,0.2902330102408515,0.2784869124924504,0.27523252727819325,0.279942223728652,0.28670859597632564,0.29513111263396746,0.3195766409137535,0.38647828964214803,0.38203530288922577,0.3759311249943721,0.2984813152008208
X166,0.5160917501695949,0.3730917968611643,0.3289857117414771,0.3170420618190137,0.3114332461704878,0.3089920877675834,0.3101493497254958,0.3453628945430178,0.47648681696560513,0.6144313798375326,0.6302134503452836,0.6252330798539346,0.6203297555583361,0.6058755844868688,0.6140730081602717,0.6210161064005666,0.6312650982520542,0.6501413116122413,0.6658869383342755,0.687778447975189,0.713732728856126,0.6749567474903659,0.6467052224138481,0.6203044050834552
X172,0.13597982485499005,0.13482603439356897,0.12999497795140638,0.1265297259054893,0.12429208603363266,0.1225859373515608,0.11608771946254955,0.1156567535780093,0.11703511884588375,0.11065451308942083,0.11034458576053685,0.11103531739513106,0.10881348973566952,0.09987732960299635,0.09878560075063658,0.09848701614226896,0.09844999809668413,0.09828608776257307,0.09874461757032488,0.09970416381256567,0.10563726980402782,0.11737314357016532,0.12498521351640107,0.1255255373679729
X175,0.3157658343203884,0.27474319085775856,0.25617803674144696,0.25313520113790977,0.25179860313706587,0.26092939152208317,0.28841588613621943,0.4103210739534729,0.3017433033450264,0.4054105168518923,0.38049267735787173,0.38091109607533014,0.379408378915242,0.35404225305040166,0.3511180223360496,0.3543811099218481,0.382951238379218,0.40347396019199383,0.415737947377253,0.7885788287935728,0.8124913431790448,0.77009976485822,0.5976108809680798,0.36023890078941423
X176,0.20574098649386582,0.19233857992570894,0.18595209824927605,0.18487587222719767,0.1850564052769111,0.1849541238964393,0.2593243373410553,0.22187115345784783,0.32295887232558995,0.4021205000999182,0.395058787064193,0.38390994606969164,0.3669784880405099,0.350012588683882,0.36406440615471714,0.3947883096657805,0.457328286375197,0.5402359939171942,0.5556181771890775,0.5407450908840141,0.5303103084420115,0.4411457015405078,0.31755619257535356,0.2722561519692805
X177,0.4628085712449342,0.28835500792518703,0.20057420868074355,0.18497431539790626,0.1812103579617218,0.18205743291023777,0.2549821609300309,0.3342505484665786,0.30182109558860115,0.31181237908405157,0.3152647519955045,0.3222730416349189,0.31669538099441874,0.2689214041704905,0.2630898451197809,0.2622366055227885,0.2824514315770733,0.28447752305896135,0.39198212207682714,0.4650661053598065,0.5463700528905076,0.5677486801157867,0.5787551601117317,0.5491822477045947
X178,0.47410645364502335,0.3994806025841787,0.3293316153958734,0.3032546225221583,0.2960409977234484,0.2979308558980044,0.31751713286980243,0.3639795232601084,0.36670035303424464,0.35966008168179786,0.35589360538304543,0.36727765859325856,0.45017974447969206,0.4380798608934073,0.4583331621398882,0.4560328931540482,0.4631907401430422,0.4596846581535732,0.4464269685963979,0.5038525283552269,0.6193790553760312,0.612568953426485,0.6114837687665389,0.5436202400397506
X183,0.2399553465328129,0.22707992084523707,0.21623242013165506,0.20529660792234486,0.20134948846839965,0.1973420976691913,0.19524229296109236,0.20916426947586886,0.21813652595902916,0.21404088409373315,0.20757088927533063,0.20935084204301888,0.20185755218389964,0.18265234917805015,0.17192267632173647,0.17335627159322015,0.17568775825380462,0.17718890926664133,0.1924898443453611,0.20654183669371906,0.21827405608786962,0.22321060343799287,0.23008332058255718,0.2297555807247802
X186,0.17624178171499558,0.16888034335965055,0.15807886985225164,0.15363739665084303,0.15132835996298502,0.14884166667682797,0.14789697157812315,0.14975331796520486,0.16540459757123663,0.24036857319183266,0.31887409996814475,0.20376871417652043,0.25064514450384556,0.2795025348537423,0.2932099973483783,0.21941850497439966,0.22352985247176105,0.24787339319500107,0.3442564046099387,0.2967529826894101,0.31455307206933075,0.3541041985557495,0.34704373021732027,0.2378031208897204
X187,0.2610127149890465,0.19416256054587638,0.1522315168307512,0.13649066088896217,0.13565750498354515,0.13600864831655884,0.18086730037386684,0.25053186029967706,0.24394189029021934,0.2849424470298437,0.29207210497339064,0.334753330310608,0.3515863561705049,0.34150659831168056,0.33691544215741925,0.330797771341918,0.3428957260637909,0.34148216197195386,0.38082424155187167,0.4149213712345035,0.40161803255360884,0.3678378115584095,0.341160424250049,0.3080568846750959
X192,0.2730249273138909,0.21729058298938217,0.21438504180225545,0.2148909299901997,0.2390853109777708,0.217599450583649,0.2115056280350634,0.2468905462767325,0.3007867789703977,0.29904736381399366,0.23983828139327398,0.24012143591680818,0.24908429809601987,0.23745418156359185,0.23083366922317886,0.23457963772190665,0.26548215941282677,0.28058444391741433,0.32287688486406046,0.3313858136579635,0.34112180147473653,0.326279365289606,0.32448209244560766,0.31667393222920415
X194,0.17464976620145484,0.16894443247188207,0.1685418083693155,0.18275422127137936,0.20881522772910543,0.164311293706748,0.166530514878584,0.20273846565049136,0.18170314889112787,0.19697882300400887,0.19869238492476438,0.20114442518561118,0.22975434965243757,0.24796217790650094,0.24386278525189994,0.2642353949277133,0.27083556664718444,0.27697059835922605,0.3296267650469977,0.2784288752253888,0.2814444578593679,0.24561003171358686,0.19601908444369082,0.18473661629175855
X195,0.3697417367443683,0.3075761419244122,0.2880482437749495,0.26834247202376044,0.26719378189544163,0.26705555427674416,0.26759652846513127,0.3519242751419426,0.3550043959610633,0.33459742761291356,0.32350816173565033,0.3372277226046868,0.3546307903799082,0.3768497377490929,0.3775724730587798,0.36468938957103725,0.3640279240988244,0.38009464315823666,0.3938430773390267,0.40361020805597175,0.4474507133905974,0.456531094123197,0.4498974875383842,0.44141055039853383
X196,0.48935057919700164,0.4715699513552646,0.4519375048984971,0.4392565114065957,0.43245118432009394,0.43632605669959396,0.43797241049667984,0.42693791543033743,0.42854520439783794,0.5273037251023801,0.5012448341426484,0.499383648409335,0.511593876413283,0.5217600184985682,0.518747691352752,0.5216208834796463,0.5514887680203981,0.5927951377799354,0.6307111961209276,0.6293744384597522,0.6149089767253082,0.586323942565424,0.5642840898758176,0.5385937772436374
X200,0.21430029629569186,0.1549257889525107,0.14688196473485754,0.144501490558609,0.14439538870315685,0.14442394786255416,0.19118748314274744,0.2466860030962217,0.27205325917446355,0.29716089567925436,0.29766566251522797,0.31799645725624187,0.31077693286536856,0.29657697705322617,0.2751702382498982,0.2674204103408233,0.2710768878924389,0.31736714154738843,0.3366270831844785,0.33481299764980155,0.36192713534638665,0.33733575484934264,0.32784514515994545,0.3024628868497156
X201,0.2587070144691786,0.19437424942818796,0.18913755174882008,0.18735843154002493,0.1870557824119303,0.18927293921951283,0.3152720178866838,0.5359008549070501,0.36233144526887706,0.31604769873647953,0.27992526588015165,0.28523468137388736,0.31026959590758335,0.27215653353146246,0.26324356929931836,0.2821512802989672,0.3380577066768698,0.4962899505371172,0.6600696510620216,0.6999864259767943,0.6900984890244924,0.6097324073064847,0.5583751719403991,0.30618985538279386
X205,0.3969635153220883,0.3308390881007582,0.2952221883259206,0.2907761473232631,0.2912156243359202,0.29693806893673397,0.31846185358937895,0.37600054581129555,0.49990646003703576,0.49757184564646706,0.4271631809104256,0.4162124256962542,0.4175267449006659,0.4062181884355206,0.40256523274981304,0.4021452578897056,0.4051120250491613,0.40426953341216154,0.46363103324891525,0.5030184180546774,0.5328712215220465,0.519684219990961,0.4550288426319255,0.4106893362389621
X206,0.4319682888288855,0.41031097781618636,0.3786264620595116,0.3484922936098794,0.3382192718356225,0.3308000129909306,0.33997236854192314,0.3625204523709923,0.3887252860641109,0.41193917680985126,0.41145682649363524,0.4076253861382254,0.3794886222397892,0.29909805085606933,0.26593877821282236,0.25739343525308683,0.25587437296260673,0.2588182540103088,0.2890583621978261,0.3196093865028577,0.36270218362714574,0.3820152830065495,0.4054019084629377,0.39973852819307476
X211,0.269553911470729,0.2685504596541439,0.268500728619748,0.2689402771084694,0.2656683589175914,0.26589296199696133,0.28815565080120337,0.29221386548346273,0.3034969238678083,0.3087480311131031,0.2990640489478352,0.30202248063035986,0.3248336487099115,0.34948514236012707,0.369207413597688,0.37868307170738763,0.43514434465170737,0.45021024328281173,0.4467288384813843,0.4139000703651088,0.3968137321584495,0.3055608544757828,0.27424164947218777,0.2509216281770146
X213,0.3088545717809517,0.29852446999537136,0.30029649222631727,0.2953384871464352,0.29682855718804957,0.312453438215468,0.2814903475082404,0.28828418830259744,0.26841581907793277,0.25521038423811165,0.25242827456219974,0.24717050539088065,0.2472803384981615,0.2466459184960274,0.24560406150749156,0.24692543828992503,0.25157479040432124,0.30091999636472266,0.3102192721945794,0.3201895049366165,0.37995925221066945,0.3810783101676629,0.3659265554059064,0.33231259859367257
X214,0.4307158529792581,0.40014785874913406,0.3824337809762018,0.3806965317385706,0.3810611892143796,0.3854712349676535,0.3953401846237535,0.42294316304671,0.429873906520437,0.42784730814600935,0.423738805746948,0.42464862350228855,0.4272568492330281,0.4243750828358143,0.42615413732780427,0.4266005732911187,0.4423492159967124,0.44685413813204433,0.48246159359854857,0.5079533594950199,0.5413008397822601,0.5502214778176773,0.5475276358899375,0.48839790924931425
X215,0.5208543679671457,0.47417909522237445,0.44980590166818873,0.42969927163043653,0.42888728763712186,0.3925609598688617,0.37037365175963843,0.37080545609702664,0.3734825105981381,0.40193275524306116,0.4276316160174516,0.46924752652525037,0.4870974336333397,0.4965167714093008,0.5429221942812225,0.5600732912462798,0.5540959570788352,0.562573209951421,0.5682475244905237,0.5941672935742746,0.6982670354796193,0.7049803454416955,0.6699725533239033,0.5995867771806591
X216,0.3204516130684288,0.19139710002233673,0.15859484047940667,0.15092963128252662,0.15007183159637488,0.14938992386835315,0.1470824138293456,0.19933764141787913,0.1777876334245979,0.2602473819423562,0.30873970927067274,0.3274834480784654,0.3297992859045704,0.2966236935637606,0.269309908067694,0.25566480294931215,0.21251492633001703,0.1858347630555224,0.17896878369209224,0.1785602142997779,0.2218218151006369,0.32323511250438697,0.4040701099517497,0.3787010091078854
X217,0.22877472682974906,0.19939573188570908,0.19767761754109592,0.19940064254310955,0.19985714053607073,0.20122811883137776,0.20327767902158222,0.196316003092606,0.18498072550488828,0.17216678458012907,0.1670861840909306,0.16696527832020452,0.17140865897948032,0.16751037056822796,0.17038873788607833,0.1916273084181559,0.2500343165223226,0.26607603154251047,0.2618976999798082,0.2819673939828574,0.2946790672294962,0.2931563200474488,0.291236553134176,0.28453249071935083
X218,0.3436158760294108,0.3450035455365811,0.33720430609290974,0.3330658214880159,0.3430644797646113,0.39850776325048354,0.368320889424784,0.30905103790062305,0.2715711516931649,0.27027941327682886,0.26043316921258536,0.2605436383224623,0.2606847555812907,0.23913484128919923,0.2341766622411411,0.24412245260389667,0.27231765819624293,0.2831989938208715,0.4095898332913789,0.5449488965931301,0.5826861870992481,0.5814643176166042,0.4517371918606924,0.3342914176035704
X219,0.1553202806845502,0.15044392360349235,0.1504796119854068,0.1526933857320377,0.1591799152115661,0.16562510903763059,0.1653084744564005,0.16274381936572505,0.16087023165085712,0.16317525889096668,0.1654090223763306,0.1684936422056311,0.17158498495891564,0.16976037709707542,0.1707817678561901,0.16940056749971633,0.1750510523123855,0.19742034229860622,0.22019174834805866,0.21776811670502222,0.21836529961077228,0.19457353048187925,0.17875953745907888,0.16457148668098343
X223,0.47000824185750006,0.3645286740377851,0.32937680990155704,0.29592568933388735,0.2929270960428661,0.294942013079863,0.42317556616612045,0.37607537434848504,0.3306244076598551,0.34619206098515615,0.345849701126359,0.35181347658144113,0.3636243311940249,0.35444746135932703,0.34420591778838516,0.33832977568610273,0.33593173098037166,0.33644867196632056,0.39831424485387,0.42323357322896576,0.47703169146135965,0.48501173457054164,0.5256532620853481,0.5242961587986501
X225,0.27768956832811087,0.23535656635270819,0.2143749157901447,0.19850311961490932,0.19926790154828028,0.20104118329600654,0.3051436172958898,0.381320372584494,0.33976881549850746,0.324585994110217,0.3232196182470129,0.32358988732127897,0.3297619971839696,0.33004210509652243,0.33969604318976543,0.35707919209704225,0.3818049796117169,0.42690260708276095,0.48955053551925265,0.4977317099673487,0.5153620060927739,0.4887990655095392,0.4787317083422658,0.36284107311378433
X228,0.3440403635273512,0.26344690977937135,0.23226744163606863,0.22974940641780378,0.2296719755322085,0.22933964702275267,0.23117486575559865,0.23683376286484295,0.32781067082170634,0.4181688736129976,0.4579250399737013,0.5269596468194362,0.5042163652771127,0.4470736923102928,0.445697714124947,0.44947846568387684,0.45584314041410684,0.4596900525205783,0.5229469108582098,0.515633386714985,0.568125628362526,0.5247505094125762,0.4255497601685488,0.3988023917360656
X229,0.3498675952677174,0.28108831122056344,0.23950072985915952,0.22715866218210476,0.22995141200883,0.23230898234548109,0.2488524724987897,0.2547279928181303,0.30489807564609056,0.4129598424916365,0.5187402229410247,0.612849117440684,0.6508044245828731,0.6101648761450036,0.5793257318159144,0.548311059888928,0.5518250621896892,0.5656680758951359,0.6609069432858571,0.7059960731780597,0.7473003428483723,0.6781290997366121,0.59343160191436,0.35491867693139917
X230,0.34929236936538877,0.3443500348657767,0.3423409249874701,0.3367719986353887,0.3344690277147433,0.3298931790184676,0.32555212323808613,0.33194410638223876,0.3312516264435253,0.3295645850524579,0.32892936105905085,0.32965963257429676,0.33129191152861703,0.33021641855896944,0.33599038340347287,0.3382560939394409,0.35177938907603995,0.36470329365117876,0.3690420712244052,0.3676793024089939,0.3678859529004743,0.3611096934588928,0.353255088891116,0.34927474060755814
X231,0.25095895557199194,0.1727979563685626,0.15099467055632157,0.14173136531443029,0.1404871009924266,0.14043496785454496,0.14176592556073883,0.14966229296182335,0.14993726253026296,0.16985587658359289,0.1886776008311909,0.2298719121746778,0.23528568156624205,0.21026516311278193,0.2011899232241843,0.19209698757338123,0.21514024064540188,0.22440044617541643,0.232465305183197,0.2659468203492988,0.3005970047335897,0.31924831089953737,0.3187526547022418,0.2894896151264936
X232,0.4771915203281706,0.47638519866214174,0.45857197348669176,0.42189010928233,0.4098136111384634,0.4062043305573432,0.416290276920837,0.5290265156075232,0.5327759805745789,0.4826096471412844,0.516603813369131,0.4557643669462097,0.43101708181444076,0.41819848447387864,0.40843529890500796,0.40823463056774734,0.4128020945068413,0.4195517111039155,0.43254751263457525,0.4637323400280941,0.5533825342751894,0.5686365586293234,0.5632027799673194,0.5113096628499089
X233,0.18354935649806742,0.15651127256447175,0.15380866553247824,0.1530443427719243,0.15336443526509905,0.15375488237671212,0.16072959442526794,0.1862676194936977,0.1634120009490403,0.16520502119100827,0.16589863648742284,0.17523344730333004,0.1841394605164801,0.178802226994165,0.18027159976266033,0.18271435150863036,0.1902168253173064,0.19661444959920724,0.24582640093691924,0.25216698373332175,0.26957518104687306,0.27204913020712146,0.2686432758973755,0.25004940903565004
X235,0.15206970466027658,0.14426207533971636,0.14363707119268795,0.14510237752901467,0.14439872363546777,0.14334059842681307,0.1481642223211298,0.1622589443663938,0.1973098247176877,0.24319459605404684,0.21187672153482354,0.19390948391165025,0.15925765922693494,0.14975006028265708,0.14581812460658894,0.14625136437313513,0.1468107062465563,0.14675061966334646,0.1498804119080611,0.152337026861226,0.15795090445555168,0.15103555172292535,0.1497275510370228,0.15051676492875626
X241,0.2448895510498626,0.22784291892829947,0.22616950549052184,0.22608663748482227,0.227799999772476,0.2717734233644306,0.3188589636570121,0.3224315793540909,0.29835586854737883,0.28209726650445305,0.2716318280152769,0.27538246576794956,0.2782170952136479,0.2762703350933249,0.2758046099911014,0.27542200085598273,0.2780838194610583,0.30873668125781617,0.3413344414535787,0.3538968165429411,0.35399573755371094,0.3319860821848867,0.28439561607223246,0.2710267555805633
X242,0.2908545656428828,0.26983838068063987,0.2640215311270327,0.25784375388520936,0.2634833453867558,0.39840216198429634,0.4557005077124581,0.4293891441393523,0.36986393191935574,0.37333396983245815,0.3945207389410831,0.40144164893757955,0.4033575793823775,0.36945118958219103,0.3259341109173413,0.3155190130152696,0.37794710397008413,0.44266495911741666,0.43768382110233267,0.40812364185797867,0.4017860247106523,0.37078641162453485,0.3315395193387996,0.28372147179741186
X243,0.2291382510166189,0.21354399294704007,0.2029942863803546,0.19996491421705273,0.20116203753529094,0.20191681721497962,0.2421695498855403,0.304967529694499,0.28275602063672456,0.2995174186226103,0.3044805054192655,0.3133595985315619,0.3151900337406785,0.30882586551379837,0.308641198357126,0.3117293861820033,0.3484943959751103,0.35017685238372315,0.35926772488670716,0.35903162860517684,0.3455538418790687,0.3058291083594136,0.26921778827722,0.24215689086257824
X245,0.2065135335049464,0.18257867187365917,0.16550147094193154,0.16300019444997116,0.1626912878783299,0.16543395666555846,0.1863550676169562,0.23191911833257656,0.24619846871205345,0.267074823818955,0.27470578583064814,0.2830473220441824,0.28672788977608565,0.26724475151540333,0.2480655894907233,0.2459981799765133,0.25991342587218713,0.29992607637255553,0.32089537497307374,0.3770149376646799,0.3828859725592326,0.3426964610841937,0.29256802854452957,0.25278783515294073
X247,0.18333635621811833,0.17283642317381243,0.1684970275292733,0.16828401196139745,0.16938610874284019,0.17357307158453175,0.24987527240670118,0.4239917468961693,0.424801368641326,0.42775000856441575,0.4076516700774797,0.40622041727467423,0.34856686400303166,0.2763932351583168,0.2758020643183762,0.2802306334641258,0.3090136499029454,0.38829887653394496,0.43037304381301156,0.425172960567196,0.40104528655945965,0.28472140115496236,0.2568432212199396,0.209591976641518
X248,0.1486798044848253,0.13084707376181212,0.12914915465590387,0.12731760626536642,0.12711523494810237,0.12818949131867438,0.1685918095298778,0.2695768737719302,0.295794798712247,0.23064180069626508,0.14651871160547134,0.13540637479527293,0.12823994726852975,0.12623853570064275,0.12558590411255943,0.12605198358827824,0.13606402161974082,0.16749029384292696,0.20742328530190945,0.23152430839852065,0.2764939980183353,0.2792273249074943,0.2702046540652958,0.22825682362343727
X250,0.542661937132649,0.48176756322172004,0.4184428901611727,0.4022521667208093,0.40055588425597216,0.4267812592457885,0.43358915394773456,0.43534433798427685,0.4256220304441151,0.44688349274506856,0.5371594286416804,0.5657946150151894,0.5698810024431118,0.5481834769244369,0.5343807048064506,0.5511837503013508,0.5677560792438646,0.5857972342007449,0.576993872330881,0.7245660615508211,0.8530982719215947,0.8882546817409118,0.8792166279884196,0.7412085581686686
X252,0.6619973119949165,0.5410234440070947,0.501090656574715,0.4744726606583958,0.4026068473171547,0.35120999410835796,0.3416720199291209,0.3414765470829215,0.34985772778239455,0.4226740646879066,0.5204473511118269,0.5519145355377395,0.5141356738991172,0.4685759212395767,0.44601068291919366,0.42454290489124685,0.4437016451725235,0.4860848104156385,0.5456873673631419,0.5652171718633169,0.5476738869374946,0.5092418528449913,0.48249805437799254,0.5101242334124666
X253,0.34615773393448224,0.2946156033555157,0.26051635708492965,0.25367167468311197,0.25345661126658325,0.26010354488396387,0.24786044580182087,0.24853945415124265,0.2544147780436781,0.28865875325839446,0.28937892281046995,0.29348461471150955,0.2862641222995706,0.25559738617741434,0.2488214534389962,0.24635850561831404,0.24687971821691793,0.24934842946863106,0.2537561273964759,0.27132924618598364,0.28418818428928344,0.29628001149574457,0.316319510392579,0.31489497266810523
X254,0.3474294912388645,0.3437342622204021,0.33657260019609103,0.3353506776812813,0.3766984607264935,0.33245952236452503,0.30710808241257864,0.30876101816320733,0.30596918781978627,0.30295893001691354,0.3034549904266111,0.30585913238423235,0.30666509288967064,0.2937734805275325,0.2912099291306767,0.28330783294876877,0.29715519683089137,0.3448932897485297,0.3977446228870458,0.4210668282316077,0.4313292187430562,0.42873916315114624,0.3964043837964383,0.3353788808278141
X255,0.3938491386163159,0.37685485686616255,0.37112064774939424,0.3265603447051026,0.32643339629522705,0.3408566187665947,0.4363834097658043,0.41072746548361894,0.36803314520853386,0.3619400063522713,0.3587474406023544,0.35821508235657357,0.36393050812412286,0.3628364190049946,0.3607624770299228,0.3588629232180287,0.36133913020182146,0.38104248751398256,0.41793979263981673,0.4209957554666681,0.4249702731194336,0.41031279196605724,0.4182098464219203,0.4106556186698276
X260,0.2393419128770037,0.2220428753996732,0.2171543866046074,0.2157673350474311,0.21784677017802778,0.22209831688179527,0.2456100749477769,0.2558171345747151,0.25386653193795783,0.24727719578961346,0.24366094323698406,0.24207983012731246,0.24598678810749053,0.2406284245648206,0.23587530717193325,0.2378321494551947,0.2759277877432485,0.286837629984078,0.30420014576313387,0.3101249754477387,0.3102778406506019,0.2958278613962254,0.27757844768161494,0.2606367299876537
X262,0.2447864228777473,0.24101099753568536,0.23139291935632486,0.23057741724251943,0.24557589446871464,0.2755012235355587,0.2997654234282682,0.30453633305420796,0.30380542957434303,0.28640744087075076,0.2727197739530595,0.264322434471163,0.26569414135709046,0.2607431643877026,0.2535908261735734,0.23862137317368748,0.24341957264302377,0.2506265993845633,0.2674999609031141,0.28108683907852,0.29695454835770285,0.3068868331559471,0.30004290645950504,0.2562750981107657
X263,0.5157326128605683,0.3567965134778199,0.22049606667312246,0.2043973465007753,0.1705777350276212,0.16120613522670052,0.15993089635741972,0.1588789407173964,0.2321011309229801,0.32766656735351046,0.3594498119933115,0.3375096196451581,0.3063907414213133,0.27252726655796333,0.25466021916175285,0.24716464743666955,0.2452717184181476,0.2551293821003147,0.27515312039693784,0.3161570020329733,0.4785251245120948,0.553969457258053,0.5395226227778757,0.5002457742544385
X266,0.44007285198977497,0.344165200852472,0.27456608024921125,0.24978905690375064,0.25386863678308286,0.3837188916561439,0.29454970286980714,0.3070946636485287,0.28660691593890214,0.2776946877442143,0.2968271326502424,0.33895791624601534,0.38113830487637956,0.37417547013648905,0.339333848969856,0.3239617324290536,0.3244914390534873,0.321777964044542,0.3323966961468625,0.37279264524170086,0.40123778566824847,0.40476678099609803,0.42302289583091646,0.4222638936331493
X269,0.2847475731990174,0.24280820801579506,0.21964810626499254,0.21481621285529948,0.2137154438152047,0.22699191881964598,0.3490575139972191,0.3844475942791516,0.35746862424029513,0.34265536465989177,0.3154055072195514,0.29764111965544343,0.2981951568710921,0.2886049483392613,0.2834065321398289,0.28337584956767975,0.29277031573577844,0.3025763819211975,0.31839387561328475,0.29061191006116116,0.2664624813589818,0.28040917009803695,0.3079199894088258,0.2942737562412214
X270,0.4402549748272528,0.3969048482152642,0.36102872279742787,0.347241267347551,0.3404006830113123,0.3473666652110057,0.35767020160715784,0.37839004655112124,0.3513702944956335,0.3379242100923494,0.3281831955629464,0.34094821673513576,0.37379116483899716,0.36094158533225884,0.3622927659225394,0.35726867729032097,0.3959708788362199,0.4716939464580679,0.47763162412410903,0.4671031288289249,0.5052545584631988,0.5218137904142082,0.5306782574026017,0.48292518576725596
X271,0.358800876207869,0.33279680214245844,0.3099585937828598,0.29900434831367473,0.27632114736933105,0.2628803014937648,0.2705136546547284,0.3507111261434597,0.29485091726301316,0.28287213596452265,0.27730346795105654,0.2801790007393278,0.28313803376052965,0.27427730249090454,0.2757489176611425,0.28695195944450724,0.29942401529246215,0.3040665772705852,0.31345397878361625,0.4298827188573429,0.5071918809375737,0.5077564060344122,0.4947752310807239,0.41858630682117315
X275,0.38386371018598076,0.35780994532646043,0.360627636677027,0.39993515532446705,0.47995294456392135,0.5233390603012187,0.44649728303143915,0.4213860860510422,0.43717601561697206,0.4348934233764955,0.42979584484775246,0.42540519170267693,0.42042953619287177,0.41713505465747613,0.42849240744875566,0.4365960058704428,0.45729797617551204,0.44710252914343374,0.4490047830230668,0.46121325800971347,0.5339711841355007,0.5193575961855335,0.4934944759819405,0.44333027060813524
X276,0.18319771200093518,0.13707441538552959,0.12713155169415719,0.12305707581647303,0.12191473352109848,0.1204435774217234,0.12246734188138506,0.12854961463819636,0.15543098396381222,0.17799231356421955,0.18379290963210693,0.1858322858381517,0.1988300650792674,0.1839704643971384,0.161578502254023,0.15050917613896087,0.1498428054172215,0.1493510440838345,0.16437811977319206,0.17738297697254088,0.179421328171768,0.182923085007929,0.19228376808465658,0.17826418154403847
X282,0.26173338652693445,0.2300587917512954,0.21673333641055115,0.21433965960399468,0.21413261457628785,0.21459244230926944,0.24350691441273906,0.24342121881904646,0.2562662230666315,0.27711008698709355,0.28825172655189935,0.2899400503194473,0.29482128207071423,0.2768566922489003,0.273098045628288,0.2726107872846991,0.2794231335487243,0.28672090052792615,0.3244311240490682,0.32629152469518974,0.33447267760823507,0.33360252005610047,0.33019738608186583,0.32682526756644975
X283,0.29420209545476694,0.24735014181004955,0.20264500910100008,0.19209595744464253,0.18470904673178618,0.1847266681077428,0.1893015136992547,0.19673783702376169,0.20875666500409076,0.18248158146776888,0.15394635109267066,0.1529416383740122,0.15276585107217008,0.1510910091031545,0.15336853932894595,0.1558204546794653,0.16584690054567386,0.1770096603697213,0.21646135539870698,0.2615114616074291,0.2978844695449059,0.30993170674250053,0.3351023170117913,0.3295215483065228
X286,0.40632615964898827,0.3751471624866287,0.36341000499312515,0.3268750101389623,0.3019714042404779,0.295931546225925,0.2959983355756603,0.3279824778818319,0.3668350783581314,0.36947433381703176,0.38463653703914097,0.39361553662655974,0.38546226878462364,0.36029410399982453,0.35899826818408287,0.3644335483840529,0.36858342464566207,0.36374857596800986,0.41402639341451114,0.44035312396570353,0.4746451192317211,0.45870366772660004,0.42659624875230867,0.4068529858480174
X289,0.20954815127428195,0.19653810278629144,0.19003788472276897,0.1880131897717513,0.18730199197364952,0.18712489968062476,0.22039253115054025,0.3628037769104949,0.4477488194854618,0.4830283707320979,0.43516563941160535,0.43139402764637513,0.41149593931200723,0.3872778769286937,0.3657741600076256,0.35430156758546805,0.3594556901168962,0.4347282118443457,0.45757897840406114,0.4085902991839143,0.3919973974979931,0.2614594295121858,0.2299218491755781,0.219329340682669
X296,0.26929351540605384,0.22413800319165708,0.19032435299840378,0.18122968023905978,0.18086960199880242,0.18660996264931934,0.21888826649130613,0.23303861231806383,0.25615759376484354,0.27873054232413114,0.271088615118518,0.2685923652025912,0.25189540025108,0.23518416466014228,0.22724150255712217,0.22973393730546893,0.23316810722266376,0.23716859037457994,0.27957073869394244,0.3437158248611073,0.3306898676266612,0.3220958494651724,0.31921074093010116,0.313566621645152
X297,0.21246106855059063,0.2911572120166305,0.28678166910259767,0.19824897733192595,0.1635898543000484,0.15933112800305826,0.1607506531477838,0.16169011242725134,0.1708372603726436,0.17725586375621058,0.1991902151874099,0.21381455572823788,0.2267121325450765,0.20310177671352592,0.19856543985420316,0.19870241922907939,0.19032223108939025,0.1928828146385997,0.19513116437844427,0.24085892226086553,0.2780015894310647,0.2861833096985324,0.28444882291984147,0.28289464014630195
X299,0.25576407086985814,0.2572727849103302,0.2569394238284277,0.25087335917836107,0.2490763899718355,0.2467614380074378,0.3063787882603739,0.30877749863153764,0.26029938608349,0.20224257535897372,0.19633148890273133,0.19369454958005206,0.23422694622145016,0.23584074515885797,0.24282458708538376,0.2455433084217492,0.2615652898984442,0.2964236318632981,0.3078131512883333,0.308706408049114,0.3035673393050975,0.3013987885941985,0.2817135465308589,0.25673544396133935
X300,0.26893285316676097,0.2650997379772353,0.261174711888082,0.25692180195602127,0.2581148945411724,0.258626370199035,0.25881535997391925,0.3494678405121931,0.3435897144939963,0.40436139596521525,0.43812552605761973,0.4802525253338765,0.48130502390337665,0.40377793358144837,0.37046371126491123,0.3648403655625593,0.39418662527708004,0.48653126639169675,0.6233463332840445,0.6713239297069313,0.670796524334276,0.5793304707718033,0.38388697477873857,0.2859359984374124
X302,0.07762432962524671,0.07966256073735709,0.07939913195389009,0.08043692341332301,0.08071444538775623,0.08071745077781393,0.08085732758883162,0.08141458848277527,0.0832633495509015,0.08555935660119185,0.08681733621829588,0.08744264542679421,0.0837649287594422,0.08021873736654803,0.08000325396007853,0.07970257771405208,0.07942707450986172,0.07931737905670243,0.07946610463373159,0.07834707606244823,0.07692246126257661,0.07689509809272631,0.07692978540227774,0.07697194088371141
X303,0.39702255224130534,0.378181751253161,0.349395079533596,0.2978892634089639,0.28900501896851116,0.2888154536649675,0.29246730615030514,0.38714884896335633,0.3952670430991252,0.3572296776093914,0.3845548296673804,0.3815721614003278,0.3837040178056843,0.38265714582058746,0.40655119769571346,0.4450535764396629,0.4412438760755139,0.4621941588699474,0.5916010228382189,0.6990119765503289,0.7352603829785178,0.7202466353874566,0.6402586253637259,0.5796251111545518
X305,0.39672206545658645,0.393097613910102,0.37498638709449994,0.35998347691739596,0.35289676872669584,0.35254007996520464,0.45903691124605434,0.5834745012234714,0.4297374710409991,0.4069006338370521,0.4044126837857344,0.4092620203299981,0.4094726796231041,0.3996159147860522,0.39913839081272096,0.40037810503839416,0.42969875418641434,0.45090803449815503,0.4637361958809947,0.47013621066171996,0.4675497200365379,0.49831040339904276,0.5025406512862478,0.4849614293215967
X308,0.37314058880844586,0.5381718023766313,0.3515927559711108,0.22183394337328674,0.17935960365368275,0.1757101794971263,0.1757839440574864,0.17440187486429115,0.17452006561989047,0.17900447859013605,0.19698955883934988,0.32311801023385417,0.433704676047276,0.36325901746948697,0.32713796141456997,0.29320493030217093,0.27402478931572016,0.2581527503503522,0.2810026485122359,0.324368106806654,0.3727572440358873,0.3990791923949025,0.3980408459626414,0.3908529998850047
X312,0.15193692362557762,0.13665481110728664,0.13167748046483882,0.12674695744547337,0.12451924928467267,0.12527137950923123,0.18111615100526124,0.2546961765204369,0.18403933595911579,0.18506908173831077,0.17916676290111125,0.1784662731699538,0.17803371477064608,0.17394955190266032,0.17291726689254952,0.17064676490194464,0.17073578239712828,0.17558038950216012,0.18695051873800295,0.19385262031088235,0.20161061361976995,0.22575588706269062,0.23627155304788902,0.2300270293609658
X313,0.2275278220551594,0.18276058032450931,0.15288215287887805,0.14064282253458957,0.1398925010640025,0.13950724413446017,0.14048613734170937,0.15106510580259097,0.16555688528957346,0.1865637503764455,0.1992363002091185,0.24211138064215115,0.24874498644054213,0.2528424732862118,0.25568340177534166,0.25463489777748555,0.2511245710048031,0.2619607801263571,0.26835944645088194,0.27861265733792023,0.28462009890011725,0.2771749980631606,0.2750943873873956,0.25144407419664283
X314,0.1941273815256997,0.20173388747348997,0.1996099417944529,0.20026605792720725,0.19969084531998163,0.2028656180538651,0.20675578039546366,0.21071849909577342,0.21988844307131483,0.222720719904177,0.22131355287704246,0.2159182671989599,0.20619053899348294,0.19339452462786635,0.18849912924250856,0.19005344086418227,0.19289699644808872,0.19481730054898763,0.2016766128840456,0.20902856252632665,0.20446384480933466,0.21005798834807438,0.20665673803952875,0.2032547922680024
X315,0.24475803574734362,0.26888761164465214,0.26427528165266007,0.2621379373716191,0.26286094269679217,0.26612766137142957,0.3763515363823257,0.3049816634426388,0.28065447221963835,0.279142199240526,0.2783154066988116,0.27646081246854604,0.27775884404892676,0.26901444844905187,0.2654805989979235,0.2649390219042926,0.2655879718513162,0.28382076359123,0.2888220952660556,0.2889341896463562,0.2738164818347189,0.33772348901113314,0.3438328327488473,0.30697193359718233
X320,0.14241033500318556,0.1387047365985964,0.13480147330787717,0.13490638138130984,0.1347919127097737,0.13550440002315997,0.13593765009810965,0.1480524337294584,0.1756151084110316,0.18212395645623877,0.17251873463515496,0.17609556980202246,0.20575168178517378,0.18172162830532168,0.18111970802217495,0.20678314044608886,0.2196383813912057,0.23838369333844975,0.2888977167255621,0.3171694666854713,0.2873629652391728,0.26548633013915307,0.22310819025005207,0.18295993556191573
X323,0.22630206629259236,0.22522252274722596,0.2067249190772672,0.1986282592612711,0.2034623318791523,0.20152559724697774,0.24502736686668733,0.25804650928212675,0.2850504167499517,0.2683683515710996,0.22793059117298425,0.22943547773903752,0.233344291258696,0.22035222155187073,0.2090519672422627,0.21262067236696333,0.23298342242220643,0.27433093040178264,0.28669635630946005,0.2930290484307635,0.29891617555335986,0.3024601463159582,0.291879708903844,0.26007671369264085
X326,0.12297288223494428,0.11131516266016162,0.10849055407578857,0.10673200054003819,0.10636637141619691,0.10636779847782589,0.1147516838531989,0.1676690598433872,0.14157797070841505,0.14642499372255996,0.14453206387499237,0.14500733305061791,0.1394836799900568,0.1415723978950217,0.14280022557723532,0.14613707762847913,0.1520024753343508,0.1546162305520718,0.16648691335295498,0.18231286222260415,0.1976716863523504,0.20516619654961055,0.1971053261534069,0.17349513988145268
X329,0.29776422226874427,0.2965612362013063,0.28822514098190555,0.2563216415586508,0.22715975186465642,0.20880148543576096,0.20310502234017253,0.20311501471908577,0.21180700495269478,0.18074938184175426,0.18786592314690345,0.21867821861422315,0.28720312935956727,0.27017550562885595,0.2459808594904561,0.24513313606591264,0.2454678452351929,0.24705875868419047,0.253382076366274,0.3247080740777557,0.33975042622291246,0.3378554221168813,0.33610877536594047,0.33137105206773904
X330,0.38066392227525014,0.3695386261066088,0.3665982441638995,0.3646901067760985,0.3714928488197684,0.3982667434400882,0.4311009605939463,0.41276011693247283,0.43396994499432917,0.44281791096651435,0.4347795123219906,0.4336241298645219,0.43818981582409844,0.4394867358473957,0.4371342018059805,0.44640939805675994,0.4919113421467599,0.5088175302695411,0.5296935479638053,0.5468777234887982,0.5531784957643328,0.5488342462499877,0.5328435266560955,0.4682313119134452
X331,0.3462306451279691,0.324802477692817,0.26315457158428496,0.22861759029262133,0.2185950293819151,0.23098857334212045,0.20550569265302826,0.1285206097859639,0.12826593058787045,0.12442370848257281,0.12385798050901681,0.12528785505250106,0.12849546459884653,0.1255234094621205,0.12583671384231573,0.12493310072751024,0.15443425193558627,0.3047249151380843,0.36031109772091735,0.37404057724594447,0.30586765544234423,0.43366099934540536,0.4502850193909148,0.39445999821316624
X333,0.3300863218307458,0.34876453103588734,0.3159243144015032,0.24550799124069572,0.21726864927869052,0.21763118824242672,0.2848785759958897,0.29793169052567886,0.3196688846956908,0.33639992715370265,0.3315796579221427,0.3369641072987387,0.3336442918290989,0.2252395964099586,0.17804890493050005,0.17754311568139775,0.17931528429714289,0.18451008863000737,0.19657003312964338,0.20341063646890106,0.21707509778122977,0.28246264768488805,0.3061703199972327,0.3195236828924251
X337,0.31076521002933116,0.26774392585332374,0.20281198619171045,0.19278357258271958,0.1912316804798619,0.1898958232039429,0.1935415957272154,0.23519497139676074,0.23221340824951012,0.23634552219332094,0.23577797461350483,0.24420898314521886,0.28986822442371407,0.3167645075919874,0.3287067412069208,0.3536698108158167,0.35616527813865123,0.3572404183403003,0.36666557457144144,0.41175008580721834,0.38046075724674694,0.4280940801751554,0.41660833925150076,0.39543535484047376
X341,0.24933228186740627,0.26997125778818437,0.2519144174390184,0.2158345014484024,0.192813427516609,0.17886641839436485,0.1693386185235916,0.16447216650181248,0.15955565153235152,0.1559655900133227,0.1706271328360912,0.1927324048689752,0.19503106030430703,0.19433470815759202,0.20203376220969466,0.21508600437898184,0.22318620218183471,0.27960859685269457,0.34395551167194016,0.3580234714013727,0.36112029801748496,0.3775444108233183,0.382200774100422,0.37595857322010484
X347,0.20672497950573168,0.2018977318199102,0.18025196429830362,0.16722040373684569,0.16620889655777607,0.16523495184320425,0.1653658997093978,0.17082432922387142,0.18182723425866368,0.20094402885468424,0.25981281726881716,0.3071774297201927,0.3405910874191798,0.2964983020261553,0.22125613962781132,0.2029332371981563,0.209174077350526,0.2393800866841886,0.2917477775776148,0.3343308983819151,0.32461890365627577,0.32135072908369106,0.31982763832981853,0.24150586353797326
X349,0.23504770305140518,0.20537575156288948,0.18947328503616442,0.18452033142173246,0.20173373736358022,0.18137088389451214,0.15647080394342044,0.15369763196923122,0.15216588911027618,0.15428983326335374,0.16406399787398232,0.17568999384712852,0.17443468091191738,0.16630235575804403,0.1675814771839803,0.17030305801204765,0.18418879225159054,0.2108065398057204,0.29280030748070385,0.30984469596477243,0.31069369500358923,0.3417100649483581,0.35048297932774636,0.34147911678701914
X350,0.3048403514637306,0.30209387764584095,0.2927535224512801,0.29466746452608794,0.29205297700627714,0.2864681908296992,0.2862296988283183,0.29600066149217596,0.32189914362400185,0.3148674837565698,0.31360153805571545,0.32371034143681504,0.3267226400637173,0.3237517049204324,0.3291759759190296,0.3353693785323374,0.3392701776109485,0.35239062003477095,0.398171478246287,0.39876931941597293,0.39348926392533434,0.40544390183669915,0.4024633321948628,0.35756863180427234
X352,0.2085181701926684,0.16002202797022813,0.13363415350392546,0.133405392313961,0.1329835920582151,0.13557617195807048,0.13931319819645677,0.139490656747763,0.13860962237497249,0.16778276712759832,0.22403167035332006,0.314400062369365,0.3307088860866736,0.3104055207343526,0.29246503321745637,0.29566253376076496,0.29237220712066075,0.3122322389088014,0.3884315278903561,0.430784636818882,0.364791638734026,0.32244143454955354,0.31956091421551264,0.30078790090578095
X353,0.1668245763079328,0.18168295401990647,0.18241658755743087,0.1821498218702293,0.1834521467557592,0.20280289217655173,0.23815593120065537,0.27317136591619184,0.2525176830746332,0.22796789785925764,0.21486191315939218,0.21522942383593943,0.21872781502193855,0.2142822595827839,0.20948807014491633,0.20948428902630012,0.2078708338869528,0.22038676233713755,0.2638442426215492,0.2570096463648942,0.2433757108439782,0.27122091910783175,0.23914655903597784,0.19303458197511045
X354,0.1129458559275367,0.11962448645235854,0.11960801280151749,0.1194670486393426,0.11920336758479348,0.12066193732464386,0.12344539105528787,0.2351132313007429,0.24438779260326102,0.283907010247481,0.2828940509875149,0.2727284499442071,0.281905951029174,0.28564573655232517,0.30829050666949764,0.3112114419306913,0.3109703211415968,0.3087290181605183,0.3195044925684739,0.378837045173347,0.31955991583540433,0.21014851713507218,0.1496965882736922,0.13619199051254527
X357,0.3229865742255809,0.31315440040942544,0.30570739541306774,0.2901791279186373,0.28371984054466437,0.30267753830832883,0.33303455564866646,0.3274838785958637,0.30451074915220755,0.2987944414669127,0.2982695247155543,0.3097895070476746,0.3331194920624532,0.3296330243359664,0.32658987745049617,0.32893101262394797,0.32817088837360536,0.32718391399998253,0.33772295478351005,0.3497350258930896,0.35280028965133803,0.36296899136288147,0.36175610159649685,0.35341217309097744
X358,0.23787736869534196,0.25532239278357866,0.25401190902903364,0.2531751834959755,0.24212039797435794,0.24497179213824868,0.2790763097810212,0.2978728136227044,0.27078309261888645,0.24212792915509204,0.2401096836429091,0.24292347979607512,0.24354174448429458,0.24357624817802834,0.24403447811788276,0.24056498956414335,0.24030983738925923,0.23711665986799402,0.2367666590586004,0.23507624465812493,0.22383588689067818,0.2665110145126492,0.27371923008479804,0.27398772900841734
X363,0.30835813735461554,0.2424629150187558,0.21351429423268714,0.21226222408594703,0.21211211319579149,0.21355875759471157,0.23919375936485524,0.20308298633708038,0.20022941470829306,0.22588499030486373,0.2366219949794994,0.35966388765051055,0.5752281880806422,0.5777660472048691,0.5653692080700181,0.3713536413842037,0.35938717431661876,0.3760563307284807,0.3863524148640454,0.3971730004780646,0.3987528119082646,0.36756671201599356,0.34188620027764777,0.3278504994546815
X364,0.23614797300744367,0.2222891010813741,0.20751127748044712,0.1834736765631072,0.16943810972428572,0.1678703059612625,0.1674330354803506,0.18300736084796065,0.240337335935677,0.217346991717983,0.2299289204664174,0.2404325701791979,0.24319514730955533,0.23838973481256,0.2346558884048381,0.23616511720845443,0.24427897291448453,0.2477173214866426,0.30771577108635306,0.37768065239518084,0.38430330325238143,0.3867169663401622,0.36905394203241015,0.3129127082715071
X367,0.16715274616128195,0.16019548091507665,0.15822069009588138,0.15473751168929492,0.1520268606039489,0.15133021425917495,0.16346714296334985,0.16735511903151137,0.1505824167372572,0.15927534570981114,0.16433449825157279,0.18074101365374495,0.18843461271814102,0.1877310912463054,0.1896295241476414,0.19548855421082553,0.2084687653985615,0.2399934081517421,0.2539060750866405,0.26531983078965693,0.2578430286128466,0.26583142024437856,0.2573203821664686,0.22671834414071615
X368,0.3811866621746868,0.2534228188460652,0.19833850084745555,0.17605311650644093,0.16992593308719653,0.16867560173441823,0.1819946786594694,0.2752259606616636,0.3092375618930419,0.38131927064115434,0.3872033997862609,0.36764462116997376,0.3625466692473031,0.36425909467351814,0.3929548301029106,0.3843888622934221,0.37604599105549197,0.4338942003266166,0.5222708792542388,0.5590642081488963,0.5705126285490016,0.5494794413178533,0.548003829889226,0.5050170497751106
X371,0.28814372967002305,0.29576346609261017,0.3015876222559211,0.3004467424276919,0.30071662019691586,0.3016852816753542,0.31942380647936275,0.3976927377455618,0.39293695819222724,0.38988159535026573,0.37148865312147894,0.35636054265332145,0.3504917469539474,0.342568173031339,0.3269270769695155,0.3314653206958679,0.35951944771873756,0.3785543718752963,0.38826692260242773,0.4575905445393184,0.47270159429993025,0.44550230459361784,0.39849444128945627,0.3641200069633693
X376,0.28908155311775996,0.2360768592755184,0.23124496951282725,0.22150118017444784,0.22001757694741086,0.23338382633515853,0.28157120663012136,0.32484762731282485,0.30463629367707135,0.2925312235966673,0.2915688406331248,0.31192335424994133,0.3063879224101267,0.2963806093390522,0.31074637591537846,0.3150309325038178,0.322306337290983,0.33959151157270584,0.4391602668771827,0.4856752564007798,0.4793444964287785,0.4837293122983699,0.46349245755190793,0.42333097373931133
X377,0.10609868597925481,0.11937674241647947,0.11996219616964354,0.1187399348570059,0.11899687620057814,0.13023868547981118,0.17108188835305704,0.18845961057102908,0.16898999771749593,0.1695161527210246,0.16079261785259938,0.16462243795479808,0.16545461285743512,0.15419482600310083,0.15244493774524448,0.15427926231990813,0.1571232562650002,0.15642646294548962,0.15602288502546402,0.1622322015597636,0.14972045768011888,0.1554734816811867,0.14445869623073232,0.11590081641651988
X378,0.2434058422703156,0.22923720563718503,0.21217892429617116,0.21096086669864303,0.21634427706696996,0.2091239688381547,0.22518533322874945,0.21781306118141758,0.21839574733410008,0.2734189344013253,0.2742580770952737,0.27521503520608237,0.27545157133504894,0.2711211584525047,0.254492849858638,0.2543970793326855,0.2559164026815844,0.2554268102268582,0.25660235266115605,0.2597618727808644,0.2724970643906535,0.25409390316835984,0.2524099466230582,0.2491122082395383
X379,0.43539010320795696,0.41788675773046247,0.39297486775077983,0.3098130820107749,0.3025082451665418,0.2978464966440864,0.29909425999384937,0.34434752096030397,0.3395687352078354,0.3163467697679958,0.31782163282154935,0.3174979891601306,0.30016602003004,0.2719907620599891,0.26672144531225184,0.2652496192574184,0.26754691230774746,0.26751108382121164,0.28154596789519537,0.36832307648787743,0.39045310390280175,0.47663402653283726,0.4936657859618882,0.4885110809840069
X383,0.17992302643255023,0.14232361036391347,0.1336522061285586,0.13331525711593942,0.13327120336774165,0.13315578179141993,0.13344525209811361,0.18594089183222384,0.2690118402980231,0.2909475046919894,0.2930088835709408,0.26428806299493457,0.2248217389152495,0.20681010671478794,0.20441837268020918,0.19525796369404905,0.19825406856230915,0.22725758756580752,0.26278093720200707,0.270692721697825,0.26330529110616085,0.28181500020863337,0.28229946568074826,0.27002801834364404
X386,0.38835490325113714,0.3845820297855402,0.38268809400801285,0.37990047685638684,0.37866192312790503,0.38002285004770037,0.49594675350183287,0.3914269510162263,0.2958332717461492,0.21319501350970815,0.19742676803381304,0.18764126892658378,0.1888943567735656,0.18965080522142122,0.1926331687960614,0.2111420104115475,0.24691558339401082,0.3086284419110286,0.39049599574377414,0.4259985565907623,0.4119220883808522,0.4499080355514006,0.4438517041553753,0.41696033216296047
X389,0.237657986690927,0.24205981988395947,0.2425360246272729,0.2399793889147141,0.2374544669659431,0.2358010980890209,0.24300788334183449,0.25517211221805397,0.29806485526413534,0.3346818339427693,0.3673676985332257,0.41252306567973235,0.41522198604271243,0.39879014465446017,0.379879054061498,0.370957035720938,0.37266723851485367,0.37040024279433514,0.3688189818447516,0.3930355815179011,0.3705472341182209,0.3381800514443792,0.32373757339019654,0.3089029364236601
X393,0.23604254197469077,0.24072829881214314,0.2420545458395269,0.23461304571225955,0.23616404272449876,0.2483351300007417,0.3014765774081781,0.34301522426489167,0.3509163097780361,0.35118068393010593,0.31643037181593714,0.3174246249691075,0.3155062470702046,0.31523968877712305,0.318649085497858,0.3165122373942455,0.30858827076546314,0.3238543180138031,0.3524135521695239,0.3438341501493371,0.32386852890929735,0.3030154674293189,0.2781828762229404,0.26105107483084816
X396,0.21095833387047236,0.1990244217242387,0.17523694433232642,0.15474198505731349,0.15146279736707696,0.15056194369037104,0.15046605209546404,0.19587388952791646,0.21873417768704384,0.226922580748048,0.22775432912651725,0.22446138809571975,0.21804505032647362,0.22476889602500358,0.2323197331637176,0.24415493913079048,0.24449001530501585,0.2459953567360885,0.2635715564356073,0.3168320845040829,0.3182697041303401,0.3062653710658,0.25879284345362075,0.21246899986981338
X397,0.40288975179443326,0.3698846463845401,0.3562733601081256,0.35270211401054935,0.3521223369639176,0.3583199709358895,0.37235368300706784,0.38091085853780127,0.38304120522243024,0.39650098246451326,0.40622150874743024,0.4277596820129089,0.4249660227044625,0.42053742584256143,0.414871570416555,0.4206756291752824,0.42668980614967644,0.4402239024552844,0.4600306981926288,0.4909091509712984,0.5083907678747454,0.5022474626744798,0.49915440506818715,0.49250154277992436
X398,0.17362140568714604,0.1668451441056094,0.15823401849968644,0.15099532238437155,0.14603769929496865,0.1448805664825647,0.15084454562160776,0.1720331900810278,0.14389758821575693,0.14951500928367822,0.1765850826182808,0.2116279923663691,0.21276576879356737,0.1895795741688031,0.1817447100931564,0.18047577951049104,0.18309641508860056,0.18828731237468016,0.20447616913801225,0.2830710823277918,0.30271940120346413,0.33623534192249355,0.3365777898483747,0.2559280224459264
X399,0.1544858783269958,0.18443071265788408,0.17730483401570613,0.1383700919967778,0.1362864730130135,0.1256958951588123,0.11581416320719674,0.11815616106255061,0.12644018093955625,0.14523604699415354,0.21230176780266133,0.2208765905713695,0.22030542043931273,0.19288240231965734,0.1748744419816895,0.17426632532583608,0.17365401236870726,0.1746345091556436,0.1761389179796846,0.1846313385543038,0.18689252922168556,0.20098046767046268,0.1948778041906774,0.18504119891080736
X402,0.24622838482651102,0.2357166124625899,0.2254856310993758,0.2226148485010555,0.22251015747390596,0.22460843709338324,0.2452609895154862,0.30001931697524514,0.3080278762407789,0.36891130449304416,0.429028671984643,0.47934659596895535,0.4818479708279967,0.4426132394409187,0.42534961378203967,0.4131694041758217,0.4156506584149179,0.4363342247233326,0.45585358235268264,0.42746395498696854,0.43142046615230856,0.4524303450256977,0.4527977238480474,0.36606236923744745
X403,0.19146180682857364,0.1641202020351934,0.13639600812038646,0.13533458047514021,0.13529327599245405,0.1373103507756934,0.13856010113948192,0.15074367051613163,0.13830870002551826,0.1539355827453832,0.23368536842569018,0.2596644284192412,0.2590478717216539,0.24748631025399165,0.2393952780504666,0.23905947613020395,0.24509306748206594,0.25700878140620326,0.3002159651952603,0.29808491163945944,0.29041128625344503,0.2963352814939068,0.2993222910964843,0.27702055999757924
X405,0.19297257057363731,0.19539624443536568,0.19477590187056484,0.19130150205158156,0.1911755923533941,0.19131615234970298,0.19235932648403584,0.23182403177457622,0.262785047474454,0.2712479407558148,0.27896735818537743,0.27068584355012804,0.27414128135368143,0.27236269538472085,0.2764386271511511,0.2736492106994262,0.27414303292576353,0.2811669961996793,0.2940183115166624,0.2999032056084839,0.3053284880449319,0.29748163212442497,0.25902270572438396,0.20640074200036024
X406,0.30742194818317103,0.23116541325990708,0.2246641308851118,0.22117202050828672,0.2214830543287061,0.21882023040218976,0.21873924715954732,0.2577757464551804,0.2567509885572559,0.26385920553093023,0.26208083961701895,0.2717021749398669,0.27918754373691546,0.2715188743516807,0.27191406284927666,0.2727852669783515,0.2764827592839502,0.2785812642193023,0.30477280485971175,0.38173559206208685,0.4213681952552458,0.4192454340281926,0.4316999776789291,0.38475921747523567
X407,0.3882580984350492,0.3307190043993273,0.31903880326364825,0.3172201395750257,0.31776516852796804,0.3190497674359241,0.32046002136533447,0.33566231199734753,0.3728977448481387,0.39802916645841463,0.4153176380141139,0.4174380594073969,0.42098993723286604,0.39983097262520767,0.38506257679765055,0.3840098301234576,0.3814511937215305,0.3869642852339903,0.40953844229205605,0.4380568645328532,0.4401739441397705,0.4384649099325726,0.4312383647917733,0.4216996995745087
X408,0.33317529430672826,0.30019400372122557,0.26547042401795584,0.24781587946176914,0.2466719660745355,0.24808547152773905,0.4074598735195741,0.46270008825815956,0.34700171636806953,0.3639320970508129,0.3611009659496777,0.3731938100745576,0.3912465064690616,0.3938646161593768,0.3882811883991639,0.3865175984600553,0.38327456623346157,0.37514671933891763,0.3897141645926334,0.4150439627546636,0.4553413116498344,0.4549272743723609,0.42659680337875633,0.39111334729636227
X410,0.16427556347372937,0.1533597482209363,0.15056577678325472,0.1475292457006585,0.14734149645155709,0.1473014502171161,0.15120307726613977,0.17277267108421404,0.20836563005123868,0.23020163131670612,0.22823106639916885,0.21860910685062557,0.22960862879862104,0.23062280535765195,0.23019289767111,0.19989580304126842,0.20050216214994393,0.21062348286922825,0.21552967129703599,0.22003923103528344,0.21922621820546564,0.19708576331533878,0.1938764004748395,0.21056174894355828
X412,0.04076532527030501,0.04104781215298597,0.04095030914005356,0.040931807904407105,0.040901793485483555,0.041141340712813126,0.04544592583154147,0.05930234409442442,0.05414942308854926,0.04893425003632085,0.04866638650070396,0.05374004107575847,0.05981305876291793,0.04797452348986166,0.046661343721238584,0.04698676906716464,0.048527684639734926,0.05498778912686258,0.058185676495657285,0.06008595140845465,0.06464765743772988,0.06185002636191298,0.05408592140894087,0.04958536504951416
X414,0.1556058163450997,0.16945286915748584,0.16776401209733643,0.16530883130317595,0.16497367202240418,0.16617178564952412,0.18102323429402364,0.21628889906272966,0.2479438657660955,0.2598577313476493,0.26026505400393907,0.2703587454146871,0.2933419868895897,0.25387010949016175,0.22972823975551235,0.22240567099819197,0.22699727137513773,0.24377173766918286,0.2850257043584093,0.29686380543823687,0.28618901119100676,0.32821994844982627,0.34954410307570444,0.21632662708228287
X419,0.14826032953682694,0.15916277312070434,0.15940579234800292,0.159193709057562,0.15938075710806188,0.1648981001743516,0.17491387432462474,0.16596526240373544,0.15836253750486876,0.15326261768654081,0.15202528022698159,0.16164988595994162,0.16410066611144727,0.163051089708173,0.16355499391046863,0.16363432007027168,0.16370377403387765,0.1642207635801665,0.16935224387770828,0.17134719127675416,0.17178484363104835,0.18460765807717966,0.18875223683232928,0.17981752901732573
X421,0.2781305142239305,0.22353465200558895,0.20737345774252036,0.2155699674046594,0.23944321508262012,0.33283196641610147,0.34352885003124595,0.4084216971038111,0.4060657591809682,0.3664314463008318,0.36641308209658213,0.3833234387604638,0.3634026299002959,0.30749755131619694,0.31446252959331233,0.35929348006632683,0.44171213038301516,0.46074752961701015,0.5970637852767926,0.6272393764633747,0.6235647765115621,0.6517051545377446,0.6512401362109224,0.571203202828487
X422,0.29882685823905325,0.3036116385520615,0.2993387483606621,0.29082229010287225,0.28962169414289884,0.2954801440678353,0.3429040049543983,0.41279813566104584,0.3758832136076151,0.41953003335226957,0.42398281319559883,0.4076325436233613,0.4189157533640495,0.4160496702304277,0.4190209721476667,0.4041383542357212,0.38909202108537294,0.3939345132014278,0.3988246593575261,0.41007126897328516,0.39600258735707483,0.38274096037633276,0.3997053159359097,0.38899318706700636
X423,0.2799414000467153,0.2647626892438769,0.2520934919856412,0.25132303476570267,0.2521972488860721,0.2559074892403498,0.2881965543698306,0.29673801515090054,0.3006952517163748,0.33575927049868914,0.332318636533524,0.35464780291150955,0.3709667118037624,0.3717230160874739,0.3650175236212027,0.3630769284721128,0.37958542762749314,0.4034220547525471,0.45038709690424433,0.47364371888927503,0.480336555717199,0.44934083700315725,0.41448970835338367,0.3734592643572975
X426,0.24455895105288236,0.24215507165937328,0.2417258168367133,0.24465063835411383,0.3091848636840018,0.2739888381683298,0.2859750177107567,0.28716454717269435,0.27148611983608534,0.2584443967611497,0.2574300172271346,0.2598957794225286,0.26431479882664877,0.25459025130665186,0.2512898190280796,0.2517631525997323,0.2607624953070767,0.26248787877475777,0.2649948147279396,0.2736145760397499,0.28688067236667464,0.2782468239503853,0.2726829603535801,0.2534945806982381
X427,0.31216464414384115,0.2894179565425924,0.27384080173630965,0.27355651827367555,0.2832207328975683,0.28783948350953725,0.290068677662792,0.3283832194837766,0.3165992962968937,0.32410858835013034,0.359020948108196,0.376222287777163,0.3848585634356134,0.38840190953121767,0.383957117686776,0.38822059054432445,0.3900062701431629,0.3897787922967492,0.41885214894639583,0.4648581242318343,0.44083356080753877,0.4697698047267675,0.4606633910620486,0.4169694576041957
X431,0.31607342963939106,0.3135291299304521,0.3085796411576201,0.3086219591194114,0.3096450609670186,0.31530620901403184,0.347327274781874,0.342918561743373,0.383140535144656,0.4023489207892558,0.40899009087004845,0.4195497856102006,0.42409121502024766,0.4127443706667357,0.4168647595262429,0.42009225262131,0.42924275269095935,0.46088575984917446,0.475244128924431,0.4781069943047388,0.4710191949143445,0.45305090665900083,0.4433642642767358,0.40779293003847755
X435,0.33086131160991533,0.30544246992209034,0.277584332620482,0.27679475389990293,0.27807068325513956,0.28997910880789496,0.2851439083308883,0.2869580197130265,0.2937137948493639,0.3115725620995897,0.30956199272598156,0.32037180705319057,0.32840032489958754,0.3386894156692681,0.276491198704113,0.2505469645175973,0.2556720447532277,0.28336727135009965,0.3025501410525772,0.3571655858661555,0.37852037695644053,0.4166838454531089,0.39669349586582986,0.3612810924088837
X443,0.28871859898982455,0.2946493043378261,0.28989636789948536,0.2858503551775254,0.28337864761072096,0.2834848812852441,0.3029033976936715,0.3715506141774746,0.2959838666884061,0.295316386865909,0.31388293243343574,0.3244306823151064,0.32932998909887,0.32357745034752305,0.3204592566264752,0.32034903594257563,0.31731654167262,0.32182198398676526,0.33254162403199056,0.3463427577455848,0.35708460360101457,0.3939205217773591,0.3734327061301352,0.3283879694012728
X445,0.3935613011240308,0.3891164129896476,0.3681562035460372,0.3121891372468085,0.3131156262024373,0.31834342253027886,0.31752005010429124,0.3596308789311334,0.36597163371995994,0.3227918500539721,0.3030658783312485,0.2730974406838897,0.2615262734437089,0.24103244697256984,0.2321948477817968,0.22855210963577266,0.2277706779270598,0.23251572256638853,0.2517322368538434,0.3859902998929663,0.4408111831620323,0.4859548330365149,0.48572687325950814,0.48500317806988713
X446,0.3099162169615657,0.2602069670221011,0.20365632623441615,0.17119190211615878,0.16035746553762703,0.1550231542676427,0.15717449730803584,0.18812490885618552,0.1975231471923716,0.2233972860638359,0.30229314724615064,0.3188070457259441,0.32117680742727206,0.309594887806761,0.28498310395404247,0.27661382339837015,0.2618296672378893,0.26690474684702126,0.3057576730111948,0.36225471812710486,0.38755546652681744,0.40040196499589736,0.39164980176321795,0.3704896600299308
X449,0.20664886810278818,0.1812490033071516,0.17799561692387952,0.1729458203165082,0.1708564069565255,0.1744764094272862,0.18485286398027392,0.2548937155615864,0.34610164243368247,0.4042240850598535,0.3973997355793109,0.40197473631665553,0.404211838145367,0.42175249841454937,0.40559744740855047,0.4001968492006957,0.40867845316995455,0.4152723172989923,0.4642615773533101,0.5003683519997009,0.49107146658221684,0.4317579607719188,0.3332230785573755,0.2534440351782929
X450,0.17853622590682497,0.17984501660723487,0.17611660953769534,0.17086674725922962,0.17110923186530605,0.1716903704377601,0.1819321210779075,0.21723449402463013,0.3294467569656434,0.4120452421006372,0.41345487696058175,0.4204944547595183,0.42733777289749864,0.4162399892482563,0.4054713528342965,0.3983163169429993,0.39941617795864093,0.40893920138229095,0.4315395155385071,0.43184741628073375,0.4118405657260094,0.3757041052117387,0.31317627537264364,0.2391605365024209
X455,0.2542567330658359,0.23708590961481407,0.2169763554907151,0.2072895683557213,0.20712137992131766,0.207919060546634,0.21497783072664256,0.25409523460633954,0.23383044161365985,0.24937926863246637,0.28112256479356434,0.3301517411665047,0.34602055923041947,0.34533358503394274,0.3579513884858459,0.35806061774791814,0.35277761383606837,0.3365797862551329,0.3345464586945534,0.332168827368259,0.33629929982915896,0.32507489671308804,0.3245006577431451,0.3215403209420822
X457,0.2053911963393819,0.21870675512841992,0.20708333231951015,0.19839845886599916,0.19539954239852872,0.1947635198814316,0.20226586274512462,0.2698056675910977,0.2421608060642637,0.32004415661541685,0.3208053126278583,0.2572258122804516,0.2562889487964862,0.26082236736198094,0.27504396251624813,0.2745615104820371,0.3776100952406406,0.47407641945927803,0.4908584518824216,0.4920894407546895,0.46317013435080806,0.4907272909191354,0.44288695404434886,0.3504506928564877
X459,0.15871844626796905,0.16167257850601688,0.16028693487244305,0.15958062403921688,0.15974235652789445,0.15975662951166533,0.19591542158628783,0.17753204982158072,0.16797254869703826,0.17033190287388433,0.16238935016318956,0.1649559757834409,0.164906218783554,0.16179135876428613,0.16715612902958318,0.16857584182533328,0.17329609371542615,0.1785853772221608,0.19561443331891376,0.18429922977006805,0.18544715102447573,0.17953216867921706,0.17472071120623747,0.17097967300739395
X460,0.2178185544364974,0.1934662536411193,0.15204825525194043,0.1349249150169145,0.1294604175758082,0.12896127185089912,0.12896127185089912,0.1290117252431578,0.1297784612014535,0.1385838403135852,0.1858341328719976,0.1996257769254225,0.20403635340916484,0.19336100967907988,0.19386905015289382,0.19286575561851402,0.20096946842278104,0.21032636124474713,0.22919652747993308,0.2586567026726628,0.26263464386610924,0.2688872543382846,0.2651827927154809,0.26111018249371387
X462,0.2461759461164152,0.25840232124551377,0.27883354341767724,0.2691674582593646,0.26162831727476016,0.25507368039343614,0.2524005516526372,0.25229712410798244,0.2545781219266052,0.2587742800827744,0.26017401377882066,0.26007736144257887,0.2664232789544384,0.2638862417565536,0.25410145732622635,0.23763400649696262,0.23132034572973792,0.21761344552771944,0.21703776067168318,0.22122028071545977,0.222809893709367,0.2283063111415246,0.228018169931672,0.22793833730276647
X468,0.20162758242481857,0.18955811097204198,0.18365727394705844,0.1829562745061074,0.18349452542852307,0.18707938971817725,0.23753950899406756,0.19760735227437556,0.18755579895131627,0.19389731554435502,0.208262865973913,0.229749087213738,0.2338830851904782,0.22818437230153402,0.2214089886238232,0.23359111915580827,0.2649975480800452,0.31245775606943804,0.3110865829608225,0.3181210002872374,0.32600009679153585,0.30188434762836514,0.2531304271327892,0.205215860370222
X470,0.2981098964349533,0.28927197221071405,0.2871216349347365,0.28701417661828166,0.2882452310635583,0.2974624620058518,0.38537871187446976,0.3533913257754563,0.4014463892477052,0.4195701290424594,0.3932110406859742,0.4037681187522446,0.4397964265190276,0.43132115839887986,0.41309752231608293,0.4013720602869031,0.40551748469861115,0.4025854651092253,0.4233028051521261,0.4301082858146338,0.42885185202090803,0.40788814213529534,0.40134741658974527,0.3492919077170117
X472,0.18565644074929954,0.18353828911538037,0.18277635898317302,0.1826773055362157,0.18249010281984196,0.18291145665108982,0.29046731148766175,0.33565527174282206,0.31520475195334074,0.36540355868475194,0.37617092742050307,0.37779425591826826,0.3715051933214776,0.36616079740537744,0.36479189065771833,0.3662068948413822,0.36394042661214593,0.3817374380181048,0.4063964293914909,0.42228444026384554,0.4204323063383867,0.30420759447347856,0.22912827963289423,0.20031052066516702
X473,0.1711584704653971,0.17041208687016046,0.16217174221783875,0.16173634912659327,0.16165084646038602,0.16165084646038602,0.16178612019003702,0.22593313065207524,0.23367773409100473,0.18050057545142398,0.15848401524758465,0.16028979217394607,0.16413251753028632,0.15869532644566584,0.15804670923503478,0.15716618378678884,0.1581814002170412,0.16693418872077817,0.17908179231039062,0.18615363327800724,0.18965483350480708,0.18936174552459106,0.18758403311453462,0.18509792657802532
X481,0.23017637972987512,0.26715908343136163,0.2678681225256228,0.2708160347720737,0.2774463953963268,0.28077229332458636,0.27220509456653147,0.26718772011823644,0.2630145280748288,0.2452172093595665,0.23861012210726193,0.2414720359247716,0.2430804237856068,0.23806044735126053,0.23679218924256873,0.23958085786683997,0.23946715195091825,0.2499264223336279,0.27003017891843195,0.2724967253146862,0.25357446177319776,0.2927984424542019,0.2947532323354719,0.2897587157286967
