house,2018-07-01 00:00:00,2018-07-01 01:00:00,2018-07-01 02:00:00,2018-07-01 03:00:00,2018-07-01 04:00:00,2018-07-01 05:00:00,2018-07-01 06:00:00,2018-07-01 07:00:00,2018-07-01 08:00:00,2018-07-01 09:00:00,2018-07-01 10:00:00,2018-07-01 11:00:00,2018-07-01 12:00:00,2018-07-01 13:00:00,2018-07-01 14:00:00,2018-07-01 15:00:00,2018-07-01 16:00:00,2018-07-01 17:00:00,2018-07-01 18:00:00,2018-07-01 19:00:00,2018-07-01 20:00:00,2018-07-01 21:00:00,2018-07-01 22:00:00,2018-07-01 23:00:00
5,6.285240189953542,6.13866355952618,5.7784257069757725,4.974113337864947,4.942570500752011,4.942570500752011,4.73500601472143,4.73500601472143,4.73500601472143,5.299151174186528,5.299151174186528,5.500953372497504,6.081364999985572,6.081364999985572,6.079724779049688,6.207545736345992,6.207545736345992,6.207545736345992,6.008702449489311,6.009695378435311,6.009695378435311,6.009695378435311,6.009695378435311,6.009695378435311
7,2.0958087167804718,1.8269077713638173,2.072760951031401,2.518891858162833,2.1125290477870453,2.1109089866855264,1.3900932655197975,1.3900932655197975,1.3900932655197975,1.273107306042938,1.273107306042938,1.5299980848097832,1.5299980848097832,1.5392263463592952,1.5392263463592952,1.6224809816655963,1.5478161257806098,1.5478161257806098,1.5348824735546271,1.4544087857164456,1.4544087857164456,1.3915900874032467,1.3915900874032467,1.3915900874032467
10,3.6022518640642542,3.165774872989472,3.165774872989472,3.535508854181018,3.764962727651757,3.7083625740301223,3.538265436297062,3.538265436297062,3.538265436297062,3.8485667364032756,3.907840743668637,3.866516020186263,3.912034356256844,3.912034356256844,3.758738623213029,4.167738543117239,3.59080996404575,3.59080996404575,3.59080996404575,3.210240539460052,3.210240539460052,2.820599430263535,2.820599430263535,2.820599430263535
16,4.161600793280362,4.038590702008458,4.038590702008458,3.9250321943612243,4.0597871457732415,4.0597871457732415,4.007083232401775,4.007083232401775,4.007083232401775,4.087797242595723,4.087797242595723,4.076372373594271,4.123853574264771,4.123853574264771,4.104392624519114,4.581955115011226,4.279963309260216,4.279963309260216,4.279963309260216,3.7889689138061824,3.7889689138061824,3.554280331476234,3.554280331476234,3.554280331476234
18,2.515330671173838,2.8352272822502225,2.8352272822502225,2.455999938774625,2.422176835586409,2.422176835586409,2.4391546087245652,2.4391546087245652,2.4391546087245652,2.3602598953234337,2.401339265842042,2.3726995010306027,2.3726995010306027,2.3726995010306027,2.3726995010306027,2.392360084996806,2.2586986643835663,2.25792295321255,2.247969807836383,2.190146322275798,2.2042164632956514,2.267461938611719,2.267461938611719,2.267461938611719
20,0.27623897346869297,0.30897386473173566,0.2884499586674509,0.2651117390750269,0.27751422692307637,0.272160514757572,0.3744876716293516,0.3744876716293516,0.3851666728566211,0.22716847286136144,0.2647955687175992,0.26275917035043483,0.2647955687175992,0.2647955687175992,0.22516192079990732,0.4098084504703451,0.4120819889992759,0.4530356021434101,0.6719960394088438,0.2504930542076357,0.2504930542076357,0.28462761014827503,0.28462761014827503,0.2701640287523685
26,1.277713102121595,1.277713102121595,1.4006691465101841,1.482518394283947,1.2900149335619722,1.2888229883435347,1.2912805559507308,1.2912805559507308,1.2912805559507308,1.1791311021467707,1.1791311021467707,1.1714700071419601,1.1714700071419601,1.191485141665507,1.191485141665507,1.263338246257831,1.263338246257831,1.263338246257831,1.263338246257831,1.191485141665507,1.191485141665507,1.2288740265770852,1.2288740265770852,1.2288740265770852
30,1.6835568118223634,1.7258697927667264,3.5529502032948583,3.1576519810974495,1.6043193131261972,1.5561814528141134,0.4691397135485744,0.4691397135485744,0.4691397135485744,0.4877890248285718,0.5002386912089396,0.9446553739003971,1.01199244829444,1.01199244829444,1.01199244829444,1.0095508547666436,1.0370981313008998,1.0761235558673774,1.0370981313008998,1.0057135754678055,1.0057135754678055,1.0224971815116977,1.0224971815116977,1.0224971815116977
31,0.49883875963083507,0.4734877983030721,0.48376407826978124,0.5139226910115526,0.495313217041645,0.495313217041645,0.46779719970914607,0.46779719970914607,0.46779719970914607,0.4471883019434623,0.4471883019434623,0.4470022939674815,0.4470022939674815,0.4470022939674815,0.4470022939674815,0.46816505096533123,0.46816505096533123,0.461982444881978,0.45691846598951724,0.4409088066041722,0.43609677272759995,0.43609677272759995,0.43609677272759995,0.43609677272759995
32,0.4963410418190983,0.47818716170706604,0.48669355665568825,0.5014119834962015,0.49282137431851564,0.49282137431851564,0.48151636096233674,0.48151636096233674,0.48151636096233674,0.4402720029888993,0.4402720029888993,0.43888080913175803,0.43888080913175803,0.43888080913175803,0.43888080913175803,0.48064656739996203,0.48064656739996203,0.4803308489357325,0.4752033152918697,0.43857399638571154,0.43376975980055354,0.43376975980055354,0.43376975980055354,0.43376975980055354
35,0.03409704708434485,0.03409704708434485,0.03733328852509711,0.03733328852509711,0.03409704708434485,0.03409704708434485,0.03386072983944824,0.03386072983944824,0.03386072983944824,0.045677640806069314,0.045677640806069314,0.045677640806069314,0.045677640806069314,0.045677640806069314,0.045677640806069314,0.03386072983944824,0.03386072983944824,0.03386072983944824,-0.0008059363092798403,0.03966808542657441,0.03846962916655605,0.038359077412142416,0.038359077412142416,0.038359077412142416
37,3.8109808869132236,3.924934825542259,3.924934825542259,3.270356178654122,3.1633457461749086,3.0152293224183433,3.1656212013456426,3.1656212013456426,3.1656212013456426,2.5399668944923723,2.5399668944923723,2.537514457057465,2.5706021467399762,2.5706021467399762,2.8293639728521476,3.327483698183631,5.524787470838597,5.524787470838597,5.524787470838597,4.9620643816688155,4.9620643816688155,4.380477338504219,4.380477338504219,4.380477338504219
41,0.9803365141315409,0.8530450655051177,1.0102172502783184,0.8187189493306788,0.820924381626349,0.8204887308772305,0.9275623961380098,0.9275623961380098,0.9275623961380098,1.0992157915903242,1.0769921263775646,1.182236176137482,1.182236176137482,1.1940450924786055,1.1940450924786055,1.1629019506555676,1.1206553632205096,1.1206553632205096,1.142922653411242,1.1970373861041783,1.1970373861041783,1.1738943055076656,1.1738943055076656,1.1738943055076656
42,0.9197297947849653,0.8852242315141166,1.0766747152707605,1.1469545612362642,0.9259983414600065,0.9197297947849653,0.5342281292144844,0.5342281292144844,0.5342281292144844,0.048605252124864384,0.026405884181709575,0.036012863306702836,0.036012863306702836,0.25641434122493595,0.30944699233010714,1.3274418947244526,1.3274418947244526,1.4548125915807275,1.5511010805639684,0.29447177352002446,0.29447177352002446,0.27805957852378904,0.27805957852378904,0.27358813308748275
43,1.0258913709594433,1.0027470908999019,1.0490870372701235,1.0697731450531525,1.0295710286333097,1.0229653839401505,0.6388929880966854,0.6388929880966854,0.6388929880966854,0.3853788241905549,0.36634491838151856,0.36727830386308796,0.36727830386308796,0.36727830386308796,0.3844120732363287,0.5969683173673035,0.5969683173673035,0.5472321106701463,0.5362809346225736,0.37666907958778056,0.37666907958778056,0.3667951496125539,0.3667951496125539,0.3558543133971475
44,1.9930019981621379,2.040155752634108,1.922779287326114,1.5661943360904695,1.3902147592502667,1.9930019981621379,1.5837767696275837,1.5837767696275837,1.5837767696275837,0.5401018340012862,0.5643656279402547,0.5646444820839607,0.5646444820839607,0.5646444820839607,0.4737713075355428,1.4025969610318336,1.4025969610318336,1.3808326372662563,1.3180194106143288,0.42890003978032154,0.42890003978032154,0.45141188630837703,0.45141188630837703,0.4350704860529485
47,0.09686019086954795,0.0906389463236513,0.07353839765151646,0.08621154610178378,0.10044179871932894,0.09686019086954795,0.1646842291280731,0.1646842291280731,0.1646842291280731,0.10150442104136874,0.08637070379938008,0.08637070379938008,0.08637070379938008,0.08637070379938008,0.07292861517114582,0.13479080749813305,0.13479080749813305,0.21316347956169177,0.45598985885058874,0.15104194847195626,0.15104194847195626,0.15656638923971544,0.15656638923971544,0.14730837903935537
50,5.183575732607497,4.990711861081792,4.990711861081792,4.7149110979825855,4.6651634593064495,4.6651634593064495,4.417264642963396,4.417264642963396,4.417264642963396,3.9856387561830937,3.9856387561830937,3.979836106024421,4.152271591942388,4.152271591942388,5.56378733275202,5.745889556781659,7.330942499653327,7.330942499653327,7.330942499653327,7.18262391919843,7.18262391919843,6.418537295994388,6.418537295994388,6.418537295994388
51,11.356388718400305,11.10778225171283,10.673116428310198,9.704259120441472,8.6172921218645,8.6172921218645,7.233658945825472,7.233658945825472,7.233658945825472,6.739621024790311,6.739621024790311,8.56320436598899,9.783604210160117,9.783604210160117,9.993205251447288,12.749572284726675,12.749572284726675,12.749572284726675,12.749572284726675,10.376614925225784,10.376614925225784,10.376614925225784,10.376614925225784,10.376614925225784
55,9.489291460048236,9.488766787553903,10.794183204301142,10.304913267890257,9.593692426949763,9.593692426949763,6.565978418960736,6.565978418960736,6.565978418960736,1.834827375927996,1.834827375927996,3.3325411032730945,4.470229143912148,4.470229143912148,4.544159935176259,10.688850759555507,10.688850759555507,10.688850759555507,10.688850759555507,4.848338585225101,4.848338585225101,4.848338585225101,4.848338585225101,4.848338585225101
59,0.7111363140864544,0.694521537129238,0.9260071413002953,0.9420826342750507,0.702479506607216,0.702479506607216,0.2869410717611964,0.2869410717611964,0.2869410717611964,0.21847162834280123,0.21847162834280123,0.4290090054072879,0.4290090054072879,0.4290090054072879,0.246301449527395,0.27394725629756495,0.27668604981478906,0.27668604981478906,0.2535378784227224,0.2263349735970703,0.23758469715055752,0.21711469436967062,0.21711469436967062,0.21711469436967062
61,2.205328775370732,2.1453191247567607,2.2482280257288503,2.585439702031131,2.0290664276340413,2.0290664276340413,1.0521307385662626,1.0521307385662626,1.0521307385662626,0.8193264700383822,0.8541799642453293,1.0754792414725656,1.0754792414725656,1.0867104551231745,1.0867104551231745,1.2044124523464905,1.2044124523464905,1.2466431777841083,1.200198279387229,1.0435718490328687,1.0435718490328687,1.082721292947816,1.082721292947816,1.082721292947816
62,0.457630229564976,0.4460523414470865,0.43078062961348373,0.45243500620388705,0.4590867342040831,0.4656671455692888,0.3744905201986647,0.3744905201986647,0.3721041007262938,0.274060154769284,0.2622807856659029,0.26447619594484484,0.2622807856659029,0.2622807856659029,0.2622807856659029,0.3744905201986647,0.3721041007262938,0.34541844497983437,0.28438689205989165,0.22720104905475907,0.21996726297393168,0.20814985082838533,0.20814985082838533,0.20814985082838533
67,0.8989712316614955,0.8739055830787572,0.9808859493809104,1.007991345235943,0.8995471161716543,0.9340758436690529,0.4984654543981751,0.4984654543981751,0.4984654543981751,0.3354046463321041,0.3354046463321041,0.3443862679411206,0.3443862679411206,0.3443862679411206,0.3443862679411206,0.45839941540217743,0.45839941540217743,0.44078168560324543,0.43257195969519574,0.32814583766952055,0.3164426489209694,0.3164426489209694,0.3164426489209694,0.3164426489209694
68,1.5731376756842181,1.444517257763496,1.5567278275157603,1.4269006995494915,1.438113606570106,1.4082923465640955,1.407796474208043,1.407796474208043,1.407796474208043,1.456229800137184,1.4302265521707145,1.6913926870730354,1.6913926870730354,1.6913926870730354,1.5383432613301342,1.4523426946351545,1.4523426946351545,1.4523426946351545,1.4523426946351545,1.44262254616164,1.44262254616164,1.4167633534457207,1.4167633534457207,1.4167633534457207
70,0.4874481008959415,0.2566921797090306,0.280615338757515,0.522109824575601,0.4828809035751702,0.4828809035751702,0.32914738650643915,0.32914738650643915,0.14416316710086982,0.13498769583466436,0.13498769583466436,0.13603615659253082,0.13603615659253082,0.13603615659253082,0.15944091143243486,0.2127306340926294,0.2127306340926294,0.22265198874359,0.22471760205273544,0.16205328175653722,0.16205328175653722,0.16205328175653722,0.16205328175653722,0.16205328175653722
73,0.07928517236978923,0.07511045026159748,0.08002041313426257,0.08421420093989028,0.08192965514799631,0.10882587336075782,0.09746134457819597,0.09746134457819597,0.09746134457819597,0.07740578731911182,0.07740578731911182,0.07740578731911182,0.07740578731911182,0.07740578731911182,0.07740578731911182,0.09746134457819597,0.09386379585188609,0.09386379585188609,0.08527656980285545,0.06894776258392277,0.06894776258392277,0.06810127341690277,0.06810127341690277,0.06810127341690277
75,1.183040648769054,0.9309042970166724,1.12256151425529,1.4091937814400706,0.9301933868684736,1.19409833355877,0.46761501255893767,0.46761501255893767,0.46761501255893767,0.16256440146636322,0.1533750582762027,0.15313173029167718,0.15313173029167718,0.15313173029167718,0.22784146128296465,0.7295550262133951,0.7295550262133951,0.7257596128741515,0.7569244257273545,0.2691382040750814,0.2691382040750814,0.2691382040750814,0.2691382040750814,0.2691382040750814
76,0.514086774504811,0.22318090037066454,0.2520158518443585,0.5581453941389203,0.5112590474512098,0.5112590474512098,0.3098626134796856,0.3098626134796856,0.06457696423679028,0.04797225953529054,0.04797225953529054,0.04894033856688513,0.04894033856688513,0.2478117980429969,0.2717886917241195,0.4610974307778255,0.4610974307778255,0.48840837456483877,0.4432787945303697,0.23322717155874373,0.23322717155874373,0.23322717155874373,0.23322717155874373,0.23322717155874373
80,4.90417656990361,4.56193131146468,4.101008767100437,3.2283635697770428,2.9889205011815623,2.9889205011815623,2.295011137090805,2.295011137090805,2.295011137090805,1.7910830036046672,1.7910830036046672,2.9527875434736908,4.351259448507861,4.351259448507861,4.450254008516727,6.906136042533265,6.906136042533265,6.906136042533265,6.906136042533265,4.848341039588215,4.848341039588215,4.848341039588215,4.848341039588215,4.848341039588215
82,0.3345624345913141,0.36650584105606665,0.36286326786421785,0.32840678125210343,0.33195726136508075,0.33195726136508075,0.2924833968584315,0.2924833968584315,0.3285074753338446,0.3055449420537589,0.3055449420537589,0.30559807224012825,0.30559807224012825,0.30559807224012825,0.3120268632609562,0.33510340359407,0.33631207185651707,0.33212613672126695,0.32335797310520525,0.3027937104474901,0.3027937104474901,0.3027937104474901,0.3027937104474901,0.3027937104474901
87,0.4376218749076727,0.4376218749076727,0.44996271809685295,0.33964742981555285,0.3515444735330662,0.4358005751701708,0.2886637106752313,0.2886637106752313,0.2886637106752313,0.30786365485120193,0.30786365485120193,0.3221454623124567,0.3221454623124567,0.3221454623124567,0.3311620192302669,0.31714612973601186,0.3275493327232074,0.3466945254115191,0.3466945254115191,0.366759077160585,0.3671687060023201,0.3671687060023201,0.3671687060023201,0.3671687060023201
88,0.15629075940957363,0.1578954810933548,0.15688211513011663,0.16011537853480962,0.1527403780179626,0.152548850979898,0.13998348469197847,0.13998348469197847,0.143217102982276,0.1454414676511341,0.1454414676511341,0.14649958522692158,0.14649958522692158,0.14649958522692158,0.14649958522692158,0.14003891539316413,0.14003891539316413,0.13791060092930374,0.13864318228210595,0.13941596445151205,0.14398214336480794,0.14398214336480794,0.14398214336480794,0.14398214336480794
91,0.29747608521725366,0.29747608521725366,0.30144710770518574,0.28457935968733905,0.28474884290263186,0.33622433634138166,0.27498072598329004,0.27498072598329004,0.27498072598329004,0.30100305994239995,0.30100305994239995,0.314910359520544,0.314910359520544,0.314910359520544,0.3243981346316446,0.3140356232340463,0.3140356232340463,0.30803072297318557,0.3450480239026116,0.3556550997166629,0.3556550997166629,0.3556550997166629,0.3556550997166629,0.3556550997166629
94,0.05170226841374709,0.05170226841374709,0.05502322041629694,0.05502322041629694,0.05170226841374709,0.055720979506492636,0.04773717984488354,0.04773717984488354,0.04773717984488354,0.04510646598646468,0.04510646598646468,0.04510646598646468,0.04510646598646468,0.04510646598646468,0.04510646598646468,0.04773717984488354,0.04773717984488354,0.04773717984488354,0.04660940849344266,0.04398152630290811,0.04398152630290811,0.039436458622520355,0.039436458622520355,0.039436458622520355
102,0.4348121161844351,0.3770657090421911,0.379988838610105,0.4372923598232838,0.4342478483916061,0.4342478483916061,0.4308913840779005,0.4308913840779005,0.3720403010558416,0.3504862981034704,0.3504862981034704,0.3496078942423503,0.3496078942423503,0.3496078942423503,0.3496078942423503,0.3813321426920294,0.46085743020039693,0.46537418950841913,0.46537418950841913,0.37022200286997675,0.35743073853723617,0.35743073853723617,0.35743073853723617,0.35743073853723617
105,0.192777348653292,0.1893467069758622,0.20270179884635076,0.20483896386355094,0.19176555861508585,0.19176555861508585,0.1837570744619804,0.1837570744619804,0.18711485865679583,0.22061669507161172,0.22061669507161172,0.22066636903564452,0.22066636903564452,0.22066636903564452,0.22066636903564452,0.18277020936767596,0.1834739177315794,0.17927279363904727,0.1736375653768512,0.21125517969196872,0.21213403159096939,0.21213403159096939,0.21213403159096939,0.21213403159096939
106,0.36332519967415117,0.3698967508601398,0.3759625838645474,0.3728527784595072,0.3524992124743404,0.3524992124743404,0.3855195659017428,0.3855195659017428,0.3855195659017428,0.45715614809471894,0.45715614809471894,0.47112602578545865,0.47112602578545865,0.47112602578545865,0.47112602578545865,0.3986747465666958,0.3986747465666958,0.3980337981311348,0.3980337981311348,0.4734244048480105,0.47785843603470396,0.47785843603470396,0.47785843603470396,0.47785843603470396
107,0.08235715934234596,0.028647527367692063,0.04884331456468347,0.08357363628882582,0.08235715934234596,0.10322432026157545,0.1704438974031104,0.1704438974031104,0.11236315165861155,0.11265977490450113,0.11265977490450113,0.11762169488366216,0.11762169488366216,0.11762169488366216,0.11762169488366216,0.11732374884275175,0.11732374884275175,0.13090288915385634,0.13090288915385634,0.11762169488366216,0.11762169488366216,0.11762169488366216,0.11762169488366216,0.11762169488366216
110,0.5633399461051753,0.33536582987420327,0.36337720369926485,0.5938013284314316,0.5585397234896732,0.704106939252389,0.43461351029243317,0.43461351029243317,0.24444296269567908,0.1330645236799368,0.1330645236799368,0.134111207880628,0.134111207880628,0.1486336628809682,0.15683496822953466,0.31701690522538584,0.31701690522538584,0.31042816825072916,0.2968297981832727,0.1775594664773714,0.1822785044518562,0.1822785044518562,0.1822785044518562,0.1822785044518562
111,0.1922956747753564,0.17814653271918038,0.18732002275116338,0.20025240685464274,0.1912842933237418,0.1912842933237418,0.1788385536279985,0.1788385536279985,0.1788385536279985,0.17110047157524663,0.17110047157524663,0.17114813043731092,0.17114813043731092,0.17114813043731092,0.17114813043731092,0.1745241942830215,0.1745241942830215,0.169862709688699,0.17568480054810354,0.1532832990912559,0.15790505097613647,0.15790505097613647,0.15790505097613647,0.15790505097613647
116,0.19946876563511734,0.19787964486129617,0.1980900197879667,0.19887104049568383,0.19866052842808785,0.19866052842808785,0.18450218477832986,0.18450218477832986,0.18786208251459546,0.20598681030307575,0.20598681030307575,0.20603588889235025,0.20603588889235025,0.20603588889235025,0.20603588889235025,0.1879104235037045,0.1879104235037045,0.1967949513457265,0.22054451791919233,0.23631967282863117,0.23631967282863117,0.23631967282863117,0.23631967282863117,0.23631967282863117
120,0.35977005240274484,0.3153813612527318,0.33527375026655803,0.3747522182726291,0.3542716943965023,0.3542716943965023,0.32214057402217644,0.32214057402217644,0.2827897809674707,0.2854396487353816,0.2854396487353816,0.2818476639492727,0.2818476639492727,0.2818476639492727,0.2818476639492727,0.2792052008733806,0.2792052008733806,0.2821346959582798,0.2789462364401272,0.28158816457138947,0.28290772591149455,0.2833341086930986,0.2833341086930986,0.2833341086930986
123,0.4472490442809408,0.4112945700725896,0.41684704964951136,0.4600812166523156,0.45435930676930164,0.45435930676930164,0.42482983921984285,0.42482983921984285,0.3947739712209589,0.3434447814271809,0.3434447814271809,0.34349945397755816,0.34349945397755816,0.34349945397755816,0.34349945397755816,0.39483073265340535,0.3960934720288767,0.38599219596498907,0.3773651710533653,0.33740906763334355,0.33740906763334355,0.33740906763334355,0.33740906763334355,0.33740906763334355
124,0.1978273809872673,0.19943870496441107,0.20718725105321556,0.18809771249616805,0.18047169600597746,0.18796975292698093,0.18981843588884142,0.18981843588884142,0.19319341342850546,0.2125745736275008,0.2125745736275008,0.21308468977210548,0.21308468977210548,0.21308468977210548,0.2144250924300917,0.19501435450272872,0.19501435450272872,0.19824131324283822,0.19402550842981564,0.21292370562321575,0.21292370562321575,0.21292370562321575,0.21292370562321575,0.21292370562321575
125,0.18912723389221867,0.18131490464834876,0.1783858199590265,0.16654582392962122,0.16944547823162553,0.16944547823162553,0.18222772572062365,0.18222772572062365,0.18558117184376643,0.21723585355655012,0.20761436679195414,0.20766351161593016,0.20766351161593016,0.20766351161593016,0.20899792412197463,0.18693948586001674,0.18693948586001674,0.18822163265331876,0.19350004865026857,0.2228800880732984,0.2228800880732984,0.2228800880732984,0.2228800880732984,0.2228800880732984
126,0.27346208207249634,0.12058387411128108,0.12412233301977782,0.27748328329896954,0.2901132412247206,0.44410651786787714,0.37298953660881873,0.37298953660881873,0.2541354916155868,0.10926961196921131,0.11105848420993501,0.10926961196921131,0.11105848420993501,0.11105848420993501,0.11979818419490551,0.2888737188791119,0.29095223107544643,0.2763161024312015,0.27504361629644314,0.11868174629962136,0.10994160225071391,0.10752116162955985,0.10752116162955985,0.10752116162955985
130,0.34938629208951616,0.42642157435095307,0.44421263588288434,0.3664733052410053,0.35085654060283505,0.35085654060283505,0.32416365206205433,0.32416365206205433,0.32416365206205433,0.3151692674886097,0.3151692674886097,0.31521485559784357,0.31521485559784357,0.31521485559784357,0.31521485559784357,0.32236242899067064,0.32236242899067064,0.32461283432626936,0.32447656326242197,0.317453097144645,0.31802448583020604,0.3162361435186645,0.3162361435186645,0.3162361435186645
132,0.3314274563430367,0.39642280799010166,0.4039271962993469,0.34237358909590276,0.33296001014736193,0.33296001014736193,0.3070395963603629,0.3070395963603629,0.3070395963603629,0.291579066652423,0.291579066652423,0.2957477562163342,0.2957477562163342,0.2906469057588155,0.2906469057588155,0.3142172555153049,0.3169705776110287,0.32603814786867863,0.3702972494573811,0.3179062504255543,0.32318772437198173,0.32318772437198173,0.32318772437198173,0.32318772437198173
133,0.2958892159897902,0.2865399432946972,0.28289706358437927,0.2937072869951652,0.2973808631227133,0.2973808631227133,0.2942931563243776,0.2942931563243776,0.2942931563243776,0.2589120769925664,0.2589120769925664,0.2560121021582063,0.2560121021582063,0.2560121021582063,0.2560121021582063,0.29131167918215184,0.2813133716397926,0.27172514276910725,0.21250910932504416,0.242116978873997,0.24709472934768942,0.24709472934768942,0.24709472934768942,0.24709472934768942
134,0.28016552317099463,0.3911409225747145,0.40103874694985686,0.2907578013619314,0.28163907137923905,0.28163907137923905,0.2735704288150374,0.2735704288150374,0.2735704288150374,0.2675718001870113,0.2675718001870113,0.26806108833336206,0.26806108833336206,0.26806108833336206,0.26806108833336206,0.278190154849559,0.278190154849559,0.28096028382614424,0.33286053514710207,0.29792106359906073,0.3031224474453731,0.3031224474453731,0.3031224474453731,0.3031224474453731
139,0.31632037326176843,0.4082117499573382,0.4171218370219534,0.3264719124602471,0.31783553789664387,0.31783553789664387,0.30082437900709263,0.30082437900709263,0.30082437900709263,0.3002608019906409,0.3002608019906409,0.30441597884658006,0.30441597884658006,0.30441597884658006,0.30441597884658006,0.30402956705303325,0.30402956705303325,0.32296527253516283,0.36172999047882654,0.3082235681675921,0.3134662390246037,0.3134662390246037,0.3134662390246037,0.3134662390246037
140,0.396968522808383,0.47979345556032615,0.4991027267296855,0.41332553814811546,0.397595331084351,0.397595331084351,0.34939724043121745,0.34939724043121745,0.34939724043121745,0.30035751723026083,0.30035751723026083,0.30081460370095836,0.30081460370095836,0.30081460370095836,0.30081460370095836,0.3674519145601691,0.37031676476313047,0.3701143189451854,0.47008639628750937,0.29552084673192397,0.296153760633336,0.296153760633336,0.296153760633336,0.296153760633336
142,0.42285708132714556,0.5605606747168862,0.6055925505611831,0.4614328550583028,0.41878330126276136,0.41878330126276136,0.32682965111479334,0.32682965111479334,0.32682965111479334,0.2865086700578308,0.2865086700578308,0.29872585679198804,0.29872585679198804,0.29872585679198804,0.29872585679198804,0.34258839329286506,0.34258839329286506,0.34487321931146675,0.35653171135429373,0.30093603724897183,0.30068304695767656,0.2989182341246934,0.2989182341246934,0.2989182341246934
143,0.3670872240509935,0.3853483094830107,0.3852607344058853,0.3683667485495829,0.35819224990308646,0.383394066493775,0.3468024178981172,0.34217311104235004,0.3505145844120552,0.2403411908516404,0.24140517787104504,0.2403411908516404,0.24140517787104504,0.24140517787104504,0.24140517787104504,0.3336991463613956,0.33484321751696633,0.33484321751696633,0.34934092883520973,0.2548880601013832,0.25675154420063995,0.25804237025591054,0.25804237025591054,0.25804237025591054
148,0.3611016506635709,0.39079112981546893,0.3931887289011127,0.36481046295706054,0.3624617012637011,0.3654519124246028,0.33221930463659693,0.33221930463659693,0.3333621063572755,0.26536667550650644,0.2664521298375052,0.26536667550650644,0.2664521298375052,0.2664521298375052,0.2664521298375052,0.33221930463659693,0.3333621063572755,0.33808258082967246,0.3705034521605747,0.2658295794190944,0.2654806526555593,0.2715080907486653,0.2715080907486653,0.2715080907486653
149,0.3581121018912925,0.3966513376452049,0.4048294937980011,0.3676370130233233,0.35967537134208966,0.35967537134208966,0.3302263227502347,0.3302263227502347,0.3302263227502347,0.3057245365443633,0.3057245365443633,0.30548151167294907,0.30548151167294907,0.30548151167294907,0.30548151167294907,0.3290301596587956,0.3290301596587956,0.3242445733043838,0.335552058130729,0.300403328399929,0.303220410078775,0.303220410078775,0.303220410078775,0.303220410078775
155,0.40264845626263224,0.46188779414178815,0.46227731308213016,0.3968590324156272,0.404050021585679,0.39956636489457886,0.42480413805086276,0.42480413805086276,0.4260263607096452,0.3509136578075096,0.35207249588113404,0.3509136578075096,0.35207249588113404,0.35207249588113404,0.35207249588113404,0.4194318443821073,0.420649458590594,0.416120944357136,0.465720619765257,0.371886919378341,0.3715087578386696,0.3743467609198411,0.3743467609198411,0.3743467609198411
157,0.3236416894387685,0.35794270612799506,0.35055731402057094,0.3177582752696302,0.31050929954432094,0.32496430900447165,0.29068797724104845,0.29068797724104845,0.29060690219437163,0.25106879276541,0.25214198211500394,0.25106879276541,0.25214198211500394,0.25214198211500394,0.25214198211500394,0.28778529004949155,0.28888997547193745,0.28888997547193745,0.2947392078434154,0.2578244449744049,0.25969228954747137,0.26098613608100046,0.26098613608100046,0.26098613608100046
158,0.4793920686567458,0.5782172332302307,0.5782044319778775,0.4728814876344012,0.45411722968552404,0.4787456984968523,0.39057196507678077,0.39057196507678077,0.39176482276086194,0.28539367561170736,0.2864963094642013,0.28539367561170736,0.2864963094642013,0.2864963094642013,0.2864963094642013,0.3675104024622348,0.3686834775224298,0.36728414441646473,0.3868704069834304,0.285984218485703,0.2864630956897931,0.2869649340743772,0.2869649340743772,0.2869649340743772
160,0.3104583064174746,0.3312848768512954,0.3336405417530168,0.31408888277159897,0.31176775278044083,0.31176775278044083,0.3024918870638458,0.3024918870638458,0.3036091880701635,0.2985734778179215,0.2996874175421943,0.2985734778179215,0.2996874175421943,0.2996874175421943,0.2996874175421943,0.3024918870638458,0.3035142712393357,0.3025455959347649,0.30492830642187496,0.30080929856958416,0.30216002238970474,0.30349748809069294,0.30349748809069294,0.30349748809069294
161,0.5588116957247884,0.6108653582235133,0.6770943145191526,0.6246687839225606,0.5605101275167955,0.5605101275167955,0.4502183799000129,0.4502183799000129,0.4502183799000129,0.3315714638129914,0.3315714638129914,0.34365159503908654,0.34365159503908654,0.34365159503908654,0.34365159503908654,0.46865491907129153,0.46865491907129153,0.46790454131316134,0.4791091751573815,0.3429650850505924,0.3435475384649603,0.3435475384649603,0.3435475384649603,0.3435475384649603
163,0.29031078018337725,0.3149789941071718,0.32002299845450166,0.29655442200182175,0.2916000945781451,0.2916000945781451,0.29694915390912724,0.29694915390912724,0.29806170025908735,0.2661205449168167,0.26720664593057725,0.2661205449168167,0.26720664593057725,0.26720664593057725,0.26720664593057725,0.29694915390912724,0.29625865514005034,0.28848221833531146,0.3125626186555569,0.2656152616052124,0.2684436881975698,0.27106842323832175,0.27106842323832175,0.27106842323832175
165,0.31835608940769816,0.32717379742415803,0.3334528649786263,0.325917009581795,0.3196734274549411,0.3196734274549411,0.3050324922469883,0.3050324922469883,0.30615197263020344,0.2813145934265392,0.2824137281688463,0.2813145934265392,0.2824137281688463,0.2824137281688463,0.2824137281688463,0.3050324922469883,0.30393028686592466,0.29365466060115947,0.3101579523470148,0.27567300196439143,0.27613785403531227,0.2774485920246207,0.2774485920246207,0.2774485920246207
166,0.5546446917768603,0.6363879373718808,0.6631009819216125,0.5774316006029521,0.5558234976883522,0.5558234976883522,0.4268217079603961,0.4268217079603961,0.4268217079603961,0.3310444435485237,0.3310444435485237,0.33378504057031033,0.33378504057031033,0.33378504057031033,0.33378504057031033,0.4644513428318007,0.47056003944595315,0.4791305421437949,0.4945040830502816,0.3409117810588422,0.3411141575078976,0.3411141575078976,0.3411141575078976,0.3411141575078976
172,0.1614441581979342,0.16456606136037177,0.1644491184443522,0.1638331806450912,0.1626047054822643,0.16319447352084687,0.1529964628709262,0.1529964628709262,0.1529964628709262,0.11975287327005894,0.11975287327005894,0.11975287327005894,0.11975287327005894,0.11975287327005894,0.11975287327005894,0.1529964628709262,0.1529964628709262,0.1529964628709262,0.14778103857637617,0.11468782187813757,0.11521944440395367,0.11129092839705068,0.11129092839705068,0.11129092839705068
175,0.44825821426924795,0.5059267249827734,0.5148277169901977,0.45849523475275555,0.4499252473662068,0.4499252473662068,0.394952579043552,0.394952579043552,0.40093179505674337,0.3101435425223795,0.3101435425223795,0.3106492635436894,0.3106492635436894,0.3106492635436894,0.3106492635436894,0.3934135778928065,0.3925614357726484,0.3994380434457617,0.4940146826807299,0.3265214251605929,0.32926679942787884,0.32926679942787884,0.32926679942787884,0.32926679942787884
176,0.3308088044506226,0.35191989543865787,0.3583160406670857,0.33844114234345773,0.33213858559685017,0.3302273527057166,0.31243003840932815,0.31243003840932815,0.313555864540915,0.2611466828684085,0.2622285172136952,0.2611466828684085,0.2622285172136952,0.2622285172136952,0.2622285172136952,0.31243003840932815,0.31759207465938694,0.3312307878789176,0.37272921565166456,0.2816434316362772,0.28129014577388484,0.272810122471562,0.272810122471562,0.272810122471562
177,0.3779989109337569,0.40858371515481245,0.41410056287777025,0.3847782981610233,0.3693960830253147,0.3824031785841974,0.31895634519160765,0.31895634519160765,0.32008776970672975,0.24341768303603434,0.2444843091258606,0.24341768303603434,0.2444843091258606,0.2444843091258606,0.2444843091258606,0.31895634519160765,0.32008776970672975,0.32564334183891097,0.3966808399538373,0.28438221162016014,0.28402817081124787,0.2843873866006458,0.2843873866006458,0.2843873866006458
178,0.372435315758445,0.4147885555825484,0.42518803753017914,0.38643895396287997,0.3740150720976547,0.3740150720976547,0.3394892816404589,0.3394892816404589,0.3394892816404589,0.29229233051027453,0.29229233051027453,0.2964633221985212,0.2964633221985212,0.2913596548385228,0.2913596548385228,0.34684513951353785,0.3496668179434766,0.33407885578492735,0.3718792506283072,0.3139738619202189,0.3156431888082455,0.3156431888082455,0.3156431888082455,0.3156431888082455
183,0.2055934725816601,0.2239123522099226,0.22586386199864858,0.20872235651563048,0.20679813508801914,0.20679813508801914,0.2069252518928154,0.2069252518928154,0.20875072439544137,0.21836118142997804,0.22020395075763882,0.21836118142997804,0.22020395075763882,0.22020395075763882,0.22020395075763882,0.2069252518928154,0.20875072439544137,0.20875072439544137,0.2078885638643206,0.21933362103205623,0.22114430748826402,0.22239856088196386,0.22239856088196386,0.22239856088196386
186,0.3231851740424535,0.31002483445913837,0.31985659486594764,0.3272596278882836,0.3342178293837147,0.33048080216969467,0.30408394071997874,0.30408394071997874,0.3064805003650348,0.2217681287129807,0.21964686908242217,0.2217681287129807,0.21964686908242217,0.21964686908242217,0.21964686908242217,0.2698347644332001,0.2721683831959998,0.2721683831959998,0.26614406871378016,0.21225598375880939,0.21029996022259909,0.20982219006821587,0.20982219006821587,0.20982219006821587
187,0.31319161917643035,0.3370927411109518,0.33866221603036356,0.3160467568346874,0.31450379674147566,0.31450379674147566,0.3070546125761227,0.3070546125761227,0.3081758275705866,0.2736723777390617,0.2747649568510705,0.2736723777390617,0.2747649568510705,0.2747649568510705,0.2747649568510705,0.3070546125761227,0.3081758275705866,0.31871697567461693,0.3395074906787074,0.2873635770393603,0.2887003392000973,0.29002398028329446,0.29002398028329446,0.29002398028329446
192,0.2730733328075702,0.32054215475405157,0.3224518417972521,0.27638187716901064,0.27453871747429326,0.27453871747429326,0.2944239874357726,0.2944239874357726,0.2944239874357726,0.26687729764233603,0.26687729764233603,0.26736631770772856,0.26736631770772856,0.26736631770772856,0.26736631770772856,0.29397918644530446,0.29397918644530446,0.2926176165989975,0.28494212034120814,0.25639595290915107,0.26274627607767875,0.26274627607767875,0.26274627607767875,0.26274627607767875
194,0.2617490726875036,0.2778830738399245,0.27797379659436544,0.26309951426647515,0.26300984743029066,0.26300984743029066,0.25754819783903965,0.25754819783903965,0.2574400864013577,0.23678799540409393,0.23784893442842955,0.23678799540409393,0.23784893442842955,0.23784893442842955,0.23784893442842955,0.2563623561377345,0.2574400864013577,0.2574400864013577,0.2726529670741614,0.25147055168203136,0.2516837666404421,0.24692612408818174,0.24692612408818174,0.24692612408818174
195,0.38548729419594235,0.40427355444442775,0.4159662783539017,0.3986316527116461,0.3870820741544362,0.3870820741544362,0.3448378094090801,0.3448378094090801,0.3448378094090801,0.3184052579226807,0.3184052579226807,0.3189890765024501,0.3189890765024501,0.3189890765024501,0.3189890765024501,0.3454333328986834,0.3454333328986834,0.34781636316949033,0.3631434570073726,0.31441505683796583,0.31457339175573373,0.31457339175573373,0.31457339175573373,0.31457339175573373
196,0.5040543864345534,0.5368295127826296,0.5428104173192875,0.5184590961146113,0.5125725926306244,0.5125725926306244,0.47363737617832646,0.47363737617832646,0.47363737617832646,0.42604250107679514,0.42604250107679514,0.42515737626068273,0.42515737626068273,0.42515737626068273,0.42515737626068273,0.4729143732658746,0.4729143732658746,0.4729143732658746,0.4783627538906502,0.4238555596459228,0.42570039845108354,0.42570039845108354,0.42570039845108354,0.42570039845108354
200,0.37402528933725276,0.36924163855730685,0.3693388472734156,0.375495899398671,0.3854818471530587,0.3753982535963485,0.32304967314389776,0.32304967314389776,0.3245331412748273,0.2197063265693976,0.21901881286131633,0.21797401281020104,0.21901881286131633,0.21901881286131633,0.21901881286131633,0.3037704353801838,0.3048888331482815,0.3030355371288679,0.29395079151307013,0.21051983067690222,0.21072606879813183,0.21196962148172446,0.21196962148172446,0.21196962148172446
201,0.4651144192805393,0.45618798959962537,0.4642901501856735,0.4749620649552697,0.46680085489244066,0.45944617247746244,0.391863983734711,0.391863983734711,0.391863983734711,0.2580643471280305,0.2580643471280305,0.25854996535676156,0.25854996535676156,0.25854996535676156,0.25854996535676156,0.4089946598730204,0.4072276190448213,0.39777943179359593,0.331329217010465,0.26258651297070507,0.2638733242583524,0.2638733242583524,0.2638733242583524,0.2638733242583524
205,0.3929571884880041,0.4533426101318431,0.4690952248025707,0.41870269171355196,0.4031749906037769,0.4011218188109105,0.3690874479023559,0.3690874479023559,0.3690874479023559,0.3238795619073444,0.3238795619073444,0.324436388705217,0.324436388705217,0.324436388705217,0.324436388705217,0.36866432358791684,0.370300581698203,0.3696888435610487,0.4015182642241595,0.322179005668869,0.3251715845865881,0.3251715845865881,0.3251715845865881,0.3251715845865881
206,0.348701296561445,0.3964235819915394,0.3982654374069139,0.3523386243842517,0.35025373360418166,0.35025373360418166,0.3183490743869698,0.3183490743869698,0.3183490743869698,0.2979518038141808,0.2979518038141808,0.2914036080738823,0.2914036080738823,0.2914036080738823,0.2914036080738823,0.30888366493729363,0.30888366493729363,0.3019772757114377,0.2776384928806384,0.29078871644605564,0.301054804083814,0.301054804083814,0.301054804083814,0.301054804083814
211,0.3403167759768876,0.3434644700316415,0.3500184239873969,0.34820118955401685,0.34165605775253105,0.34165605775253105,0.31961228889382787,0.31961228889382787,0.32074427608927525,0.3020198483138989,0.30313674439687266,0.3020198483138989,0.30313674439687266,0.30313674439687266,0.30313674439687266,0.31961228889382787,0.3206481116389418,0.3115390175582736,0.30944569628255125,0.2920252033234358,0.2916690557187888,0.2929957460098033,0.2929957460098033,0.2929957460098033
213,0.3063061021888829,0.331025494119705,0.3333807000521948,0.30992517501449657,0.3076113995539765,0.3076113995539765,0.3056888977238205,0.3056888977238205,0.30680894118347946,0.29272282111197234,0.29383174203751783,0.29272282111197234,0.29383174203751783,0.29383174203751783,0.29383174203751783,0.3056888977238205,0.3067137913760604,0.31540783877652073,0.3264545544736223,0.29949405326486844,0.3008434113712258,0.30472842180085463,0.30472842180085463,0.30472842180085463
214,0.3883280672509138,0.4401645558925949,0.44823913623147993,0.4033927173548344,0.3955681758410794,0.3955681758410794,0.39850858991278587,0.39850858991278587,0.39850858991278587,0.3640576025792361,0.3640576025792361,0.36487185847106907,0.36487185847106907,0.36487185847106907,0.36487185847106907,0.39832279797174974,0.4133530686541645,0.4129606185961982,0.4353960931264664,0.3656887118940514,0.3674581859916197,0.3674581859916197,0.3674581859916197,0.3674581859916197
215,0.5011100673199483,0.5618304064045412,0.5970024277445599,0.5387539641090179,0.5048647937969128,0.5048647937969128,0.45014681357138153,0.45014681357138153,0.45014681357138153,0.37698050864013066,0.37698050864013066,0.37617677752977857,0.37617677752977857,0.37617677752977857,0.37617677752977857,0.4469768781458508,0.4469768781458508,0.4494393531948076,0.4620527920045579,0.3785187644881074,0.3791166377836116,0.3888523959192659,0.3888523959192659,0.3888523959192659
216,0.23881451636181233,0.2716428460211389,0.27674346042940606,0.24502627791934417,0.2400523742584702,0.2400523742584702,0.2417681460066251,0.2417681460066251,0.2428333570938696,0.20381591726228745,0.20484857224397063,0.20381591726228745,0.20484857224397063,0.20484857224397063,0.20484857224397063,0.2417681460066251,0.2428333570938696,0.2428333570938696,0.2670176229276948,0.22829369301928315,0.23112966714503397,0.2348064752491257,0.2348064752491257,0.2348064752491257
217,0.220867415253601,0.22692426018856893,0.22538861212001457,0.22074288166788492,0.22227270774093086,0.22227270774093086,0.23741876756857166,0.23741876756857166,0.23741876756857166,0.23094027212921153,0.23094027212921153,0.22982201059506932,0.22982201059506932,0.22982201059506932,0.22982201059506932,0.23827484907031077,0.23827484907031077,0.22479481088622105,0.2106615921642993,0.22511459972486897,0.23130681453479435,0.23130681453479435,0.23130681453479435,0.23130681453479435
218,0.28109974114650976,0.31219525516864344,0.307069273624495,0.2775640946953359,0.2825743646963401,0.2825743646963401,0.3048718612665145,0.3048718612665145,0.3048718612665145,0.3013117344190162,0.3013117344190162,0.30181404632455433,0.30181404632455433,0.30181404632455433,0.30181404632455433,0.3063792598611665,0.3063792598611665,0.3064835027667873,0.30951575705328455,0.29972722885738035,0.30077314189762683,0.30077314189762683,0.30077314189762683,0.30077314189762683
219,0.20396061495982437,0.22061076416363729,0.2221176825186691,0.20665149381583336,0.2051636458694636,0.20516879041750283,0.2100494096049404,0.2100494096049404,0.21056552905658807,0.20311350652845445,0.20362666762611747,0.20311350652845445,0.20362666762611747,0.20362666762611747,0.20362666762611747,0.21618539722175933,0.21670413384138296,0.21716122025074136,0.21623973536726027,0.2027154294424497,0.20317992867345025,0.2044157306171814,0.2044157306171814,0.2044157306171814
223,0.38842371651269686,0.4148437626730131,0.4204159051291908,0.3954962617833075,0.39002187647148373,0.39002187647148373,0.3536401015999887,0.3536401015999887,0.3536401015999887,0.31921297631515405,0.31921297631515405,0.3189674409399933,0.3189674409399933,0.3189674409399933,0.3189674409399933,0.35307447199902237,0.35469209221493175,0.3601546521351885,0.36316342979204014,0.31408884787718,0.31630139218428166,0.31630139218428166,0.31630139218428166,0.31630139218428166
225,0.38586077827832077,0.4286045899448748,0.43788843805380484,0.39647243029753565,0.38745598813965965,0.38745598813965965,0.34038444726685324,0.34038444726685324,0.34038444726685324,0.29451987395877954,0.29451987395877954,0.2971299410657943,0.2971299410657943,0.2971299410657943,0.2971299410657943,0.3421074063206146,0.3413676068819884,0.3413843966852639,0.3696885626158773,0.2891238024187929,0.2904342200211079,0.2904342200211079,0.2904342200211079,0.2904342200211079
228,0.4148707723291048,0.4712454114730691,0.48571648455011474,0.43432057005203095,0.41649937445416346,0.41649937445416346,0.36291177266424907,0.36291177266424907,0.36291177266424907,0.3102670539729584,0.3102670539729584,0.31445420729591705,0.31445420729591705,0.31445420729591705,0.31445420729591705,0.36463797631074835,0.3674969312339714,0.37289983456034426,0.39285778264720783,0.31169765693279194,0.31390617516820163,0.31390617516820163,0.31390617516820163,0.31390617516820163
229,0.4033358763285323,0.4809181364549717,0.5186188939035642,0.44071801571187763,0.40495120108826077,0.40495120108826077,0.3413687206006164,0.3413687206006164,0.3413687206006164,0.27248960650482135,0.27248960650482135,0.27298079294548333,0.27298079294548333,0.27298079294548333,0.27298079294548333,0.354853748268007,0.3741292289189748,0.40406377121346004,0.4669500838242756,0.2695356793465593,0.27114855012447964,0.27114855012447964,0.27114855012447964,0.27114855012447964
230,0.29662147574202957,0.3591688853471076,0.35454683959850364,0.2936995458785734,0.2981139657503671,0.2981139657503671,0.3044914801339159,0.3044914801339159,0.3044914801339159,0.301827004850851,0.301827004850851,0.29946245274498373,0.29946245274498373,0.29946245274498373,0.29946245274498373,0.30212208845211563,0.3048500708328214,0.3056055516396868,0.329608676997274,0.30090225225013684,0.30583045144864585,0.30583045144864585,0.30583045144864585,0.30583045144864585
231,0.20858419902847483,0.22694852246431113,0.22890487338072163,0.21172084481264025,0.20979184995182446,0.20979184995182446,0.2144374049121891,0.2144374049121891,0.21627423953417654,0.20965728356604058,0.21148688826217887,0.20965728356604058,0.21148688826217887,0.21148688826217887,0.21148688826217887,0.2144374049121891,0.21627423953417654,0.21627423953417654,0.21797545775045007,0.21318141034946525,0.21498296089375646,0.21623088588725944,0.21623088588725944,0.21623088588725944
232,0.39149761144513656,0.44700530931682225,0.4460593571658238,0.39783984021765617,0.39875424915740876,0.39875424915740876,0.4041215467703211,0.4041215467703211,0.4041215467703211,0.37009646730426515,0.37009646730426515,0.3686186708605669,0.3686186708605669,0.3686186708605669,0.3686186708605669,0.40158405739027647,0.40452041539199346,0.40413041792380233,0.42246430998630596,0.3694377666893155,0.37121209830330965,0.37121209830330965,0.37121209830330965,0.37121209830330965
233,0.21132303473104572,0.25142042828552047,0.24676251139820016,0.2068596083165743,0.2091060809805615,0.2091060809805615,0.1926908766905733,0.1926908766905733,0.19444604656192827,0.21506574676050857,0.21506574676050857,0.21498437501142853,0.21498437501142853,0.21498437501142853,0.21498437501142853,0.21215460248239204,0.21672637296934044,0.20991615743722555,0.23974919951759258,0.22097006727085988,0.2251223904141488,0.2251223904141488,0.2251223904141488,0.2251223904141488
235,0.19925704474712652,0.21218561661149665,0.21282965898674416,0.20109318573800208,0.20045537571867705,0.20046050016826572,0.20532205200852904,0.20532205200852904,0.20532205200852904,0.18796051077644313,0.18796051077644313,0.18796051077644313,0.18796051077644313,0.18796051077644313,0.18796051077644313,0.20387946122193612,0.20387946122193612,0.20387946122193612,0.20133572916172274,0.1854504145958319,0.18601578557348852,0.18643924553188848,0.18643924553188848,0.18643924553188848
241,0.31871482647369903,0.3309727542163501,0.33497444337092736,0.3240013193475326,0.3200325229809891,0.3200325229809891,0.31669808201198324,0.31669808201198324,0.31782756934826517,0.307868234312753,0.3089901472466007,0.307868234312753,0.3089901472466007,0.3089901472466007,0.3089901472466007,0.31669808201198324,0.31773161726568955,0.3096559913301073,0.306254979163163,0.30433186297829967,0.3039723230347525,0.30531165017359085,0.30531165017359085,0.30531165017359085
242,0.3542542672943704,0.37064218624729167,0.35625681315573615,0.34849242426328986,0.36279544301755295,0.36279544301755295,0.36564653849673606,0.36564653849673606,0.36564653849673606,0.33782267290066614,0.33782267290066614,0.3367121533759057,0.3367121533759057,0.3367121533759057,0.3367121533759057,0.36451292252831036,0.36908964161694674,0.3763602076903478,0.3759128411017394,0.34143472200377134,0.3307750073448971,0.3282827567325955,0.3282827567325955,0.3282827567325955
243,0.3126905640258351,0.34764807729196223,0.34436892234106153,0.31100377909877375,0.314201550529993,0.314201550529993,0.32208750470704056,0.32208750470704056,0.3246881086703126,0.30268025935893617,0.30268025935893617,0.3031830995209651,0.3031830995209651,0.3031830995209651,0.3031830995209651,0.3256804430437011,0.3256804430437011,0.31509298830729937,0.328570888615655,0.29810858887471003,0.29883735890529156,0.29883735890529156,0.29883735890529156,0.29883735890529156
245,0.31338482713285193,0.3445923452126595,0.34994339989205026,0.31992927915075825,0.31469719775665733,0.31469719775665733,0.3054788558901432,0.3054788558901432,0.3065987191721331,0.2520961094856513,0.25317018008603587,0.2520961094856513,0.25317018008603587,0.25317018008603587,0.25317018008603587,0.3054788558901432,0.3065987191721331,0.29851200960332436,0.3125439170983481,0.25144787067955077,0.25274733898011176,0.25435659954931,0.25435659954931,0.25435659954931
247,0.3529306076355077,0.36479104696980647,0.36278081867047135,0.35385271616900726,0.3558497746878011,0.3595516252847487,0.38052597769037405,0.38052597769037405,0.3825575666377033,0.3552277428411967,0.3552277428411967,0.3552828949085295,0.3552828949085295,0.3552828949085295,0.3552828949085295,0.3817000129565813,0.3817000129565813,0.3850823220021193,0.37089439840781513,0.34352368627481233,0.34352368627481233,0.34352368627481233,0.34352368627481233,0.34352368627481233
248,0.23808352927967488,0.2602085986764078,0.261207601672207,0.24030310128723367,0.239320656753723,0.23888055436573336,0.24400433056647144,0.24400433056647144,0.24829435122091817,0.20322468723717305,0.2042568350510891,0.20322468723717305,0.2042568350510891,0.2042568350510891,0.2042568350510891,0.24283126044929831,0.24829435122091817,0.24829435122091817,0.24992679177062277,0.2058316861171646,0.20861579832198482,0.20985718351899124,0.20985718351899124,0.20985718351899124
250,0.6978946174458971,0.7110976686674337,0.7795659985573544,0.7716561784405892,0.7034921767821383,0.7034921767821383,0.5697420738354784,0.5697420738354784,0.5697420738354784,0.3835971305099818,0.3835971305099818,0.40210980484396147,0.40210980484396147,0.40210980484396147,0.40210980484396147,0.5947463782255327,0.5947463782255327,0.5974603284102977,0.6113084579291813,0.4044959248037706,0.40422279543924744,0.40422279543924744,0.40422279543924744,0.40422279543924744
252,0.4039691526428168,0.5308756534161079,0.5340501014405314,0.4084929767330997,0.40684540956756643,0.40684540956756643,0.40143118997540195,0.40143118997540195,0.40143118997540195,0.3601179604569906,0.3601179604569906,0.3654059931990716,0.3654059931990716,0.3654059931990716,0.3654059931990716,0.4049174066476713,0.4049174066476713,0.40730830460324063,0.42445835479991934,0.36772965036369554,0.36746367085913034,0.36560824771002776,0.36560824771002776,0.36560824771002776
253,0.33246976286199437,0.3416199834503976,0.3430802417467954,0.33545548473605563,0.3340035164243787,0.3340035164243787,0.34180469839649513,0.34180469839649513,0.34180469839649513,0.32290936553627525,0.32290936553627525,0.322663142179469,0.322663142179469,0.322663142179469,0.322663142179469,0.3369386463406202,0.3369386463406202,0.33058112771740833,0.33032098145512734,0.315126758302535,0.32158330762722453,0.32158330762722453,0.32158330762722453,0.32158330762722453
254,0.3332362627640101,0.36047941040731696,0.36614644771857774,0.34012757553652645,0.3345684694940537,0.3345684694940537,0.3316267741799457,0.3316267741799457,0.33276906761732344,0.3167685571826897,0.3178981049738428,0.3167685571826897,0.3178981049738428,0.3178981049738428,0.3178981049738428,0.3316267741799457,0.33267202763227177,0.33537533871907693,0.3732510323383263,0.323916566089973,0.32355162761001727,0.3252518423136021,0.3252518423136021,0.3252518423136021
255,0.4009996764773469,0.4274070259090835,0.433829097863081,0.4089228297521712,0.40261231212926674,0.40650460188061194,0.37909431142756994,0.37909431142756994,0.37909431142756994,0.3427699243978311,0.3427699243978311,0.3432882393423472,0.3432882393423472,0.3432882393423472,0.34113827545296777,0.3753625298499213,0.3753625298499213,0.37062527557851443,0.3669538422421174,0.33465986620359767,0.3378908541528147,0.3378908541528147,0.3378908541528147,0.3378908541528147
260,0.3087340916580159,0.3280564577690481,0.3284977147157344,0.3104770865811383,0.31004181513767126,0.31004181513767126,0.3093520164703332,0.3093520164703332,0.31047520221924735,0.29484304912512516,0.29595378882045814,0.29484304912512516,0.29595378882045814,0.29595378882045814,0.29595378882045814,0.3093520164703332,0.31047520221924735,0.32076135539688055,0.3365187391913374,0.30550788057029243,0.3068634832659224,0.3082057799534942,0.3082057799534942,0.3082057799534942
262,0.26441396679507295,0.2871275872777729,0.289367924642454,0.2678804061656131,0.265677404374121,0.265677404374121,0.2693497122047952,0.2693497122047952,0.27043858325643183,0.2564464672968051,0.25752426971249576,0.2564464672968051,0.25752426971249576,0.25752426971249576,0.25752426971249576,0.2693497122047952,0.27043858325643183,0.27043858325643183,0.2759928480779394,0.26302207409714606,0.26323725710615764,0.2666808531058797,0.2666808531058797,0.2666808531058797
263,0.37134066111787944,0.39894288457267846,0.408027832802661,0.3816255368254957,0.37271094282184114,0.38086963176449995,0.34351078750550357,0.34351078750550357,0.3446632752636135,0.23939231797271263,0.2404554910318669,0.23939231797271263,0.2404554910318669,0.2404554910318669,0.2404554910318669,0.34351078750550357,0.3446632752636135,0.3302920855881059,0.35889841183693205,0.24076965455334826,0.2404276355747315,0.2488568627953409,0.2488568627953409,0.2488568627953409
266,0.39485055991292595,0.4394068600585424,0.4507726872211816,0.407482797584004,0.39645611755850063,0.39645611755850063,0.3557416870903602,0.3557416870903602,0.3557416870903602,0.2911824587400783,0.2911824587400783,0.2937857968058014,0.2937857968058014,0.2937857968058014,0.2937857968058014,0.35847519227190827,0.3591598178448663,0.3694936252203361,0.4083638091329288,0.29340698318923364,0.2943695763824842,0.29194550518225926,0.29194550518225926,0.29194550518225926
269,0.32138222486608364,0.33596227878404067,0.3399789693924687,0.32667941086500385,0.3227025867119857,0.3227025867119857,0.3302008957972451,0.3302008957972451,0.33134196609045774,0.3229373079978173,0.32407214745455526,0.3229373079978173,0.32407214745455526,0.32407214745455526,0.32407214745455526,0.3302008957972451,0.3312450300138131,0.33005594879057265,0.3276051459509366,0.31939444949945606,0.3190307575439393,0.3225713520466859,0.3225713520466859,0.3225713520466859
270,0.362530913979921,0.420450480062883,0.4219387665138449,0.36583547970131486,0.36409926975160234,0.36409926975160234,0.3451955412887047,0.3451955412887047,0.3451955412887047,0.31639277745719524,0.31639277745719524,0.3205995064409818,0.3205995064409818,0.3205995064409818,0.3205995064409818,0.3523821660438888,0.35399895859795705,0.3645007628920947,0.4121670622034448,0.3234561777610754,0.325684493933558,0.325684493933558,0.325684493933558,0.325684493933558
271,0.3421767657820912,0.36516440364486913,0.36852823208931085,0.3468283965812042,0.34351790611124505,0.34351790611124505,0.3252564434315837,0.3252564434315837,0.3263932722844782,0.28876845146746255,0.2898739802634853,0.28876845146746255,0.2898739802634853,0.2898739802634853,0.2898739802634853,0.3252564434315837,0.3274615778764274,0.3366239913582453,0.35337664350434655,0.2928106552628188,0.29245429114782356,0.2926337226251055,0.2926337226251055,0.2926337226251055
275,0.3928839536033827,0.44689714489130034,0.46656116055963326,0.4160606077026991,0.40143911075323924,0.40143911075323924,0.37546439410800214,0.37546439410800214,0.37546439410800214,0.3328465483846214,0.3328465483846214,0.33202245505754824,0.33202245505754824,0.33202245505754824,0.33202245505754824,0.3736113739245793,0.3764891283680645,0.38412587998076986,0.4501297175958415,0.35078276477421294,0.35249885521898416,0.35249885521898416,0.35249885521898416,0.35249885521898416
276,0.1816464438481074,0.18682377646753673,0.18928864202553863,0.1852837430041745,0.18282717781776636,0.18241218456472058,0.1990712133023915,0.1990712133023915,0.19952432631652292,0.18034265514588105,0.18078869088775168,0.18034265514588105,0.18078869088775168,0.18078869088775168,0.18078869088775168,0.20075755924356956,0.2012113095053339,0.2012113095053339,0.20030189993398087,0.1798947428132194,0.18045746415192981,0.18166992755322617,0.18166992755322617,0.18166992755322617
282,0.3439996701599083,0.3743517488483618,0.37966847572781354,0.3505471361016647,0.3453426319857827,0.3503749734694015,0.31222777244842803,0.31222777244842803,0.31335342507262964,0.24725754721567106,0.2483274672101693,0.24725754721567106,0.2483274672101693,0.2483274672101693,0.2483274672101693,0.31222777244842803,0.31335342507262964,0.32130186999784227,0.36590094237954657,0.2522599728985506,0.2519147866060574,0.2553275174504796,0.2553275174504796,0.2553275174504796
283,0.2469380848252135,0.2692147010274623,0.2691531563698762,0.24812353514270133,0.24818406001726837,0.24818406001726837,0.2554740002275617,0.2554740002275617,0.2574163324926165,0.23820409703072074,0.2392662508125441,0.23820409703072074,0.2392662508125441,0.2392662508125441,0.2392662508125441,0.25633862258805984,0.2574163324926165,0.2574163324926165,0.26576036772841355,0.24748984469796442,0.24934234259278956,0.25062555855955193,0.25062555855955193,0.25062555855955193
286,0.39009627584255746,0.431253124959443,0.43412554768707534,0.39876694522910744,0.395965342558674,0.395965342558674,0.3666748807029519,0.3666748807029519,0.3666748807029519,0.32753946994146566,0.32753946994146566,0.3276277031987508,0.3276277031987508,0.3276277031987508,0.3276277031987508,0.36384029767114096,0.3666975814351896,0.3649913161459094,0.38844222067721224,0.3223832970227478,0.3241260407141004,0.3241260407141004,0.3241260407141004,0.3241260407141004
289,0.29768874123816125,0.3346879410679317,0.34144724591900216,0.30556392331428783,0.2989854278966799,0.298938829519245,0.3266125343591503,0.3266125343591503,0.3277505264912737,0.2830963376703245,0.28419700082494376,0.2830963376703245,0.28419700082494376,0.28419700082494376,0.28419700082494376,0.32161047693322303,0.32274417821036977,0.32066183671846843,0.3294158253259922,0.2829944087105338,0.2826407504504145,0.281424613455952,0.281424613455952,0.281424613455952
296,0.3270382784391508,0.3493468761656802,0.3494426724617641,0.3284585986176106,0.33810306078246477,0.32836429197098876,0.29824530344190514,0.29824530344190514,0.298133693273436,0.2509857540854362,0.2520588722029545,0.2509857540854362,0.2520588722029545,0.2520588722029545,0.2520588722029545,0.28425579176263654,0.2853574495178647,0.2853574495178647,0.26783652090128446,0.23499184222475455,0.23520224968014658,0.2364709421713343,0.2364709421713343,0.2364709421713343
297,0.2054839059489525,0.22280106392141272,0.22475080177772114,0.2086125055239871,0.20668845897328675,0.20668845897328675,0.20708259692663794,0.20708259692663794,0.20890830741337452,0.19637902086673636,0.19818854221189483,0.19637902086673636,0.19818854221189483,0.19818854221189483,0.19818854221189483,0.20708259692663794,0.20890830741337452,0.20890830741337452,0.20804603448367917,0.19733391532391265,0.19911193264963878,0.20034355630110162,0.20034355630110162,0.20034355630110162
299,0.26812821665661074,0.2909085590072656,0.29254438226569696,0.27100392762489095,0.26939536561735516,0.26939536561735516,0.2665631953458831,0.2665631953458831,0.2676496760731565,0.24318147792940326,0.24424790139823355,0.24318147792940326,0.24424790139823355,0.24424790139823355,0.24424790139823355,0.2665631953458831,0.2676496760731565,0.2676496760731565,0.2703297369091941,0.24687848627811076,0.2487300763177012,0.2521341256135484,0.2521341256135484,0.2521341256135484
300,0.3610905323269652,0.42325874206439645,0.4359715183153251,0.37920524682736373,0.36470351359814096,0.36470351359814096,0.36153716060660535,0.36153716060660535,0.36153716060660535,0.34035854470834254,0.34035854470834254,0.34041309166187,0.34041309166187,0.34041309166187,0.34041309166187,0.3637224007569313,0.381941275544109,0.39044659207716376,0.4317181249753146,0.3512069497848321,0.3536208279788773,0.3536208279788773,0.3536208279788773,0.3536208279788773
302,0.08627332114465114,0.08697341164510396,0.08685666192890512,0.08724196453402773,0.08735875563928126,0.0877639859856334,0.11474150280753202,0.11474150280753202,0.11474150280753202,0.15823981004846271,0.15823981004846271,0.15823981004846271,0.15823981004846271,0.15823981004846271,0.15823981004846271,0.11474150280753202,0.11474150280753202,0.11474150280753202,0.11021425608742395,0.15353590571913245,0.15354202017747554,0.15564641240937802,0.15564641240937802,0.15564641240937802
303,0.2896442238734642,0.41886822203228613,0.42831535661676445,0.30127276015897264,0.28999154258012033,0.28999154258012033,0.3216020434761634,0.3216020434761634,0.3216020434761634,0.332674838973311,0.332674838973311,0.33861844518139256,0.33861844518139256,0.33861844518139256,0.33861844518139256,0.32564455849195284,0.32564455849195284,0.32564455849195284,0.3775218249622678,0.34708377970307636,0.3515677874558623,0.3515677874558623,0.3515677874558623,0.3515677874558623
305,0.4161490511518557,0.4700820713958938,0.47924487577133745,0.43240692438114836,0.42353424572658044,0.42353424572658044,0.4196532696034737,0.4196532696034737,0.4196532696034737,0.374691153086771,0.374691153086771,0.37306959005372375,0.37306959005372375,0.37306959005372375,0.37306959005372375,0.4169444654610784,0.4199130039495171,0.42066797883850254,0.4391708386344855,0.3743636016477131,0.37614431549016963,0.37614431549016963,0.37614431549016963,0.37614431549016963
308,0.30730390774673066,0.36407529773237807,0.3740809438565591,0.31820900554059933,0.30861020214687096,0.30888297815824306,0.2985572149401775,0.2985572149401775,0.2996711407138608,0.2634999939955501,0.2645838470535188,0.2634999939955501,0.2645838470535188,0.2645838470535188,0.2645838470535188,0.2985572149401775,0.2996711407138608,0.31409596303717247,0.3688265813241016,0.2734254428669447,0.2738894759329173,0.2773089004230583,0.2773089004230583,0.2773089004230583
312,0.2641662684441476,0.30956739633316066,0.3158659884926388,0.2715157615869647,0.2819755870630895,0.2669594092095793,0.23452933520013963,0.23452933520013963,0.23639655883437766,0.15723891609522908,0.15898923809486204,0.15723891609522908,0.15898923809486204,0.15898923809486204,0.15898923809486204,0.24193311326072753,0.24527902722746842,0.24574684853535508,0.3477555170303765,0.16613549885265352,0.1710227855585639,0.1723548593580344,0.1723548593580344,0.1723548593580344
313,0.262916105510807,0.2880676597577092,0.2896998830639713,0.26577999707077105,0.2641780463852279,0.26485056262486073,0.25162189587644573,0.25162189587644573,0.25269555968785296,0.2395208804637828,0.24058416380615805,0.2395208804637828,0.24058416380615805,0.24058416380615805,0.24058416380615805,0.25162189587644573,0.25269555968785296,0.25269555968785296,0.25103825113869527,0.2389428785595352,0.24078268437767059,0.24205710860679852,0.24205710860679852,0.24205710860679852
314,0.25234602216715174,0.27750286063202606,0.27919218552687625,0.2552551142756747,0.25791565859139287,0.25426428867849554,0.26407113208265454,0.26407113208265454,0.26515547507316395,0.2154748996454573,0.21651755591227606,0.2154748996454573,0.21651755591227606,0.21651755591227606,0.21651755591227606,0.25806738734367024,0.25914658021377956,0.2578592369208325,0.24434698860520385,0.20221901172760484,0.20266669628762074,0.20403476599162426,0.20403476599162426,0.20403476599162426
315,0.3224608914780156,0.34720827618872147,0.3476558964740067,0.3242221679929063,0.323782331157577,0.323782331157577,0.3108399834857053,0.3108399834857053,0.3119644456395324,0.3026599459503513,0.3037773911206096,0.3026599459503513,0.3037773911206096,0.3037773911206096,0.3037773911206096,0.3108399834857053,0.3119644456395324,0.31176143308001597,0.3279280624005173,0.3102373598960358,0.31159787355008917,0.31517330102041863,0.31517330102041863,0.31517330102041863
320,0.23029383357815653,0.25657118791408906,0.25857477172384274,0.2334868225064246,0.23152317737175102,0.23152317737175102,0.22777166593091358,0.22777166593091358,0.22962866860124898,0.20191224580662379,0.2037301361456058,0.20191224580662379,0.2037301361456058,0.2037301361456058,0.2037301361456058,0.22777166593091358,0.22962866860124898,0.22962866860124898,0.22836083130418128,0.20248900213402993,0.20427467466232455,0.20551160103407237,0.20551160103407237,0.20551160103407237
323,0.2604875334512232,0.2778868141904617,0.2784306446361431,0.2622840094722206,0.26174704762894185,0.26174704762894185,0.2698869805914019,0.2698869805914019,0.273244048549662,0.2577395117365446,0.25881842334905103,0.2577395117365446,0.25881842334905103,0.25881842334905103,0.25881842334905103,0.27076152891221605,0.273244048549662,0.273244048549662,0.27450904687521344,0.2600690894719548,0.26194026729797243,0.263236422759042,0.263236422759042,0.263236422759042
326,0.18314737918965246,0.18632761951257332,0.1929381191674034,0.19092897922259486,0.18432961293562203,0.18493040162120247,0.17946030146089972,0.17946030146089972,0.17946030146089972,0.13278048811418902,0.13278048811418902,0.13278048811418902,0.13278048811418902,0.13278048811418902,0.13278048811418902,0.1760644134351934,0.180535474001271,0.180535474001271,0.17882716298263351,0.13114128164207503,0.13598491039410004,0.1383628960387896,0.1383628960387896,0.1383628960387896
329,0.27372589890996823,0.29321548390689295,0.2973038871440592,0.28050953523714717,0.27214479393948254,0.2756769137998324,0.23126125737824196,0.23126125737824196,0.2336666105312325,0.1802686555342412,0.1812811112505884,0.1802686555342412,0.1812811112505884,0.1812811112505884,0.1812811112505884,0.23527830213046286,0.23769150285536594,0.23769150285536594,0.24272838545474296,0.18608842733905157,0.18784974533619656,0.1890698014468112,0.1890698014468112,0.1890698014468112
330,0.45105867223518603,0.5177075062606527,0.5252893451884613,0.45998616166144496,0.4527289288292187,0.4527289288292187,0.38685471561075235,0.38685471561075235,0.38685471561075235,0.29774739860662336,0.29774739860662336,0.2966701453550882,0.2966701453550882,0.2966701453550882,0.2966701453550882,0.3857034948466787,0.4281785974407601,0.4440028313773772,0.48353490331169274,0.3047040521937806,0.298581022558192,0.2961490642401206,0.2961490642401206,0.2961490642401206
331,0.2316409144883183,0.2586653186182901,0.269712290209502,0.24369219132623143,0.23287160432259932,0.2335274661908385,0.22705396355553925,0.22705396355553925,0.2281065525519876,0.22433694409482988,0.22538720238303517,0.22433694409482988,0.22538720238303517,0.22538720238303517,0.22538720238303517,0.22705396355553925,0.2281065525519876,0.2520469765802843,0.34281105205224344,0.2440850868918606,0.24686539734612703,0.253625255069345,0.253625255069345,0.253625255069345
333,0.27705792370107557,0.30084049666422297,0.30310470232570746,0.28055902696427226,0.2783339954732933,0.2771790278171745,0.2726253253926183,0.2726253253926183,0.27511148608407615,0.23033883621185974,0.2313942430312527,0.23033883621185974,0.2313942430312527,0.2313942430312527,0.2313942430312527,0.2726253253926183,0.27511148608407615,0.27511148608407615,0.28312728693871214,0.23913522186597158,0.23934633523531154,0.24272480436949725,0.24272480436949725,0.24272480436949725
337,0.3081335975767174,0.35404729122000517,0.34889154677967427,0.3044548229992814,0.3094407210259964,0.3101373160604099,0.31304637768251153,0.31304637768251153,0.31417273252103084,0.2752929778127648,0.2763869471047134,0.2752929778127648,0.2763869471047134,0.2763869471047134,0.2763869471047134,0.31304637768251153,0.31417273252103084,0.3184128188467066,0.3730289548698969,0.2852120278689516,0.2856803559372005,0.2891851320239736,0.2891851320239736,0.2891851320239736
341,0.43528601634529335,0.4717317321702959,0.48172117633318967,0.4481458408483759,0.4367201940255109,0.4347899807349842,0.34441708907520363,0.34441708907520363,0.35816086865015767,0.16586494388895442,0.17778341095782962,0.16586494388895442,0.17778341095782962,0.17778341095782962,0.17778341095782962,0.36595524945927316,0.37991921050259303,0.37991921050259303,0.39257034646879524,0.18858136054600727,0.18902396669201593,0.19524346691562702,0.19524346691562702,0.19524346691562702
347,0.26863070966561836,0.3036111008052368,0.3099074783469631,0.2760319073955636,0.26989836073134377,0.270573920058384,0.2478223479542219,0.2478223479542219,0.2568831231649477,0.20727827890025452,0.21212103664831386,0.20727827890025452,0.21212103664831386,0.21212103664831386,0.21212103664831386,0.25049247525844753,0.2568831231649477,0.2568831231649477,0.24762842387785644,0.20319593017899468,0.20340092051605713,0.20463694944341895,0.20463694944341895,0.20463694944341895
349,0.2503897358948265,0.3106427427763249,0.32241363047870664,0.2611330617772058,0.24995290880044768,0.2516391600725661,0.2551865270436345,0.2551865270436345,0.2686493572727548,0.19472568426670772,0.19873397478573987,0.19472568426670772,0.19873397478573987,0.19873397478573987,0.19873397478573987,0.2585756593509455,0.2686493572727548,0.2686493572727548,0.28605332799874167,0.215178811088078,0.21563132164237436,0.2228087387241912,0.2228087387241912,0.2228087387241912
350,0.3356388446449087,0.3708485923242982,0.3719988576245534,0.33829825718504736,0.33717624601275137,0.3378875957654751,0.33365109327776843,0.33365109327776843,0.33365109327776843,0.31955527484459934,0.31955527484459934,0.31934983627776836,0.31934983627776836,0.31934983627776836,0.31934983627776836,0.3334434601649472,0.3334434601649472,0.339799771958278,0.3489692141952561,0.32110970073331846,0.3236230554549779,0.3236230554549779,0.3236230554549779,0.3236230554549779
352,0.2689847989425465,0.2745628872779586,0.28467665474416864,0.2818139600715031,0.28213782292192624,0.27092855170745994,0.2248950619310227,0.2248950619310227,0.2254175134628954,0.18039178721320961,0.18089525687082042,0.18039178721320961,0.18089525687082042,0.18089525687082042,0.18089525687082042,0.23204419876417648,0.23402392822150275,0.23448752126004396,0.23701208076630265,0.18470632935623565,0.18516387331507767,0.18591085185263564,0.18591085185263564,0.18591085185263564
353,0.24077333832034173,0.2705055653189404,0.274061284933975,0.2454891324222072,0.24201315352634448,0.2426738785072698,0.24385956878536444,0.24385956878536444,0.2476344639195674,0.24449591930709866,0.24690761711546155,0.24449591930709866,0.24690761711546155,0.24690761711546155,0.24690761711546155,0.24385956878536444,0.2476344639195674,0.2476344639195674,0.24634806132758524,0.24562196395581695,0.2474716880844609,0.24825793764723555,0.24825793764723555,0.24825793764723555
354,0.2853702121936603,0.2973166202509831,0.3045233684803543,0.29380210921701483,0.2986930709366903,0.2873390631255004,0.24760283750864998,0.24760283750864998,0.2566783351823403,0.1978388768700371,0.20655237415752176,0.1978388768700371,0.20655237415752176,0.20655237415752176,0.20655237415752176,0.2548184112854909,0.26280220375146196,0.24334660510406925,0.24655129496880973,0.2035928532048216,0.20647613501922527,0.20642844430054147,0.20642844430054147,0.20642844430054147
357,0.35220091669940795,0.3835255319792511,0.3734497857739266,0.3422266139440532,0.3520733042651789,0.3520733042651789,0.34539985410346474,0.34539985410346474,0.34539985410346474,0.31067781220226137,0.31067781220226137,0.3107750197799488,0.3107750197799488,0.3097318673257928,0.3097318673257928,0.344428849569061,0.347245465803639,0.3452152612023443,0.3539762873838912,0.2982528746753333,0.3020425539668454,0.3020425539668454,0.3020425539668454,0.3020425539668454
358,0.29322702873544093,0.31914893432269476,0.32004504415666446,0.2953986357977099,0.294519257126817,0.29520791425499965,0.28119082716187793,0.28119082716187793,0.2877828378321244,0.23680364660008024,0.24095310818432186,0.23680364660008024,0.24095310818432186,0.24095310818432186,0.24095310818432186,0.2820731602384916,0.2877828378321244,0.2877828378321244,0.28702357940184087,0.24022145989604232,0.24206316438232672,0.24284600509066667,0.24284600509066667,0.24284600509066667
363,0.35235920245900043,0.36151091835325166,0.3630631893960496,0.3552538950962237,0.35371051736189496,0.35740324834480086,0.32012152275288763,0.32012152275288763,0.3212539467783136,0.24015421934952458,0.24121804598140625,0.24015421934952458,0.24121804598140625,0.24121804598140625,0.24403651411806743,0.32311915919593326,0.32241472745470956,0.32213012709693284,0.345794887012031,0.2389734170957024,0.2386318932511328,0.24151604353921963,0.24151604353921963,0.24151604353921963
364,0.3253444078491259,0.3597737362329466,0.3650845322960299,0.33185022841224454,0.3266687288183905,0.3273744887920703,0.2888999952922964,0.2888999952922964,0.2968729474848756,0.2205054396755104,0.2246002209685745,0.2205054396755104,0.2246002209685745,0.2246002209685745,0.2246002209685745,0.2911229668262514,0.2968729474848756,0.2968729474848756,0.30310028635180547,0.23048051985774337,0.23230775923956912,0.23308445136505834,0.23308445136505834,0.23308445136505834
367,0.2092038900914871,0.22831757407235148,0.23200441207955494,0.21404525451088915,0.21041216022737075,0.21041732718003056,0.21531920157207757,0.21531920157207757,0.215778454484204,0.19476870969280052,0.19522019684821962,0.19476870969280052,0.19522019684821962,0.19522019684821962,0.19522019684821962,0.21531920157207757,0.2218159810175804,0.2218159810175804,0.23139386257574612,0.2045895926158258,0.20516409154658402,0.20592367571117956,0.20592367571117956,0.20592367571117956
368,0.4182820966872055,0.4422381335479262,0.44581158659783354,0.4234327672437447,0.4199146254536276,0.4199146254536276,0.3728647797630896,0.3728647797630896,0.3728647797630896,0.31631304113912306,0.31631304113912306,0.31610810734830136,0.31610810734830136,0.31610810734830136,0.31610810734830136,0.3726510415603906,0.3755267840805758,0.3964007892886485,0.4471248735572983,0.3129657644140414,0.31516856753235567,0.31516856753235567,0.31516856753235567,0.31516856753235567
371,0.36951144801348423,0.4051651703841389,0.4004349410123268,0.3709604462892544,0.37559112007545853,0.37559112007545853,0.37008510267316125,0.37008510267316125,0.37008510267316125,0.35336459380816365,0.35336459380816365,0.3472256375123116,0.3472256375123116,0.3472256375123116,0.3472256375123116,0.3628755604514573,0.3657308230639099,0.3705423823866303,0.3797711826068171,0.3484952931854756,0.34980317447072107,0.34980317447072107,0.34980317447072107,0.34980317447072107
376,0.3540335720123409,0.37720854860474173,0.3813625643497953,0.35947475499798615,0.35538655999183094,0.35610759725013563,0.32799023914522984,0.32799023914522984,0.32912941309733934,0.2744342673927424,0.2755275000674222,0.2744342673927424,0.2755275000674222,0.2755275000674222,0.2755275000674222,0.32799023914522984,0.33367407420469186,0.3532388790470321,0.3959915754575684,0.28687359062413886,0.28651886306495084,0.2895145180046915,0.2895145180046915,0.2895145180046915
377,0.1717377199273758,0.17488729166319167,0.1737627784459999,0.17178593350659,0.17290855282468767,0.17350354781599833,0.19627827332768327,0.19627827332768327,0.19627827332768327,0.18219778601275277,0.18219778601275277,0.18219778601275277,0.18219778601275277,0.18219778601275277,0.18219778601275277,0.19627827332768327,0.19627827332768327,0.19627827332768327,0.19716849623591107,0.18307753078002775,0.18308380182737255,0.18241962995685096,0.18241962995685096,0.18241962995685096
378,0.6391532996975252,0.4904276510561679,0.4936350697192576,0.644322190078618,0.6407911872336047,0.6473338345362603,0.5050467333661552,0.5050467333661552,0.5063377895688437,0.27076987124518076,0.27185996053482775,0.27076987124518076,0.27185996053482775,0.27185996053482775,0.27185996053482775,0.42203571819667385,0.42425682959958455,0.41602378645981214,0.3758142206671395,0.27940129514257733,0.277557599267521,0.2783628112121591,0.2783628112121591,0.2783628112121591
379,0.3651404893132225,0.407556968033545,0.4209971854752023,0.3877814419596504,0.36466357372742814,0.3665045756331879,0.3581735374040671,0.3581735374040671,0.359338603133203,0.28685576727346246,0.2879596553345248,0.28685576727346246,0.2879596553345248,0.2879596553345248,0.2879596553345248,0.3585115605817176,0.3596769162732252,0.3739503475562793,0.4639993285534634,0.30451208519057604,0.3041524955686565,0.3124942395773431,0.3124942395773431,0.3124942395773431
383,0.3382250024512867,0.3593384478020196,0.34630680680263115,0.3267201431153819,0.3395621940686841,0.34027481309579455,0.3024453206572025,0.3024453206572025,0.31252558262897434,0.2270175378323192,0.2311341671375627,0.2270175378323192,0.2311341671375627,0.2311341671375627,0.2311341671375627,0.3022823894104543,0.30665153140122053,0.30665153140122053,0.3059546023704646,0.2304775168209221,0.2323047517432972,0.23308144197323832,0.23308144197323832,0.23308144197323832
386,0.2998558545747677,0.3641252623857026,0.35123898539186627,0.2890587806561029,0.30135206754943067,0.30135206754943067,0.3356385848560601,0.3356385848560601,0.3356385848560601,0.32220152981209377,0.32220152981209377,0.31992466269317654,0.31992466269317654,0.31992466269317654,0.31992466269317654,0.33144893277616244,0.3330406993453208,0.33132519500109614,0.3774401252923767,0.3140562496937041,0.317862619173838,0.317862619173838,0.317862619173838,0.317862619173838
389,0.3786970080192489,0.3905740168594674,0.39383867723204946,0.37586326273539483,0.38007464038949845,0.3968660264981256,0.3464407399396086,0.3464407399396086,0.34759574106370233,0.28063540191184894,0.2817339540314384,0.28063540191184894,0.2817339540314384,0.2817339540314384,0.2817339540314384,0.3464407399396086,0.3457238917341404,0.3293958267818579,0.310908500375111,0.25594966870296987,0.2556034653433797,0.25852713388124343,0.25852713388124343,0.25852713388124343
393,0.3610256315347132,0.3783584320246168,0.3776919339304315,0.361933380194333,0.3625922546349471,0.3633171251718625,0.3547915260169376,0.3547915260169376,0.3547915260169376,0.3378666957143327,0.3378666957143327,0.3376176884600493,0.3376176884600493,0.3376176884600493,0.3376176884600493,0.352146469938473,0.352146469938473,0.35120756793027597,0.3502626693765784,0.3316026547507455,0.3351925442838923,0.3351925442838923,0.3351925442838923,0.3351925442838923
396,0.2365400935834048,0.27544780125548507,0.2825330655925556,0.24465167002685634,0.2377756788136066,0.23843414954674813,0.236835596130968,0.236835596130968,0.24058917474290334,0.19819028376389458,0.20051224628424097,0.19819028376389458,0.20051224628424097,0.20051224628424097,0.20051224628424097,0.236835596130968,0.24058917474290334,0.24058917474290334,0.23869395829680018,0.198678254339746,0.20045826798248204,0.20182382553256373,0.20182382553256373,0.20182382553256373
397,0.42755616986946615,0.5014491201444207,0.5055584145666299,0.43119679887671086,0.4291993736569489,0.4291993736569489,0.4176089293183785,0.4176089293183785,0.4176089293183785,0.3826595948910728,0.3826595948910728,0.38103729491105476,0.38103729491105476,0.38103729491105476,0.38103729491105476,0.42610604729209167,0.478183962042502,0.5111258145290191,0.5711361082468563,0.38365768328784655,0.38743983991088365,0.38743983991088365,0.38743983991088365,0.38743983991088365
398,0.20307205820656254,0.24352639227788658,0.2465772347354976,0.20862573794935957,0.20427420124559714,0.20427420124559714,0.1966877436874373,0.1966877436874373,0.1984977319753656,0.1750527863839712,0.17683005183376935,0.1750527863839712,0.17683005183376935,0.17683005183376935,0.17683005183376935,0.1966877436874373,0.1984977319753656,0.1984977319753656,0.2049271382067864,0.18314322061725333,0.18490016504031656,0.1856469773692802,0.1856469773692802,0.1856469773692802
399,0.19740482269298398,0.20911757056396651,0.2133505673153815,0.20418935020861712,0.19860130287277694,0.19860641940778329,0.18191317371582655,0.18191317371582655,0.18191317371582655,0.13794619810265052,0.13794619810265052,0.13794619810265052,0.13794619810265052,0.13794619810265052,0.13794619810265052,0.18191317371582655,0.18640646959584822,0.18640646959584822,0.19318527752895406,0.1444481170594593,0.1493487266428554,0.15536069516713158,0.15536069516713158,0.15536069516713158
402,0.383162999832976,0.4098914199780841,0.4144057331771765,0.38918893394118753,0.3847551043876006,0.3847551043876006,0.38587038934554807,0.38587038934554807,0.38587038934554807,0.3190535216009445,0.3190535216009445,0.3145555571596797,0.3145555571596797,0.3145555571596797,0.3145555571596797,0.3841367160789916,0.37341968719190366,0.3652020521278447,0.34959066808599515,0.32127590965310104,0.3216529966609733,0.3216529966609733,0.3216529966609733,0.3216529966609733
403,0.23577601294269226,0.2523564492059493,0.26229400665290126,0.24826944044675142,0.2485848279457738,0.23766889853436587,0.21943932577235206,0.21943932577235206,0.22964329229463679,0.17513427058583048,0.18496750336980075,0.17513427058583048,0.18496750336980075,0.18496750336980075,0.18496750336980075,0.23130627262816011,0.24811619821391606,0.2396419354048102,0.2508280640269227,0.20192612963062434,0.20239032402712576,0.20553407674002508,0.20553407674002508,0.20553407674002508
405,0.2690036701869044,0.2844525264312652,0.28317416503682136,0.26900744611485383,0.2702716939251489,0.2702716939251489,0.27653051765733516,0.27653051765733516,0.2783905706057099,0.24661397384831182,0.24821329585786744,0.24661397384831182,0.24821329585786744,0.24821329585786744,0.24821329585786744,0.27535630829878194,0.2783905706057099,0.2783905706057099,0.27993291402905546,0.24971923122070935,0.251575039710693,0.25236387551125794,0.25236387551125794,0.25236387551125794
406,0.2673409604577907,0.33218249633145713,0.33061447666801336,0.2671141330362932,0.2686073227702601,0.270141115618324,0.2755329464896227,0.2755329464896227,0.27662712163102554,0.25716536701768866,0.25824378611851156,0.25716536701768866,0.25824378611851156,0.25824378611851156,0.25824378611851156,0.2755329464896227,0.2748166468850535,0.27794014414228563,0.2806579329832082,0.2620078861971636,0.26414860608226054,0.2677345068810763,0.2677345068810763,0.2677345068810763
407,0.4079591775568371,0.45344652129748664,0.46060723530716197,0.42227444730441344,0.41530166207219865,0.41530166207219865,0.41416705107015916,0.41416705107015916,0.41416705107015916,0.37051267436688406,0.37051267436688406,0.37133078352724863,0.37133078352724863,0.37133078352724863,0.37133078352724863,0.41397917890172,0.4169415050314565,0.41769489995951514,0.41753464234068904,0.37262315643094784,0.3744016152406853,0.3744016152406853,0.3744016152406853,0.3744016152406853
408,0.37093145808991024,0.41271808776957336,0.39507645576768236,0.35625825073226125,0.37340900176101455,0.37340900176101455,0.38089918448475085,0.38089918448475085,0.38089918448475085,0.3494058766683582,0.3494058766683582,0.3481250703696399,0.3481250703696399,0.3481250703696399,0.34675953668057397,0.378191082501363,0.3810784315630619,0.38519193567260457,0.4040840618234106,0.33486312682933966,0.33655899230583786,0.33655899230583786,0.33655899230583786,0.33655899230583786
410,0.21010647136601113,0.22849392558709716,0.2304527406254819,0.21324706791265857,0.21131564338619083,0.21131564338619083,0.2162211557245131,0.2162211557245131,0.21806068826673572,0.20267301125191753,0.2044920522474122,0.20267301125191753,0.2044920522474122,0.2044920522474122,0.2044920522474122,0.2162211557245131,0.21806068826673572,0.21806068826673572,0.21663320348532517,0.20308046899012822,0.2048670198350764,0.20562641676295507,0.20562641676295507,0.20562641676295507
412,0.06711643904377262,0.06711643904377262,0.07045601578067417,0.07045601578067417,0.06711643904377262,0.06751412560485379,0.06373647823133148,0.06373647823133148,0.06373647823133148,0.06589619518197526,0.06589619518197526,0.06589619518197526,0.06589619518197526,0.06589619518197526,0.06589619518197526,0.06373647823133148,0.06373647823133148,0.06373647823133148,0.06276624129151544,0.06492398835844465,0.06369641886950697,0.06358318156148487,0.06358318156148487,0.06358318156148487
414,0.3004244972565557,0.33255008503144246,0.3330502349764613,0.3022124974273881,0.3017239175585262,0.30241640741514075,0.26880348810704213,0.26880348810704213,0.2881639042193682,0.2131767641523238,0.21724695782581674,0.2131767641523238,0.21724695782581674,0.21724695782581674,0.21724695782581674,0.2733763458037547,0.2881639042193682,0.2881639042193682,0.28766623679228553,0.21677668835184583,0.21788730794449135,0.2186549112276172,0.2186549112276172,0.2186549112276172
419,0.20099657506175916,0.21047150936040893,0.21111464101893926,0.2028353793873465,0.20219664422034897,0.20220177610298584,0.2050042817122463,0.2050042817122463,0.20545963675377402,0.194914032199181,0.19536557427003648,0.194914032199181,0.19536557427003648,0.19536557427003648,0.19536557427003648,0.2050042817122463,0.20545963675377402,0.20545963675377402,0.20404691955286072,0.19396468662795957,0.19453411827508288,0.1952870026388598,0.1952870026388598,0.1952870026388598
421,0.3734996879351212,0.46716630164148937,0.48185317928497906,0.38884573581762055,0.3750806694313012,0.3750806694313012,0.36151325018254243,0.36151325018254243,0.36151325018254243,0.2986841030441984,0.2986841030441984,0.29867999948350255,0.29867999948350255,0.29867999948350255,0.29867999948350255,0.36445854539719535,0.3838706733294338,0.3908704081605473,0.45755110374697433,0.31898032581099794,0.32065601311838215,0.32065601311838215,0.32065601311838215,0.32065601311838215
422,0.3797007973029494,0.4052134911860985,0.40678666336978925,0.3837415903907583,0.3821941889004682,0.3821941889004682,0.35729190812307743,0.35729190812307743,0.35729190812307743,0.32657040224786127,0.32657040224786127,0.32666878851352765,0.32666878851352765,0.3256129873411629,0.3217966262240314,0.3524075781566038,0.35524091005187164,0.3520844186864206,0.36991544787216235,0.3060457285503458,0.3098581556574244,0.3098581556574244,0.3098581556574244,0.3098581556574244
423,0.3509996756878207,0.3719812523215438,0.37594397542226415,0.35625565278159727,0.3523496321137784,0.35306905379006726,0.3272215551695081,0.3272215551695081,0.3283600697306547,0.2902858535618675,0.2913926840127442,0.2902858535618675,0.2913926840127442,0.2913926840127442,0.2913926840127442,0.3272215551695081,0.3294299594234539,0.33596798126998445,0.3584869106557723,0.28531266006898554,0.2849583627813409,0.2857682392383143,0.2857682392383143,0.2857682392383143
426,0.2971435547461304,0.3037363022169866,0.2863926256784365,0.2811664811391873,0.2966903940765041,0.29843969663915315,0.34818815941731823,0.34818815941731823,0.3493446595093213,0.3309055350568021,0.33204720980226626,0.3309055350568021,0.33204720980226626,0.33204720980226626,0.33204720980226626,0.3446129504644975,0.34385785767966054,0.34119361193645137,0.2966945858177754,0.3123714932839077,0.31459764399424345,0.3149251748214735,0.3149251748214735,0.3149251748214735
427,0.33376751219547707,0.4066801947863406,0.3957838843853458,0.32569050435632935,0.3360396245838343,0.3360396245838343,0.3549745077343744,0.3549745077343744,0.3549745077343744,0.35016940886441594,0.35016940886441594,0.349918111796931,0.349918111796931,0.349918111796931,0.349918111796931,0.35549900532772527,0.35833881384982313,0.3586193038439491,0.36483384478513814,0.3464145681098346,0.3476283416472685,0.3476283416472685,0.3476283416472685,0.3476283416472685
431,0.4277337596153965,0.462078387603554,0.4638397391895547,0.4335021249141153,0.42937716781945445,0.42937716781945445,0.3962338343106271,0.3962338343106271,0.3962338343106271,0.33563470746482205,0.33563470746482205,0.33576156447386,0.33576156447386,0.33576156447386,0.33576156447386,0.3963664469532518,0.39929187391442517,0.39510608697818506,0.4414234870749633,0.36402820120191526,0.36631667334377427,0.36631667334377427,0.36631667334377427,0.36631667334377427
435,0.34198079115761637,0.36290290367521233,0.3605636679668704,0.34121951544822543,0.34352549249077713,0.34424021990962794,0.34166480406299105,0.34166480406299105,0.34166480406299105,0.3301702230824597,0.3301702230824597,0.32992264831582535,0.32992264831582535,0.32992264831582535,0.32992264831582535,0.3414150898948317,0.3414150898948317,0.34048363953074107,0.34562949889434735,0.33169661571480213,0.3337507931700916,0.3337507931700916,0.3337507931700916,0.3337507931700916
443,0.334143314362222,0.36207916778626864,0.36432843018131594,0.3376817595406878,0.3354764274434334,0.33618687292828475,0.32046770364584065,0.32046770364584065,0.3216004246314733,0.31222758622790603,0.31335323869236426,0.31222758622790603,0.31335323869236426,0.31335323869236426,0.31335323869236426,0.32046770364584065,0.3215041978442777,0.3308073334828444,0.34534556882095746,0.3158869849304225,0.31725336499634504,0.3203205851227101,0.3203205851227101,0.3203205851227101
445,0.3593448091770949,0.4585598891866418,0.46534260049049747,0.3670307541853334,0.3607031042923817,0.3607031042923817,0.3635556699934153,0.3635556699934153,0.3647253526128505,0.29260534956186074,0.2937141697181941,0.29260534956186074,0.2937141697181941,0.2937141697181941,0.2937141697181941,0.359630554580008,0.36079687016472695,0.3746529383755318,0.48759296728729384,0.32797920872932257,0.32761315037922745,0.33477509270116923,0.33477509270116923,0.33477509270116923
446,0.28682487852077215,0.3185109607658556,0.32660546856148154,0.29601858646335705,0.2881107097057108,0.2887959576209068,0.25494891431891625,0.25494891431891625,0.2579346244009226,0.22522024622169284,0.22679212151544273,0.22522024622169284,0.22679212151544273,0.22679212151544273,0.22679212151544273,0.25494891431891625,0.2579346244009226,0.2579346244009226,0.2678672277154503,0.23647882482739246,0.23831497157417678,0.23909544989226394,0.23909544989226394,0.23909544989226394
449,0.3647753833539213,0.38930845718779816,0.3891684154190385,0.36600139854308633,0.3661391048498643,0.36686586223679735,0.34923186555835956,0.34923186555835956,0.3503892609602937,0.2825980532078261,0.2836982889250562,0.2825980532078261,0.2836982889250562,0.2859063652202597,0.28871924882197997,0.35450914850487886,0.35567107085519967,0.3422130981714492,0.35128768013448897,0.2858949197727245,0.28424412286327827,0.28165886112543503,0.28165886112543503,0.28165886112543503
450,0.4235253651319265,0.444298026492796,0.46000849664278337,0.42625706311824973,0.4249477912425733,0.4249477912425733,0.34475853170294257,0.34475853170294257,0.34591208979850435,0.24089650417939734,0.24196096755657898,0.24089650417939734,0.24196096755657898,0.24196096755657898,0.24196096755657898,0.34088752551210355,0.34203776298881505,0.37340193136906547,0.4434127337361893,0.26000946260041086,0.2581937115475174,0.2611234114651451,0.2611234114651451,0.2611234114651451
455,0.418708764077674,0.36016437379446736,0.3591681829224658,0.4190862699774286,0.4201263773066736,0.5414792152729851,0.43801532774908974,0.43801532774908974,0.44169989853249303,0.21065995541614624,0.2147217052261412,0.21065995541614624,0.2147217052261412,0.2147217052261412,0.2147217052261412,0.4545604464646039,0.4662690587795608,0.4662690587795608,0.4547582776011347,0.20388292013577797,0.2040880275163736,0.2048469334652779,0.2048469334652779,0.2048469334652779
457,0.3236725346971624,0.3558150535921589,0.36436213137941104,0.33334797397291155,0.3249951850843051,0.33357933513242427,0.2906815202272971,0.2906815202272971,0.29178869008816777,0.22773637920852313,0.22878955359341296,0.22773637920852313,0.22878955359341296,0.22878955359341296,0.22878955359341296,0.2906815202272971,0.29178869008816777,0.2925448186361461,0.33968080509566256,0.237305644406926,0.23696458028500472,0.23984484824033575,0.23984484824033575,0.23984484824033575
459,0.18153735860159192,0.189137655695589,0.19336462878745742,0.18829563309336167,0.1827179835702406,0.18356102786478762,0.1837877537802719,0.1837877537802719,0.1842350913789538,0.16611663766601525,0.16655729758567628,0.16611663766601525,0.16655729758567628,0.16655729758567628,0.16655729758567628,0.18315753627833906,0.18360463572623495,0.18360463572623495,0.18133109059097466,0.16431649809159432,0.16431649809159432,0.16505033706068672,0.16505033706068672,0.16505033706068672
460,0.2019777963865073,0.22097725871077198,0.22525177501547147,0.20878823449249717,0.20317884600871713,0.20318398208413257,0.1883569083237118,0.1883569083237118,0.18880597254493636,0.15228832407835385,0.15272375846280015,0.15228832407835385,0.15272375846280015,0.15272375846280015,0.15272375846280015,0.1883569083237118,0.1933254728748867,0.1933254728748867,0.2051006234184001,0.16409827120012038,0.1646534588060914,0.1647031364556723,0.1647031364556723,0.1647031364556723
462,0.2730943534449918,0.30315605578921934,0.30376735773834795,0.27496426164863247,0.27436646470764514,0.2759072205698396,0.26343158428324687,0.26343158428324687,0.265243251793532,0.23750260275641594,0.2390902354887533,0.23750260275641594,0.2390902354887533,0.2390902354887533,0.2390902354887533,0.26224019467133086,0.265243251793532,0.265243251793532,0.261924779122765,0.235840356797636,0.23630056133689692,0.2398074680005157,0.2398074680005157,0.2398074680005157
468,0.2716867669558659,0.2996944222571407,0.30272517878741634,0.2759258803726626,0.2729574717189766,0.27363465842898227,0.2616087694446339,0.2616087694446339,0.2654375302827203,0.21074589921157783,0.21136927325376442,0.20902631168923202,0.21136927325376442,0.21136927325376442,0.21136927325376442,0.2616087694446339,0.2654375302827203,0.2636402658122816,0.25634328072463625,0.20437413091641368,0.20547343000676938,0.20623320913950038,0.20623320913950038,0.20623320913950038
470,0.405671469785907,0.41570029925664803,0.4160899483951459,0.40767681714965476,0.40728948295544826,0.4080381314815465,0.3927047698939001,0.3927047698939001,0.3927047698939001,0.370325116944364,0.370325116944364,0.370111774136007,0.370111774136007,0.370111774136007,0.370111774136007,0.3924879428481522,0.3924879428481522,0.3909568710265854,0.41032222619869746,0.3619862143475259,0.36202516618929337,0.36202516618929337,0.36202516618929337,0.36202516618929337
472,0.32954852424591247,0.3543868596410842,0.3623397792586885,0.33869191677225097,0.33087704608513097,0.3688607321782779,0.32243239840400206,0.32243239840400206,0.32832181475591826,0.24798338087694294,0.25217035033725804,0.24798338087694294,0.25217035033725804,0.25217035033725804,0.25818372182809857,0.3331184078874048,0.3390554140889528,0.3390554140889528,0.3383383496649115,0.2575099642103492,0.2520559123779885,0.2549713204504445,0.2549713204504445,0.2549713204504445
473,0.21796126270953411,0.22561511911410395,0.2326393847815308,0.2261656582238457,0.2191782834555422,0.2206523147795894,0.2322722779694847,0.2322722779694847,0.2327379372230027,0.1903289636331424,0.19077877306775826,0.1903289636331424,0.19077877306775826,0.19077877306775826,0.19077877306775826,0.2267573908060398,0.22769628458655933,0.22769628458655933,0.22625750753766255,0.1905494952340536,0.19055580588746107,0.19191009908771994,0.19191009908771994,0.19191009908771994
481,0.2654673504834601,0.282052444227646,0.28033769102208017,0.2650375788308441,0.2667318406327676,0.2667318406327676,0.28797852761909176,0.28797852761909176,0.29104282006274657,0.28351908056766256,0.28516574935070194,0.28351908056766256,0.28516574935070194,0.28516574935070194,0.28516574935070194,0.28797852761909176,0.29104282006274657,0.29104282006274657,0.290043726711213,0.2841712040607691,0.28537336554509785,0.2861835035677201,0.2861835035677201,0.2861835035677201
