,2018-07-01 00:00:00,2018-07-01 01:00:00,2018-07-01 02:00:00,2018-07-01 03:00:00,2018-07-01 04:00:00,2018-07-01 05:00:00,2018-07-01 06:00:00,2018-07-01 07:00:00,2018-07-01 08:00:00,2018-07-01 09:00:00,2018-07-01 10:00:00,2018-07-01 11:00:00,2018-07-01 12:00:00,2018-07-01 13:00:00,2018-07-01 14:00:00,2018-07-01 15:00:00,2018-07-01 16:00:00,2018-07-01 17:00:00,2018-07-01 18:00:00,2018-07-01 19:00:00,2018-07-01 20:00:00,2018-07-01 21:00:00,2018-07-01 22:00:00,2018-07-01 23:00:00
X5,5.674986743203038,5.783154805164577,5.70206593911187,5.652852192319746,5.613214833527979,5.575301664680899,5.583079851686167,5.8039208161989615,5.991604237652956,5.7166986946338945,5.878039483766706,5.934108452606112,5.9111449866808385,5.81082009788835,5.887250244461719,5.833287367296128,5.771799916013389,5.733147523035482,5.632220495493621,5.69161967880143,5.63876321912717,5.922586768129041,5.819941889333931,5.62254083072891
X7,1.038300451282305,1.0482830315205518,1.0263032338198674,1.038821626575822,1.0297000652372958,1.0331325337047252,1.0597314971498646,1.6344001783203135,1.9361300395766898,1.9231470653104235,1.9564401921348065,2.0001988096592838,1.9955977624575751,1.950675595266056,1.9463316669793884,1.9054040422890948,1.8208671165308026,1.7349450039561725,1.6458389118496106,1.355015674859891,1.18315733873769,1.0070574376502714,0.9973606730750156,0.9553199954652901
X10,2.2251621575308222,2.183416201617893,2.1495444286212786,2.2287080854327708,2.2096156671468585,2.1924673358841273,2.1921765167687246,3.7580096123341815,5.10521852910742,5.3657326697788434,5.594388793199813,5.903303230537233,5.960961853572006,5.891061610322229,5.805499355946447,5.602151656289073,5.223600127238355,4.771662159666805,4.573936827178106,3.7968635223785787,2.999931179242523,2.172437148919971,2.1863115209455506,2.1337543742447456
X16,2.8274886634422614,2.867888123336601,2.8227800681863817,2.827522855957773,2.8014583176989345,2.8275545655245136,2.840187862275482,2.9366642146718425,3.4242880168518237,4.739943730102686,5.175996603697115,5.5170047016597525,5.574166218809677,5.551682522938224,5.43163962557825,5.287463767770512,5.134951897252435,5.044681882650386,4.954427816433183,4.860996851632026,4.620795055487337,3.597930554247057,3.147247068262545,3.012952925342005
X18,2.586378927097946,2.619565004120042,2.5769022203203638,2.585334672742074,2.5672281671556796,2.5730605866294085,2.5956958836759103,2.658906133881167,2.6527058462628563,2.5172213283213174,2.5763944030769927,2.603992559399528,2.593516193155893,2.5541909832680223,2.5887054176142734,2.551673097465295,2.501906389773324,2.4650798139871153,2.395399108860129,2.4032577598217553,2.3952047785440356,2.572094707583916,2.532863591312839,2.439309489605079
X20,0.16098777150212315,0.16299091845648242,0.14866730151760366,0.15072789727181854,0.14002715278883093,0.14588343015046124,0.1511065070442467,0.16766348333291564,0.1334833341766693,0.14043106932055327,0.15850142295672268,0.16913711146884935,0.1686500645473399,0.1595523787891907,0.17273362006656398,0.16502320049236835,0.15271277112233386,0.14664907575923805,0.12330948647356309,0.12843365660608042,0.1303651659749475,0.13476036930605206,0.12704950972756932,0.09856550068089237
X26,1.1845600397676215,1.137175451684935,1.107458252383706,1.159320596174279,1.2257520728870346,1.2828154622913015,1.2957705957888415,1.271545697348563,1.34260287140718,1.445930696197955,1.5024212164633806,1.491884332923585,1.5026554287544034,1.4612789619850604,1.482021349413691,1.443088324893526,1.4171945119863545,1.3904051618810094,1.3326090699337791,1.3463344321239605,1.3418399170229076,1.305182524541924,1.2696520648604572,1.1548144512186533
X30,1.1357692816837985,0.8543634921363485,0.7344916878939292,0.723209549223539,0.705464179627336,0.7407273431949375,0.7496391273912337,0.7714080884858687,0.7720572131498514,1.2320857078686345,3.1944052246721513,4.956203291537584,5.901572037336615,6.926668711384173,7.049653929708623,6.987042915602674,6.8876444838889945,6.821427711331545,6.549172256653564,6.530517864141249,6.526878490625774,4.2418985882144895,3.8706956282220113,3.099307392889037
X31,0.31289102657098394,0.32428904276841586,0.3106594612211035,0.32884644901626736,0.3316555264818543,0.47859178440328926,0.4923938115950149,0.5190482404626654,0.5178657541797471,0.5708442448120109,0.595469715327205,0.6002140358196864,0.597292651185051,0.5772879205583588,0.593921361027784,0.5874668434513516,0.5735564196497518,0.562627529165499,0.5259710452826829,0.5337858871089554,0.524460042733306,0.4848564054506979,0.4711240492678933,0.32813726377859387
X32,0.20882699098744947,0.2105777321263799,0.19622029220650006,0.21393472272335268,0.22060774958794963,0.44471176573267174,0.47115393904307856,0.5006870638893223,0.5132268579921048,0.5739255325862872,0.5907984376856303,0.5958592289601928,0.5930667920015351,0.5722585675885492,0.5892756475851724,0.5824189692209869,0.5685527781982519,0.5583909166031031,0.5225522786728964,0.5321981068230277,0.5251627433298062,0.46401295242125773,0.45103922550299447,0.2903218434871385
X35,0.002445682595795957,0.00776259450855316,0.002445682595795957,0.002445682595795957,0.002445682595795957,0.005561930861152405,0.005687107579197608,0.02258894972568308,0.002445682595795957,0.002445682595795957,0.015635371705679465,0.016672100676056123,0.01797136867929766,0.00665771417094704,0.017735290693424173,0.012105684995104848,0.00396923635272513,0.002445682595795957,0.002445682595795957,0.002445682595795957,0.002445682595795957,0.002445682595795957,0.002445682595795957,0.002445682595795957
X37,5.37308153506274,5.026389708497675,3.908380236621319,2.924928438983477,2.7075822307362043,2.5501675998373474,2.46300409976842,2.5427928123932935,2.6314889482875157,2.5132827933008,2.5467973566072013,2.593283288868687,2.602994100514336,2.6046303606999284,2.7512936933068426,2.8854775765464478,4.203485999032672,5.1286597229579325,5.274455867386086,5.35031101910649,5.309038875894879,5.9199722181219645,5.823151563873564,5.675891572932637
X41,2.6956821236608772,2.780517699210238,2.612857185936695,2.266978505781263,2.0662265953300913,1.03765886863544,0.7366797947739747,0.7755207716769849,0.771542046497772,0.9411140163326123,0.9366172533310109,1.0142446198001083,1.1763119282844916,1.7462765636635993,2.347698772689334,2.2989002814274864,2.3566168930419327,2.289510560046707,2.2399813816122855,2.291288606373036,2.237026261881369,2.336194906077834,2.263583156488044,2.2229954429347893
X42,0.2566628890377741,0.2605467473118305,0.23077251669951027,0.2203388308292278,0.1920902278088616,0.13948434615977626,0.09601907437798854,0.12598349551798052,0.11162755317661616,0.08603756115440668,0.08740260294328121,0.09827246495925725,0.12192429135210579,0.11550803216225386,0.15237094448395125,0.15779066371815495,0.14932898677251022,0.14158413947630255,0.12792617622660846,0.14753313713331082,0.15579127198480539,0.1887038661289367,0.19432630935761488,0.1728384492999906
X43,0.2732755109455709,0.2771448217189852,0.25640242319254153,0.2552964159739217,0.2545976241271678,0.23427524650315484,0.2344917465480567,0.27909606896126626,0.3835330888054413,0.4112944068256998,0.4171159529567315,0.4055824329844188,0.42841719833466857,0.3714302624450304,0.4086470949010772,0.4003582929371756,0.3944044737028058,0.3830939208320631,0.3894309998261525,0.42027215775211557,0.409252488863667,0.25153685882115184,0.2569245860474746,0.21660083995639362
X44,0.08177809519831175,0.08866330061954827,0.07551839564536272,0.08415683571470574,0.08005275270551654,0.07053450840542884,0.06957246300306617,0.10446755707281799,0.3042754669910299,0.3606606225563835,0.39272574662126525,0.34758907358522984,0.338190430905682,0.22944591306767473,0.21716014572291092,0.1764120189423116,0.17115386981751407,0.1377732284325651,0.06304728676592103,0.07564632095880663,0.01414127624009556,0.013973709224947783,0.04176807824572274,0.0015706196139252675
X47,0.06607255585207022,0.06487244738343069,0.052226079496429795,0.05896827366466992,0.05035465076656331,0.04240799523651976,0.03743174562564318,0.06656320497279339,0.04269636602392906,0.005513121209770497,0.039670899880131394,0.01808749180179953,0.035813235197276395,0.006489667637877514,0.04989027339447551,0.03418267220154248,0.024823556910119213,0.0183402368012925,0.0029386127497877446,0.0029386127497877446,0.0029386127497877446,0.03729243832718972,0.03672039712241878,0.0029386127497877446
X50,5.937673432409876,5.482103616471472,4.468018935468168,3.5672580040945183,3.028677548882588,2.959086521337452,2.552020399610213,2.4770848162413146,2.1246814549158763,2.3056870738542257,2.475767556554302,2.5494513377930414,2.620326551892048,2.7140204579119453,4.025901701695072,5.41776475736497,6.9113876678350294,7.863635215147227,7.954754023516547,7.61187429818367,7.417310275873424,7.077017161899782,6.855291443491168,6.737515068300963
X51,16.68700374538719,15.697527482825942,14.573901511675095,12.867741796662262,11.668130735209981,8.755865346465942,7.8272425626311435,7.838692604422693,7.638034655425237,8.364360562145643,8.906825742377722,9.196707117454817,9.432838927865564,10.8350141114544,13.891056103311083,15.631084756561732,17.858599081432423,19.15916275554984,19.21917687692425,19.278617807191754,19.257790633841616,19.05346377349613,18.38322147232163,17.731162624278053
X55,8.668296367082128,1.5435463222433043,1.214457982342888,1.0232583558453137,0.9822168817298105,1.0032915672333746,0.969094956305317,1.065537571822948,4.440244918934896,11.472985133690667,13.462930468891884,13.825997290054108,13.767905256793826,13.918629230033666,14.46312529498777,14.84778508714487,15.139393204907005,15.390353718319082,15.081091960575986,15.194775970267788,15.240129918469483,11.816644626240512,11.500697047113075,11.155075934554327
X59,0.46361170499970716,0.4307332644997445,0.41043268622342954,0.4218235708693613,0.3841926780440305,0.36312111094952704,0.32406748035374894,0.45962420882663035,1.8340625724588833,4.821738643273456,5.939544385905097,6.351542216518386,6.295262201652444,5.671118209872888,4.641889721270002,4.223356118720675,3.2071914518567066,2.8445878288718087,2.531768035664393,2.450280549603117,1.967169461694353,1.0112366846821566,0.8775162812299908,0.5403487514225518
X61,0.8903996829158196,0.9167731165059865,0.8830407794209683,0.8271015414107197,0.8019532945297663,0.8120939782919191,0.7739315737708776,1.0661223614752373,2.113153457270207,3.575754213344814,3.676386626477269,3.7807027029252858,3.8064800056563417,3.680825245548132,3.6795150293366037,3.64054143838675,3.4498839822488,3.2474574940474916,3.0422016331148076,3.0181158202581675,2.4400958264705106,1.6901826318675743,1.5031635243182757,1.0621730698544514
X62,0.2178459876868134,0.20746426724234202,0.18840177034100125,0.18983372753828645,0.17341519119934865,0.17158608944750944,0.15187813503852604,0.17271403864287935,0.1395563186684055,0.14457411431643588,0.14803299102703105,0.16228920506963904,0.15985553107296993,0.15487069888938693,0.16945085951852265,0.16342480305599372,0.15109962486487685,0.1371933831488821,0.12109708986372517,0.12496309748601236,0.14180145172047662,0.1631749086936882,0.15613002228372785,0.12903704103714195
X67,0.388978302701203,0.3558493958847922,0.33434328917440337,0.32779123881342753,0.31373575775176543,0.31697694228786333,0.3095962857975906,0.33188527441929055,0.2977370188600275,0.32756464189657464,0.34215298522300586,0.36265335048390535,0.36170975359204427,0.3479218561563104,0.3595595619579264,0.3557170397299069,0.3425930865070227,0.33123944372728387,0.3117405166620426,0.30098200626326904,0.3051205579212194,0.36453994596309,0.36121079478357565,0.3315810895005802
X68,1.831419393056477,1.871401440950286,1.8260810756638968,1.773560464705243,1.7337036712576626,1.7649646674654826,1.747137316180923,1.8126925066586366,4.6553448510115345,6.304607468980928,5.910856005416029,6.04059441058208,6.063965706880302,5.886788699579963,5.4125999645153415,5.302272240435096,5.183709759313787,5.2029011832317025,5.060599392090499,4.997141082624083,4.116086975171754,1.9762799463841265,1.9015077437933463,1.8015330770630578
X70,0.15261037119071097,0.16492413676063505,0.15078031608565867,0.13415122953319714,0.12167340631277991,0.12102644398174137,0.119711991057753,0.1255555167627082,0.10530950505552485,0.1123959737748909,0.12169198729938374,0.12746395145860726,0.12377856172355292,0.12321008693331412,0.1404903857274991,0.13829273054188781,0.12184998750390974,0.10364591893669381,0.07570631951968818,0.07722239596842703,0.07011682438803546,0.10390271425117349,0.10927376049250401,0.0785287281800118
X73,0.0667309113492786,0.07406001159988,0.061019409453482026,0.05065590390970601,0.040665217446658006,0.042540089493028996,0.0372754511873742,0.04513264610509668,0.0368508511207654,0.10413639356728993,0.11676643144503036,0.13228007777694484,0.14200385343975117,0.1355996643934537,0.15231671457409415,0.15438192069513085,0.13690520643663853,0.11760283610270057,0.07789582183191915,0.08252101719904648,0.08172756974957025,0.04628977315463041,0.050446142429904604,0.021091129594317533
X75,0.4665569059959412,0.4339297798308094,0.424457284671957,0.47194602460052204,0.4486449158341272,0.4340382449151804,0.3961223096715178,0.3727459800073333,1.3093880805466096,3.654961740058792,3.6853475914638745,3.716340509385504,3.443458691132925,3.65294057961161,3.540219858673042,3.0816551283532405,2.9943297451198063,2.96571904060363,2.1961762501910047,1.5807318503548182,1.9156205476028099,1.5539522324445239,1.5344749951285297,0.49885845533897255
X76,0.2093294247320966,0.20772994812303006,0.19686486681753687,0.18370186028923569,0.150438274817929,0.15058803517572608,0.12915258332747048,0.12280179430503672,0.19824329910942287,1.6485215443976629,2.0442872728757706,2.099840961699705,1.8893211370612804,2.0353334564121015,1.9585856615227808,2.02536105094683,1.8895069760536913,1.8685568517678433,1.3568655600450346,0.7257309370867262,0.7581362009523465,0.28655488569396137,0.2915673019928963,0.2054631136614153
X80,5.11418214861732,3.471766188431163,2.6740138956489563,2.4147230674567757,1.7639604783235219,1.4602290989805213,1.464610825924979,1.535910710960284,1.6049585920753677,1.2086699419675186,1.126578848798659,1.7860643539403127,5.655745245549778,7.366850537931768,7.554885881427511,7.5109686346745015,7.388859855062879,7.387028280125544,7.238156290421029,7.2975480680476466,7.422673642813693,6.342776124957915,5.478150778701799,3.6951634354039404
X82,0.263559056260716,0.2710380819731185,0.2578504645584212,0.26096201063487734,0.24617571681008504,0.24276180614620393,0.23742609052657168,0.2573984785863588,0.2457773424151957,0.2899460133978238,0.3039402290149915,0.31553296549268806,0.34302111357671294,0.3445422286123471,0.37171920996770036,0.3610933157286144,0.3499192729492091,0.3279556754057322,0.27033240144813736,0.2885471879095873,0.2619083854258267,0.24102665569553383,0.24774613591041178,0.20821288723118542
X87,0.3344194622166198,0.3487881286510528,0.33648370331266575,0.32510261516508887,0.32113287354920184,0.3140890125119157,0.3039564451674783,0.3403897117874329,0.300171453429082,0.52188541956347,0.582497448526663,0.7775307947649455,1.442515615974624,1.7118395850412451,1.8013920770689456,1.7807766141102062,1.7296999709401937,1.6160332717357115,1.4177942654660152,1.2855463407205996,1.0491177986871112,0.38416950462596494,0.38870071522694827,0.3438495504168428
X88,0.11095104041548925,0.12503255806499072,0.11289079121797836,0.10800826309054999,0.09837105277856782,0.10174423453631858,0.09668620361154724,0.11951850744546592,0.10486506983242616,0.12038640853489482,0.1331261860299534,0.1634890510835398,0.24080329275687273,0.31717752500650326,0.39567558671673025,0.4311611474235888,0.3724768059026625,0.3305707784088812,0.23835138066845166,0.17426438963717555,0.12193928514548377,0.0742373625396884,0.08501017773799137,0.05715345813066969
X91,0.29146370058023513,0.31172079909694367,0.2963803814134618,0.2872754709798266,0.28089601046999524,0.28668986722290946,0.28685656745275084,0.3039974752187573,0.272764509606201,0.28486166053991024,0.2839048223750954,0.3003345963468525,0.3184458400356419,0.31192922223351105,0.34314371101493346,0.332651641834138,0.3050792485095362,0.2720279545601446,0.25168957430000566,0.26779689390174644,0.24041311470300653,0.27371899309052533,0.28199634992871236,0.24718465858513333
X94,0.012412359121555784,0.032070988799259674,0.020765583444265216,0.01014254528198016,0.0037385049188370873,0.008619667045110099,0.0037195782139381713,0.009584969648155754,0.004782387692900035,0.03280941011739078,0.03162528949939841,0.041889863022969126,0.04485410259877233,0.048197880647599126,0.060298582358985,0.0606774230190158,0.04070216498618792,0.01588717749404983,0.0037195782139381713,0.0037195782139381713,0.0037195782139381713,0.0037195782139381713,0.0037195782139381713,0.0037195782139381713
X102,0.346405197286791,0.36898316749486926,0.3544269086186227,0.34763127730655724,0.330931927081764,0.34863240174621335,0.3346449302212072,0.3382819920638318,0.34663759562975494,0.2988429038462821,0.2823091647367314,0.2878306385546725,0.28968179744001116,0.28259758934423346,0.2977719298803593,0.3087104176034844,0.28125480305115136,0.2587787117594232,0.30207296301434633,0.2894765341112919,0.24396268329922022,0.3158482591265168,0.3203810950819169,0.2887718532298825
X105,0.171478418247275,0.19558420564767573,0.18297370851471365,0.17022060201842656,0.16124338506168634,0.16668533107087538,0.1584638984510421,0.15661842168097423,0.1425378195961151,0.15740302848129545,0.15552685531966617,0.15739157101187154,0.16847644329703274,0.1495509550694084,0.1455495745238676,0.13962177650583027,0.1207132018579272,0.08186495393116451,0.058542503825292726,0.08115477632203284,0.081325590513029,0.12746024545248694,0.13315574510620243,0.10922322969328557
X106,0.4237696830903911,0.4531526870383467,0.43764915272606686,0.4217724082573131,0.41165182429927116,0.4147031195671578,0.40508713750160213,0.407769865330039,0.3816313413921725,0.3611364336891696,0.368504990650409,0.37516848687704213,0.3813285940902225,0.36904609735517485,0.3871277365721347,0.38813827915738774,0.37091571757247366,0.35495461393263844,0.36013685219398517,0.3600268230275019,0.35603349076903,0.42894232150047745,0.43479490449413355,0.3976931031162553
X107,0.0095147887613777,0.025824368144346785,0.01558015948373158,0.007396868126733034,0.003921555421152703,0.014544886908811902,0.003921555421152703,0.009423361136301465,0.004167818869772461,0.036189861267162574,0.033820404979717875,0.0346459506872665,0.02994813681721819,0.02221189376490524,0.042060420654381425,0.037375841602319645,0.024448404917647163,0.003921555421152703,0.003921555421152703,0.003921555421152703,0.003921555421152703,0.003921555421152703,0.003921555421152703,0.003921555421152703
X110,0.110678996809128,0.11231870743813092,0.1015757697849833,0.10658144997674913,0.0999615254395041,0.12084865948852153,0.11504863965302736,0.12062015933182844,0.10965340952025236,0.2614077104934805,1.3444552524709075,1.4135438932692566,1.421687710228618,1.0945868961958956,0.9374265064085017,0.6472145541295071,0.3664281671631918,0.2897888016870043,0.22341979583888122,0.2102164369222674,0.21634264331023553,0.15356568241251195,0.1558367361685441,0.12142514739132952
X111,0.12996953924731983,0.1507272316914581,0.13908730470156555,0.12776121693680306,0.11760860219647057,0.14522382806463396,0.13140200091654983,0.13519081752445564,0.12372216055334875,0.13237694245940518,0.12562024685965326,0.12946206302112875,0.13452669861548322,0.12435993898848527,0.14543560160538532,0.13478900871491875,0.12632332803212473,0.09974514568186311,0.07704398741232452,0.09461339982591038,0.09629928156477746,0.13015434109665863,0.13518990926626884,0.10416774078819634
X116,0.17053951545142765,0.19332019272930495,0.180798457052798,0.16711523581208335,0.16235993212045016,0.17235356674326996,0.16774451679568503,0.17030028764617547,0.17084237793282883,0.17765848880122279,0.1641157236655021,0.16803614766525346,0.17785443571228007,0.18159383388603106,0.2045974961989003,0.19055209796460265,0.18481098268093202,0.15491672664036893,0.1153951799596684,0.14103663497464614,0.13907799080173294,0.1604047532476621,0.15416156138180093,0.1299120027096616
X120,0.20247101706172077,0.2306900855634938,0.2168511066749425,0.1984841985969895,0.1882750187358183,0.19852399018877948,0.19036928655822172,0.19070219664324117,0.19078915814474584,0.18838239085816497,0.17902611186559417,0.18472084076413847,0.18409047351154112,0.19561799892918977,0.224186782995301,0.2207533752725727,0.21713136966230318,0.22419741919922223,0.2742752798725693,0.27219792093275264,0.24980136145151885,0.2827626308845944,0.2778115121306377,0.20126082005264606
X123,0.2139786739077898,0.23797588139474152,0.223509763632264,0.21033346683787651,0.19721187512528704,0.20146294549588312,0.1882110965308851,0.19605745285416878,0.18407259251533808,0.19941919317538134,0.19000929771436606,0.20147540074009399,0.21390875700855794,0.23158497670267963,0.26935844012927124,0.259781049778949,0.2472511139474197,0.23801650796889842,0.26039479183657366,0.24723555404219932,0.21910176530615114,0.22574647556203575,0.21257674156774564,0.1852018369747821
X124,0.16313712117431017,0.1875869943731782,0.17379602915350623,0.1639534927175989,0.1546986009093551,0.1581919366778094,0.15045502539187494,0.16045057764471057,0.151810413813903,0.17048856564799755,0.16888898702845279,0.1774550896026903,0.19067884281041886,0.20523725270005017,0.23503195359054563,0.21798345282752757,0.22013401554538892,0.20813980805800067,0.22988923400809455,0.20526625844185703,0.18015138418877963,0.1878125109089689,0.18689544157679547,0.1603123833704426
X125,0.1719080907214474,0.19773044339225693,0.18382345784408327,0.1715174718561736,0.15947560939688643,0.16719109127411858,0.1603608545676069,0.16926312775461838,0.1583891202536636,0.18855748517829846,0.1797521875323035,0.18914476785773407,0.19287195577249328,0.20471373428761583,0.23352740406018224,0.21244954563422133,0.20819704467433506,0.19985023988181083,0.22101596673853088,0.19080791947391582,0.16766833384253244,0.17913173309937422,0.1763358102281007,0.15367059397636587
X126,0.08661645922552429,0.11050074023696149,0.09756545778882793,0.08771839069333062,0.07271701847511226,0.07939742425778817,0.07701571929888318,0.09226487819355988,0.09018429608170236,0.1347489121210915,0.13039216335249273,0.1385423937740204,0.14232735603719218,0.9227775719747944,1.01289124846187,0.8529616284600132,0.32952172616394243,0.18120865045230475,0.049075217064245225,0.043670485437030726,0.051112189283819574,0.02997696288810395,0.027836969344231938,0.0060303628979489704
X130,0.2863262848012703,0.29252023537805744,0.27189968249907964,0.25617196065253267,0.2509502971481965,0.25594001820051937,0.2620106093359868,0.2892797885898092,0.3148165774633468,0.3470971585297752,0.3466724581145088,0.3484198388347794,0.3494171897260095,0.3374137230765257,0.3525054013965244,0.3466917411115833,0.3450615974231307,0.3604805135196986,0.3570050347272618,0.3642570128101574,0.38019800312131524,0.3823594582930568,0.3793762246135291,0.3421350657273608
X132,0.3194510054267381,0.3231733780742573,0.2997419959189427,0.2743683737135125,0.26936713649052085,0.27470520031881696,0.281342290132171,0.31200693873992347,0.33263582295987304,0.36082261640483604,0.3610669545450199,0.3639226628524117,0.3643725901556676,0.36598240221193723,0.38398611132827265,0.38667329906615067,0.3855923193744873,0.39832692891307003,0.39650155679767896,0.40687139365584596,0.4238484456373327,0.424217725376796,0.419532015219626,0.3789465002622976
X133,0.2696347951749106,0.27284166559400197,0.24954302434243236,0.22290396294975334,0.2167600272873518,0.2236294204598012,0.23333514190792762,0.2672143652423103,0.29433566554672563,0.3348434460658265,0.34023857122237733,0.3436702304204453,0.339521883124986,0.3292703978538516,0.3412714162622067,0.34582854430163795,0.3493752817387769,0.37027279553151293,0.3713850672518339,0.38290819733845716,0.39647251752399015,0.39012053193224516,0.3865085053175433,0.34689545469482763
X134,0.30911506774569725,0.31613487181604466,0.29272764293192394,0.2658496738022411,0.26008696857072916,0.26597307348678184,0.2742936615930435,0.30713350789351207,0.31888790088421604,0.34128942143891444,0.34683214829125975,0.35074314076856034,0.3495547529337683,0.33994404790737076,0.3495790672159918,0.34991264247955534,0.363691971715351,0.38762343114015685,0.3886154261994182,0.39912729882460146,0.41288449794074056,0.4262001505742483,0.4222334784674223,0.38140355025536554
X139,0.34830405721659924,0.3529555607452853,0.3285503902411763,0.3053572231990468,0.3035418867808689,0.30654054187190893,0.31651197735862574,0.3531557250947377,0.3667440952165945,0.3878848529612534,0.39072247323292586,0.3899448818799187,0.3853608151694577,0.37702261342726107,0.3878812904917709,0.40753208159486715,0.4146818725747373,0.4574954529666808,0.5081379434838804,0.5237778566358754,0.5456560865905329,0.5543890984826998,0.5489590452557984,0.4755446721749388
X140,0.34053149558790513,0.32737027357649356,0.30254947303100077,0.28201712165630816,0.27966541179302895,0.2811918481755855,0.28622952060479556,0.32581441045105897,0.36881531399548256,0.40269195892620463,0.4021321047777134,0.39790963696950465,0.39160531429994017,0.38480444971625816,0.4214141588305261,0.4803059892895532,0.48662539677688804,0.5172038356719016,0.5163000193001526,0.5208428495253761,0.5418054176361791,0.5362012298270672,0.5341724279665198,0.4835213733973251
X142,0.37625718893940374,0.35746335716526867,0.33314603879775084,0.3164312872171095,0.31391309751393803,0.32274411361583216,0.335123765278902,0.3836172980054316,0.4228610191919328,0.4213910738691167,0.40035650490434455,0.3907416719044175,0.38705426020424577,0.3734791217381099,0.39418064966809757,0.42882121135136697,0.43867144182420825,0.48285085477525636,0.5716916394301151,0.5972832488082186,0.6207606023962322,0.6565312847713124,0.6632398707374976,0.6046459522798764
X143,0.18095231895435154,0.19409606256761558,0.1766326718501427,0.14604486664100083,0.14491491428893774,0.14843241649661942,0.1574487932127823,0.19332421830629962,0.21147971178323874,0.22477022186290213,0.2165510151982574,0.21576411718359004,0.21395953017803146,0.2030522509282845,0.21155445785820137,0.21322403204360993,0.21764797696019736,0.23114962573633702,0.2177288942836162,0.23165443950625708,0.24749932711955555,0.2474720404329648,0.22939577531728322,0.18542121836258693
X148,0.23902909917404164,0.24558449063108356,0.22791285430744768,0.20253637911940442,0.2010419102493299,0.2032453813146091,0.25241477762756115,0.27002677545152215,0.28113220869627853,0.28872907386126045,0.2795251424915717,0.2775046724407969,0.2751343752217056,0.26339469573077084,0.2716319149109077,0.2739932968776264,0.2790400524898764,0.3304429357032007,0.35622428413974494,0.37332182554251153,0.3923609401389126,0.38491286788482076,0.336498294544774,0.28853935961827387
X149,0.27725202809497945,0.28279522583927547,0.26518537101075046,0.24118858464263948,0.23671899105289557,0.24080101457235553,0.2697475207610712,0.33171690319365893,0.3403704954325416,0.3356461460670339,0.3280901909938422,0.3271225232377522,0.31849014116034263,0.28597365479837966,0.2785189780881168,0.2819168962330411,0.28182261448735413,0.2985655836295653,0.32126913188844947,0.3575242239897175,0.3909549551561349,0.4213372511957053,0.40224474183010367,0.3495575620953156
X155,0.25398780146447875,0.2566292717152553,0.2383939214559066,0.21819072706777798,0.2108333274456221,0.2165489241577104,0.23697256258770188,0.2751772502255021,0.31283334776889526,0.30421942144760183,0.2843940378752051,0.27055228863137804,0.2660357152767913,0.24249830616725154,0.25229785444232816,0.25621460936376644,0.2553754434237877,0.275618208862496,0.29904365256383264,0.3218654794827487,0.34717578945505306,0.38089396737694153,0.37033143388940093,0.32345260063025066
X157,0.23906935302726764,0.24301220459724052,0.2248859143251364,0.20228997151392314,0.19887073170326333,0.20036007377106854,0.21489491621739687,0.24808542429297173,0.24467887159422858,0.2520614625103606,0.25430389361681677,0.25176329735104797,0.25236209588062586,0.23918796660230449,0.2480606308114927,0.24941954222957713,0.2566615369157143,0.2786960530118228,0.3050145868407279,0.3255813315488482,0.3438839096418516,0.3596820344466492,0.3484784449954343,0.3014823021701697
X158,0.2230793902882526,0.22830737172891746,0.21021253687469582,0.18693235877586245,0.1841017897687981,0.1883758754794151,0.19941745354042012,0.23165574078269938,0.24664369163357913,0.24724523505733087,0.2443226878093177,0.24121770920697366,0.24024796988282887,0.22720127424571543,0.23745366910159268,0.24053051355688107,0.24645528297236333,0.26697457754369613,0.29254440804624254,0.31156603769542063,0.33023549544225383,0.34421145786988555,0.3307972137932919,0.28252904183513755
X160,0.26803047956104536,0.2716398867494218,0.24694550902181475,0.2221393739673279,0.21834160871288746,0.21954115824504652,0.2307383938160807,0.26344197714326506,0.2787958531052338,0.28405491876736916,0.2749569384515797,0.27310034331440325,0.2692079140643873,0.25790782621440467,0.2660892694254822,0.2691623747472462,0.27196491710976645,0.28239300579771076,0.27838806713713204,0.2920313691113276,0.30589690361794974,0.3176318326881087,0.3109867282144358,0.27465041547273317
X161,0.41722486651844726,0.3980901573672911,0.3711731331281523,0.35672912672769724,0.3528368241398171,0.35839489706425015,0.3573107613087303,0.41244098606884316,0.43250759615614476,0.4482152278980184,0.45383253377635835,0.45328356204138054,0.4498910131156472,0.43735290369471624,0.4480867104041719,0.45059276599727344,0.45550594654700305,0.4787671414776313,0.4953864709571937,0.5397446495765836,0.5780082671379146,0.621636013091386,0.6241980319965221,0.5786260986236069
X163,0.3289280823782581,0.3366670162463366,0.30924552001824424,0.27491160107706,0.2609715571206388,0.2592413076256823,0.2768850180869843,0.31155472080742697,0.28917084741967547,0.23844042991269215,0.23624095619603272,0.23342922635472818,0.22950186821821406,0.2148863249259674,0.22336823332306077,0.22530994779311203,0.22883396940564682,0.25260050407642587,0.2575806968007645,0.27848858128793946,0.3012874426423423,0.3742821256928261,0.39495832662533714,0.37476224493558913
X165,0.2854756188695172,0.28621965708325725,0.2711443606036494,0.2545995557472622,0.251420553571856,0.27533594861128613,0.29709954172102315,0.3262526351692877,0.3088775978509317,0.28146081130858647,0.2766349259120425,0.2734525305140568,0.2700015119312773,0.2564701101849343,0.26366713466131636,0.2639972846001924,0.2673418282870795,0.28800644965320477,0.2919550279188864,0.3113459981864652,0.32602400761631717,0.37422667226932615,0.3643884413686634,0.3188007980444914
X166,0.4184836241260847,0.3935404838946565,0.33493861068398434,0.28914548041511334,0.28592067366169355,0.27986868807327486,0.29319199479468444,0.3299464126747809,0.3933626415336845,0.5024206105578485,0.49940635276849726,0.4990013458005547,0.488513522754915,0.4757975870144374,0.48444411864018433,0.4935548915942956,0.48961945639524784,0.5160469955763838,0.4938167220828932,0.5248582988320281,0.5352819587963571,0.5167464691390075,0.5074440459840486,0.4644430978224149
X172,0.16126365673751566,0.17593186960663365,0.15920617201035966,0.12794494686104563,0.12474439223075827,0.12189960073582869,0.12438016239837797,0.1371890686818704,0.1351607070512565,0.14184861366750254,0.13851942701944173,0.13694804180969236,0.1344540143499766,0.1261524201883153,0.13364481414796703,0.13532542703211525,0.13798266863791825,0.1315279483801407,0.12751375897005282,0.12383360979135016,0.13214575832036124,0.14338501675668638,0.14494369778125474,0.13245967422383031
X175,0.27092557793038324,0.27702353731365115,0.2588599769403983,0.23471882607423317,0.23148896350863787,0.23204827449801657,0.24974710844861578,0.2923377888030941,0.31386248513023246,0.4216087904045186,0.42164047329293275,0.4151110909281408,0.39488985620572087,0.36604936772376234,0.36975045256657896,0.3702964927793443,0.37314775655323995,0.40019292477836954,0.41949989251143316,0.5234790539447425,0.5673317821703691,0.5263473418513933,0.4528255932298014,0.34217751486065745
X176,0.2275079033443737,0.23354842000645137,0.21656799405431945,0.19418759597716057,0.19078041884089375,0.18876661883646031,0.20632334820278725,0.23702235528616264,0.25572707225698355,0.3029089992806787,0.29860915700147844,0.2937029953660618,0.2900136116357024,0.27768119111403755,0.2869542383424497,0.293589009224579,0.30289573663458014,0.33206452749077153,0.3511676683674822,0.36431801793749213,0.38047403483956516,0.3435376856692761,0.3017044026113192,0.26446688580329536
X177,0.3301759304153558,0.30932120497684334,0.2537405323831926,0.21861202475241226,0.21513516144994363,0.21308933621129314,0.22874512038804162,0.2630018948118911,0.2712737776709238,0.27730810756802926,0.27695708167625016,0.2740754318654016,0.2685808581268217,0.2559495856373084,0.26435388774482965,0.2678626982850194,0.2724599502518347,0.29772399323971516,0.3274672011718728,0.36865843032292683,0.401939171587393,0.4495753686273613,0.4636300562140306,0.4255597317905583
X178,0.3607015417491637,0.3503322107398783,0.3030312933061629,0.2714664763004571,0.2673397641319947,0.26818728037673306,0.28247847845149965,0.31462967293652827,0.31526302479176704,0.27311136865440117,0.2714743700240548,0.2702220409968882,0.25847626439342436,0.2503314425867436,0.2560475219005234,0.26549261041703787,0.26381754344784647,0.288322074157374,0.309568326117483,0.3472016479993561,0.40273201708025474,0.4997347675052953,0.5091597263871186,0.4870464506003346
X183,0.24148498002230417,0.2467550381699811,0.2201518999562173,0.19356965461127826,0.18969576685300765,0.1863375833298911,0.19500060976043315,0.22201535157730096,0.22330223485774028,0.20278431412892356,0.20021060258502724,0.19500703688736204,0.18943059470916276,0.1780769619619596,0.18530113899637804,0.1882713696327144,0.18941728340290453,0.2030133244136762,0.21793707895384712,0.21546063980891572,0.22395957252655743,0.2608425135862659,0.2608995741088242,0.23842856349710953
X186,0.20666243622754316,0.20897112103123452,0.19161575594048397,0.17203626555662493,0.16908259891890456,0.1654103921301832,0.17773645724631928,0.20777157031044197,0.21412723953276183,0.24941801773543024,0.2479182559255306,0.2419457179742513,0.23040115588069204,0.21975464905067443,0.22702786287439594,0.23124091351337886,0.23519114930561805,0.26783111471790794,0.28651856438133877,0.2701851858723897,0.2812347489868645,0.2800307328862219,0.27714682930817774,0.24413745063997208
X187,0.22160369376868305,0.22340950858118253,0.20295926326777208,0.18169805936150457,0.1782054099133814,0.1755609229435879,0.19228797231692218,0.2271207418270584,0.230638363448478,0.2636222888557355,0.26388074769389996,0.2639387682712352,0.2604862187317513,0.2481055689339158,0.25653109679619884,0.2594267953853816,0.2638416444981108,0.29111595225403436,0.3079986794484561,0.30510406195117407,0.3159657830853786,0.3114981833614074,0.30885492079290877,0.27558239576984234
X192,0.2622573945722333,0.2661903071560636,0.24664767062534193,0.2253783620981244,0.2214392571422831,0.21802869870898445,0.22919245768171176,0.26050829850342067,0.2614783748652116,0.256496241803293,0.23508888545639658,0.2339133138519176,0.23029815241929277,0.2184121680622333,0.22606853881525651,0.23322001606010914,0.24354352875127117,0.2695844901695331,0.28788364430826274,0.3007374165489524,0.3161198189963621,0.34290563680137187,0.3446390039333834,0.31234309403551086
X194,0.2178111178709816,0.21987245853230458,0.20110909472483796,0.18586395221327312,0.1832144904051753,0.17566136150097125,0.18591978591667543,0.22726994602213244,0.1859234069961438,0.19736248697413078,0.19467335610399913,0.19362241575807002,0.19105756267351529,0.18514644307661832,0.1924842839526009,0.19570847645781114,0.20192788974087575,0.22873489511739825,0.23908584187086654,0.23586811053256482,0.23589188332631922,0.23560563217068298,0.23094031732000808,0.19984629395795583
X195,0.31287574503396887,0.31422611854945404,0.2926373405599789,0.27143789265283946,0.26803100135110763,0.26471530243902464,0.2757507814998413,0.3123078807692068,0.3189931709570871,0.3193078775248699,0.3142444179808402,0.31353238265614464,0.31137490018968045,0.3045229358394826,0.31348429839013076,0.31597403848473293,0.32025713948023243,0.34760039628274486,0.3546221886866757,0.3682658270786125,0.3910985070894307,0.4159288289406377,0.41411963080046105,0.3876885090090479
X196,0.4267568537761329,0.4212640028251401,0.39922729337664487,0.38773025733375577,0.383574694658082,0.3817234978885567,0.3937834154887802,0.43248704899682194,0.43784204173050567,0.4845521586835057,0.483549433426126,0.48807672126107227,0.48370010046612494,0.47610122733488897,0.4855915515407539,0.4885342453270499,0.4939447697840197,0.5252438140110691,0.511733245282914,0.5335004784689161,0.5512668769767997,0.5409677352398533,0.5388342974319994,0.5022855212672102
X200,0.21371303435203637,0.21854947202430164,0.19897828887754257,0.1771304014271327,0.17738582759010213,0.17478717461315346,0.20050513464922326,0.2374971804932523,0.2384762663592699,0.24190385696364275,0.2402884969699436,0.2388249974678408,0.2365860128943719,0.22361547131080567,0.23058215724676928,0.22828660482756408,0.23175669539964894,0.2544460849259582,0.2650808532815887,0.2770309500147152,0.29191831053458,0.3139166381811185,0.3097451068634324,0.277543434011336
X201,0.26149257128091785,0.257976194765732,0.2384637018797037,0.22291983529990494,0.21961477329094542,0.21873630646401854,0.2304068743906511,0.25977601414142876,0.26848198309130183,0.34742674218868674,0.3818145548336319,0.38377047386177376,0.38411958550892933,0.3725898837555153,0.3830719926727616,0.3866053753389805,0.38702352645634597,0.42533732230772026,0.4483180726497857,0.471294433876589,0.48344153819171964,0.4639793828868187,0.4480358046967489,0.3541447562324052
X205,0.3355180342851918,0.3336595628663147,0.3111716384450745,0.2947359509121104,0.2899713466992841,0.2883927352890826,0.2971863721914013,0.33927036084010287,0.39830249952204366,0.39869580977521524,0.37941426303061254,0.3629760168247898,0.348787201902959,0.3268006262576841,0.33328088101937403,0.34007366359851865,0.3401238591163416,0.368018368164604,0.38380602997416774,0.40592131663283076,0.4213126869014878,0.44558565966734964,0.4405037166923539,0.3975079944006358
X206,0.37847672247717135,0.3824753331419253,0.3610317317325481,0.3386584095604689,0.3260350703692483,0.3273397579825619,0.3363920676569616,0.3648480950313132,0.37809174325834366,0.3747994169371959,0.3653227988439646,0.36042455508386173,0.3474481230624067,0.30818641868098395,0.3139892572869378,0.3156091494261128,0.3175143219198265,0.34094622113221096,0.34817164841458503,0.36443703244948045,0.40370822963395153,0.4349659519001198,0.43271763683068754,0.39745618713223696
X211,0.2838502007539847,0.29063413073189226,0.2706150799746869,0.2511162036018077,0.24590377146255332,0.2446582863867726,0.25314671761127366,0.28303908324083404,0.2884193595483157,0.3057268857801867,0.3002408313503247,0.2991629087094936,0.2982818529557226,0.29170050065053377,0.3076984574781432,0.31052104473795905,0.32109299424037807,0.34462708411770393,0.3503852490095204,0.3453568408077192,0.35574374903308065,0.33428371917366567,0.3306782166613877,0.2953844262318881
X213,0.29060621372028034,0.29610648993423067,0.2763076550280499,0.25583134212211067,0.2507660426308591,0.24930982455741782,0.25782997875543023,0.2854222080607769,0.2754979371994937,0.27340562928778106,0.2675976686220458,0.26710764964539613,0.2651754658840103,0.25114924491576446,0.2574614235759265,0.25860404102393736,0.26363463842364676,0.2874508373078546,0.2967435347555756,0.3132166470267738,0.32970413434310036,0.34664748617741187,0.3429475879869722,0.3098035808232147
X214,0.4091270093590743,0.4052731098561364,0.38352423030042165,0.3706371859959197,0.3648653719686599,0.36458784342651634,0.3751381231306856,0.4106995278915315,0.4225520631374752,0.4319222745451612,0.4275781193518054,0.42762075845474923,0.42320613924111394,0.41165030290055626,0.4227732248166942,0.42303966701539475,0.42860086911393247,0.45435203049873374,0.44019701203398465,0.45589946922444174,0.4791191869245302,0.5049925443201675,0.5033184545123957,0.46370401737876854
X215,0.45195805337296857,0.4623158436154312,0.4354841128241172,0.4056729587982243,0.3997536075765981,0.37152838735679145,0.359486911376555,0.3936395714018057,0.3934785888002656,0.39997164654854594,0.4024355417684358,0.41371279275974665,0.4185783565455792,0.4202661692505464,0.435815983229212,0.43683507772545704,0.4423303226393113,0.4679220602398012,0.45572092811617854,0.47164948052112654,0.513205850114934,0.5450758996494244,0.543274176049471,0.503731550444906
X216,0.2607869535666728,0.21754905219394002,0.19096069251228437,0.16944971863483063,0.16459793780016074,0.1651374856373751,0.17567307598816104,0.21834747153394204,0.21726648613406063,0.24718703775545542,0.24153250794454523,0.24077554165940096,0.2400455352762369,0.22336489960881403,0.21621322727576817,0.2157567859677445,0.21403321369318565,0.19334902939358606,0.18510462707918612,0.1992046486562369,0.23052367914448368,0.30416771598377973,0.36378889665086045,0.3293976144758346
X217,0.28020651460725865,0.2788585728789891,0.25745756545581616,0.23645849644403816,0.23155623094472091,0.2369780957808349,0.24746972917648846,0.2623964911825029,0.2510906948766579,0.2244129210124984,0.22093892463716508,0.22095194915661134,0.22875904957056195,0.2136625544282782,0.22126102237279346,0.22126329053819788,0.24798601371046503,0.2693080934440051,0.2876905523924755,0.31681511033239096,0.3323341138441405,0.38672204581413194,0.38008053372526596,0.3456152268030927
X218,0.2703544253089504,0.26336430191132926,0.24893042376749636,0.24192873788455574,0.23832135986329084,0.2933922128476108,0.30304815487109643,0.3026642136400238,0.2864416486325168,0.25952647177543925,0.2564199280621437,0.25605009658205025,0.25474292186760894,0.24255799371640238,0.25071218283735425,0.25008760636866495,0.2571805499816736,0.2826961774782524,0.29953749370490906,0.35212947453964544,0.3769303951995685,0.41580604074747746,0.35709733768575214,0.319254434990845
X219,0.14396370407430426,0.15271532894574796,0.1373850731096593,0.11483957612945327,0.11133405638243415,0.11616158528511382,0.12698489720161352,0.1467020471040069,0.1429183680667292,0.15790054783953528,0.15769308949081426,0.15735231859151735,0.15714095357089577,0.14590384743994933,0.15280119347408963,0.15328790333425982,0.15813822383430323,0.1680624824126185,0.19660997213371847,0.17536797023735254,0.1831656137273586,0.17720797762404927,0.17283885419689785,0.1443025280328994
X223,0.3080320069072932,0.3082630621094481,0.28806883295451824,0.26840890556726943,0.26355585688023647,0.26504256673489024,0.2925600569156407,0.3234187487592504,0.31900580686752933,0.32221967428229636,0.32090108334775685,0.3204640212243405,0.3170203804869083,0.3014641961435037,0.30901878504445357,0.3091740040231201,0.3139501290560965,0.33966663450535484,0.3524250413800956,0.37027497811187127,0.39510026874295046,0.42648639660838605,0.4394720041678828,0.4048956758573158
X225,0.2884752325931695,0.2877094482774856,0.2678203649521403,0.24722250570086363,0.24270901719363047,0.24228295980817421,0.2770980277980897,0.3288173721587122,0.32549050456799017,0.34014820233655096,0.33964165079221015,0.3406853333653015,0.3390603281906957,0.32585390282836146,0.33500957904293377,0.33500765257420106,0.3425347282588198,0.38423594439451847,0.3982869388729779,0.4175501999640262,0.4561365529850029,0.46823198003467703,0.4513051466312193,0.39296847368494137
X228,0.3118140374379992,0.3139923853945823,0.2936973537188109,0.27228230349655463,0.2675685257142175,0.26604279561624583,0.2784779568645884,0.314595332809156,0.3313099795781248,0.35048825316616905,0.3513996363419184,0.35462359960769246,0.3529053316297047,0.3405154974890858,0.34893942292949903,0.3481995967831838,0.35398058759505924,0.38731899719131896,0.39951467476795877,0.4181148053321953,0.46153377676274393,0.4710885838515653,0.4530611749686939,0.3923950352903756
X229,0.2808920783724173,0.28456450756286517,0.2647239988503797,0.2427026024335613,0.24027677660238458,0.23882316496832742,0.25538130695905054,0.29318260192909923,0.3116357298841423,0.35132276153612785,0.37033628788422257,0.37412330014550327,0.3723219346323384,0.3606715379263227,0.36861736000661344,0.37169150246387594,0.37730954974723097,0.4132965953272867,0.42527285120048364,0.4438374249771442,0.48958869646594566,0.483403872605217,0.46260054819208685,0.364917085079842
X230,0.34036220574452586,0.3472516389545673,0.3297095163380157,0.30963271097295186,0.30482563068456986,0.30476904001121663,0.314626910712765,0.3470209699001284,0.3416830837721893,0.34815336369444194,0.34658569133419576,0.3462536322430328,0.34330650637664795,0.33118897676918607,0.33933593597137746,0.3399511460015479,0.3462726789178962,0.37680668688997837,0.3826455058593518,0.3942168193051029,0.3990461298721524,0.41483563784740385,0.41374273013314994,0.36741471614202476
X231,0.19543253208502143,0.19322269408045878,0.17410942244559446,0.15515253516775707,0.15039984745659143,0.1483649317637124,0.15643037756651512,0.1850448770983714,0.18873789379462216,0.1992655647379217,0.20149973020447262,0.20296711962909023,0.20038552123113224,0.18955723518856588,0.19649195535735003,0.19647680371599463,0.20239765060878154,0.21873649623021857,0.2327422936759571,0.2474046613207928,0.25964482304503494,0.2773910367381591,0.2792954638043254,0.24805259627603526
X232,0.4371032519614171,0.45059563292708804,0.43090825603622146,0.40818048519281586,0.4022795039493631,0.402458092022053,0.4153503725374156,0.4735671069706624,0.4709116778071592,0.4605344107939111,0.47542298255957555,0.4390966051696009,0.42055197757182844,0.4071807976362293,0.4118425336101535,0.4114947187352829,0.41776653336800773,0.4336633576444905,0.4256945452557536,0.44015016738322954,0.45899236904783425,0.5058081407809296,0.5041050018722338,0.4662912940659396
X233,0.16354829404960233,0.16762529788599567,0.1511480928190077,0.1335913435724633,0.12936366300241087,0.12550390659543315,0.1346060362857717,0.1656839573661727,0.165937887785206,0.17265045981445837,0.17168288989576663,0.17246689875246585,0.17091408152828164,0.15953518098284084,0.16662682276479351,0.1660231959792086,0.16996408178244718,0.18207199981555397,0.19238502734470947,0.2067957394803739,0.2163714329603686,0.23061240096811486,0.2305924849104475,0.20160206234816946
X235,0.1491268491965651,0.15379041623935405,0.13847004851042988,0.12686156429317708,0.12245323148879099,0.12038263191026247,0.13154276044942412,0.16343719762054718,0.16510992614841327,0.17625883033165413,0.17491888993113475,0.17288183895543663,0.16105833948364157,0.14953132277011072,0.15629985646025918,0.15501405475703584,0.15902233403351357,0.1589543124702426,0.15090606942520357,0.1498905571593782,0.15805456951096625,0.17099281621452073,0.1674495478094019,0.14245712479161932
X241,0.27088216260893655,0.28175876218459217,0.2661405199365214,0.2530779666277024,0.24888045344372528,0.2621078172300343,0.27879127629868783,0.310172692745858,0.29172368411742505,0.2939063607628823,0.29170233980033194,0.29348801827247295,0.29186060469639014,0.27986901899415395,0.2880303696422349,0.2863312808844817,0.29370309870995104,0.30703023162404314,0.30742463856200886,0.3079599268187372,0.3134967138641981,0.32179443044097383,0.31526078611807473,0.2839224286257129
X242,0.26185660827296575,0.2581145825570765,0.2418245885151788,0.24005349805727938,0.24226211888950652,0.27910112752088606,0.2978278191484533,0.3259025464559651,0.29925103041145135,0.3030713191782057,0.30222292081635116,0.30402314317716983,0.3012849411451688,0.2896838880823048,0.298112490434227,0.2961465161873012,0.3060414468919045,0.3259069417917251,0.32112676895287934,0.320714129842848,0.32460638654456864,0.3235055787844485,0.3154967587728123,0.28298839467116177
X243,0.24724639193571357,0.24740228601005584,0.2293452325872873,0.21879071795825744,0.2143271703125533,0.21797280246872547,0.24686202219537362,0.2802732819515271,0.2819605283441534,0.2866622171958171,0.28896268279761217,0.28786820833632115,0.28909596571083923,0.2732222761591129,0.28127363002318767,0.2789534845825625,0.2938950418198243,0.3224563507024254,0.33379745693687024,0.35102820237866494,0.3397470446722587,0.3444376903502179,0.33519625832563993,0.29915037741923384
X245,0.2178749361914272,0.22282706709591293,0.20677878763149593,0.19465286437240858,0.19027771620165773,0.18958368845395224,0.20946575299309256,0.2472233077394302,0.24615568924341857,0.2532402961601287,0.25613641505919127,0.2546274061511269,0.2557082275123589,0.2387876313639485,0.24661165269113514,0.2452933841832873,0.2607128697217556,0.29916643564369116,0.31195353841518203,0.3283169523991407,0.3352602855660025,0.32630551770621546,0.31293215493038307,0.2755306209092455
X247,0.23092953949905484,0.2315428061118394,0.21628122620350215,0.20882576228342659,0.20439870905287227,0.20493523094250585,0.24739388638215437,0.3222193546809696,0.325225210553651,0.3507874036971016,0.3404674105007368,0.3275093197061164,0.32668560936254165,0.3064185705233285,0.31458067818113067,0.3135484193425801,0.33811349890015835,0.37611265269777305,0.37835556429338657,0.3937231737107321,0.3913520995769143,0.3390454442316711,0.31636274580336005,0.27757535396732197
X248,0.18261690147464774,0.18831905028481266,0.17287848189398855,0.16041140111866703,0.15619000530969152,0.15518041485865583,0.17251711413938464,0.22622889605567909,0.22644854738205025,0.22007634633336462,0.2014632359011595,0.1999643984896533,0.19929385118875936,0.18393827602860335,0.1911669668638182,0.1900555081850394,0.19905454558500119,0.22288829680964578,0.24434836664145954,0.26208276087806526,0.27796122618942226,0.3013607150073473,0.29121432916617784,0.24893424012342058
X250,0.4656328452153764,0.4713885719203249,0.4232027274596423,0.3602296734946686,0.33876164873260356,0.3325882600960268,0.3357641107462348,0.3639883223862452,0.3668068101731351,0.3783933945419987,0.40961517728724056,0.4214645733531482,0.42486225789010634,0.40134579957503064,0.4122504568127292,0.41820119349412604,0.4326418905875019,0.4917960828114095,0.5061376912972838,0.5612431422251609,0.6254927965843676,0.6624133087230065,0.6654032571413141,0.5926142741526774
X252,0.5082057067914721,0.48172902126548317,0.42586139583743543,0.3647712739851574,0.3393899414646395,0.3284172070365366,0.32740951991652073,0.35442917824471043,0.3583527584427737,0.3774195302491252,0.41063270762933124,0.41750735141717,0.42120615611554224,0.3945743723910038,0.39557044804751484,0.39435484948638233,0.40143162310241065,0.44216510186873365,0.44422609462090484,0.47634740588762153,0.4926881897487563,0.5050544317287341,0.5122092762493612,0.4824720205133799
X253,0.36076977159984697,0.36090414114608205,0.3345492795647082,0.30501042323413013,0.2992825793082818,0.29702604989200576,0.294408745624533,0.31875808721490756,0.3204560353329192,0.3028211902341535,0.303312056130942,0.3005980008711213,0.2993488808680477,0.2771601159966399,0.27955174721890397,0.2783525609425147,0.2839845833581899,0.3070292014598393,0.3145097957295472,0.33228719993029526,0.3543253620551141,0.41021722832629853,0.42979764060109055,0.4038683667358207
X254,0.35276143049800524,0.3584394905730303,0.33693625595293814,0.30715678050594464,0.30212320813625454,0.29937796256510196,0.2978665365365323,0.32087229494077896,0.31954988761810427,0.3016919236757564,0.3006221007315747,0.2984148970333219,0.29795530383837365,0.28217428497086194,0.2889039791954099,0.28814749984648486,0.296493284608032,0.3238481617576587,0.33300659136095034,0.3526327810359284,0.36696775761866884,0.4113903847538139,0.40614416694761313,0.37034616985531765
X255,0.3814365927734878,0.39019394040126004,0.3608507059268513,0.3242533172308032,0.31833288608542354,0.31817382223131024,0.3350659944518572,0.3600179088398382,0.35012027529300055,0.32190493333933135,0.32043469987710643,0.31807187819767924,0.317605327122937,0.3015853960314962,0.30948345408018835,0.3091950872888394,0.3172591738229464,0.3460328927784291,0.3553447971556342,0.37444299351404164,0.389898794447106,0.4469049804413783,0.4511641395413885,0.41999190748124254
X260,0.26781958859861443,0.27247610144198675,0.2526860809222302,0.23362932893384625,0.2298909427287219,0.22864969037894714,0.2400336281784937,0.2708528236079907,0.2690324425633582,0.26364842176216396,0.26152883459005205,0.2585611405961525,0.2572543604075823,0.23908668780791878,0.2443501593298085,0.24480764362566373,0.2526549879029813,0.26819682517182525,0.2740268870689765,0.2854330170944933,0.29711926276085143,0.31427135134306955,0.3090387744560847,0.27569730763929545
X262,0.27844191459834433,0.2848435804865423,0.2671842354380244,0.2522266556817439,0.2537927510348757,0.2583003993033819,0.2725022163351979,0.303613620114677,0.2992334130650517,0.2946501543153849,0.29012691667442764,0.2859988553412413,0.28501249553956776,0.2663497738189243,0.26884381892340886,0.2669362188041158,0.2740568531954132,0.2879189076782832,0.2945186694915366,0.30862303196081264,0.3241401506203824,0.34438144063924175,0.33984887431085425,0.30502271421656924
X263,0.3341272084780964,0.310627722147371,0.24770433633011635,0.2120870014957711,0.2041880995157598,0.19793035326976038,0.2030818814343773,0.2324187925539864,0.23951273327544798,0.2661734668169683,0.28718319115007246,0.28749987523237636,0.2888606193851818,0.27324286357664507,0.28018677735034364,0.27953780770063286,0.2870702391769927,0.3078346769380601,0.3157154764277752,0.3330880198456092,0.36046927380516325,0.3962320504688873,0.4027931138186268,0.37239431387480604
X266,0.3445445229415428,0.3162449626427535,0.2835596470367747,0.25809577736656,0.2540264286921264,0.25349738092736346,0.26353360264131737,0.2948567265640964,0.2950225788409023,0.287817750513352,0.2960488585439674,0.29814501640056107,0.2960962461825986,0.28424317941010024,0.29148064080840796,0.29164772660763927,0.29771608450758497,0.318040765818013,0.32563240560118445,0.3416784926112099,0.3610960720175028,0.3978659451369742,0.40263612624931255,0.3763256086277566
X269,0.31168687572358234,0.3106637897282963,0.28776064704775084,0.2690730481243981,0.2627581240086222,0.2639812952310929,0.28417229413811057,0.31614193516352657,0.3178771848308775,0.31314820269231536,0.30563377568323247,0.30263806987993,0.29651799039586296,0.2752152617255125,0.2807195239128545,0.2807972248222056,0.28913257884206667,0.3080998678089468,0.31530851200332055,0.32858675875667204,0.333615473034267,0.35946089794898706,0.3657612565389702,0.3368927553263718
X270,0.3588269199914624,0.3613073990458484,0.33838833205418695,0.3166365173369595,0.31045142400618664,0.3101708099785024,0.31870673946198497,0.35334787222171,0.35404197074320615,0.3510623588721921,0.34307527719494035,0.3428618772981351,0.3408198940014182,0.3342406016060115,0.34477587825145817,0.34595304798805304,0.3546151845505947,0.3758873079975545,0.3810892799351744,0.39837207820269166,0.41705993093409327,0.4484970839124365,0.4419431495319861,0.4097181709154549
X271,0.2991541038711697,0.30277405590108336,0.28036289037977624,0.2554745851129722,0.24758283454007826,0.24732481705586368,0.2547418618513741,0.2882506387468099,0.2872702443009738,0.2815470677065437,0.2749762684643193,0.2747736887513729,0.273364178429429,0.2644014997258625,0.27180337605542115,0.271667853262975,0.2788623104288836,0.2998709691476785,0.3057833932289842,0.33354224067833677,0.3764814757763405,0.4103940724906249,0.4040125406916706,0.3722724754856418
X275,0.38628779214614956,0.39357989837893104,0.37461167076364654,0.37840001854828437,0.39714305760497043,0.40345707676522985,0.38231369437278073,0.400153460156391,0.39810762218308426,0.38822451910784084,0.3820960496084466,0.38187644973986945,0.37977121690403964,0.3686066057040293,0.3763911874713739,0.3760984259827596,0.38406324978319073,0.4045306289935064,0.4055547145600808,0.42489126053685145,0.4418506607380464,0.47954952454589406,0.47393859975537,0.4393313831434756
X276,0.17252780411129823,0.17460617729170486,0.15391571652340244,0.13506449093001258,0.1297336463915702,0.13234101027989237,0.1363757179333085,0.16067325140285088,0.16093273083241047,0.1692402448000538,0.16756101783345204,0.16803320620944687,0.16721166023799544,0.15803805402623575,0.16366187231682935,0.15785254423843528,0.16401335195916952,0.17657762648924283,0.18998745771490122,0.19606206413095412,0.20594880825052664,0.2209993221604031,0.21762489875166852,0.19325412254122587
X282,0.26192064558201,0.26166702476453096,0.23832027191243102,0.21857089392971346,0.20971953179452327,0.21182910979272132,0.213487536548688,0.23986131043896927,0.2405690684573648,0.23663438259382244,0.23417038857199288,0.23345896428778842,0.23352549306895115,0.2235757524803859,0.2341061878313908,0.2370929186633204,0.24350436607620302,0.2628051062546499,0.26769716616060063,0.2797526188260559,0.2942185938835117,0.31924590220444854,0.3156735841997103,0.2912691650872039
X283,0.2512870768140134,0.26099637979093215,0.2364859616050697,0.20423418295921403,0.18955317639037664,0.1895964325878403,0.19439608752719895,0.22070820720834147,0.22078845955647514,0.2057129699433846,0.20275797684723,0.2031417488243405,0.20199239309058323,0.19260707645719183,0.19879489912870524,0.19901994639198625,0.20541002122443233,0.22422372626362574,0.22966051141943747,0.2484208601720743,0.26998604229570167,0.3091657446253664,0.31124253067777363,0.29217650240653187
X286,0.3437288006125291,0.3660748860003607,0.34046456974737604,0.29942943535055033,0.2894284548930388,0.28815228087290456,0.2952973393957265,0.3245282120648572,0.32822495678952923,0.33423165268357735,0.330687087839321,0.33018154728816224,0.32661495480008607,0.31548702699539166,0.32180276563191396,0.3234568413789139,0.3302054435012628,0.35503494213013975,0.34412888084720317,0.36740610173585087,0.3813515728018623,0.4080166840201049,0.4033727997296687,0.37487039758789825
X289,0.23816331170934849,0.22903528190367134,0.2097829667674731,0.20044147250533909,0.19551911654624218,0.19864106598618197,0.20821425890129033,0.3134488428295267,0.3464296092364125,0.40604708356177366,0.3833903625571039,0.3764172845220811,0.36142413741044677,0.3466912078823998,0.3494007066612235,0.34863252745073225,0.3542053032784016,0.37820640534375616,0.37797371770073224,0.3845989533641153,0.3514117036889264,0.28421191637168103,0.2802939529830557,0.24768732099817575
X296,0.2407706829728694,0.2522459417657163,0.23104673791969718,0.2024281472076853,0.19731771825365435,0.20010811892183106,0.2103430440061992,0.23880343018647832,0.23061463324342607,0.23283051740453173,0.23090581712637037,0.229174175760213,0.22790362553205157,0.21479017788585525,0.22207184202752236,0.22127450802967383,0.229444103835238,0.2500786157147426,0.2542924820817135,0.2692367549729652,0.28343141472755934,0.30877476931839226,0.3105934619678505,0.2831475146358127
X297,0.2225645223026706,0.26449450469089747,0.24623898846459288,0.1883636869279465,0.17469469407425878,0.1761909416715668,0.18099581259312317,0.20668720605279173,0.19318712284418105,0.2006061533028493,0.20773700149217755,0.2102060757556251,0.2094919840504121,0.19728014662684284,0.20410776253799212,0.2036846378167066,0.1999281557043541,0.19811168610902125,0.17864466905666607,0.1844612985323251,0.19790972370345186,0.2306951380415313,0.22776971747809693,0.2004237475730825
X299,0.22519554851505727,0.24521652379270398,0.23346937355062528,0.2122153472275804,0.2081091693122281,0.22352745342587438,0.25538823043040676,0.285891465513146,0.23760597307848566,0.2283919521502891,0.22898073744767466,0.22951020100000993,0.2322860967812339,0.2217840342340203,0.228923575579672,0.22858634687507387,0.24140353739254067,0.26516830176495454,0.263550603250499,0.2785655690768576,0.27546383223258564,0.2890706227221226,0.2769728974629901,0.24663469600803184
X300,0.26727872937809866,0.28850249461397537,0.2767342898426175,0.2555377592553626,0.2506420659123445,0.25516213826911605,0.2667374944839128,0.3355488732404896,0.3337083063139769,0.34094342796713134,0.3411218736801584,0.3403138930924806,0.33250910156798347,0.31293165619293667,0.32060382212468524,0.31731973451150397,0.3291448828907021,0.3850699828490806,0.4193136952666058,0.4694223950663164,0.43596348670606466,0.43594220533959627,0.36700571950518945,0.32952790120845427
X302,0.15351995082548955,0.16760462700351203,0.15093297678079853,0.13440411908695815,0.12959824527853447,0.13152918075925135,0.13541309376598343,0.15532360545605292,0.15409126711897156,0.16027769829177935,0.15867537998478046,0.15821043970075593,0.15706674285460304,0.14516941701387376,0.15186125793784877,0.1525926387035028,0.15899492348778385,0.16162933146445396,0.14408071267173503,0.14285797199840344,0.15073119154943293,0.16569463148985564,0.16340939156051845,0.13649821897391032
X303,0.45104454317837106,0.4909180030608851,0.4634278062101512,0.413972828388269,0.40696482355198943,0.4120762199605909,0.3910236059175004,0.4321493838908764,0.4407431161185531,0.4651352998873222,0.5073077924192082,0.5165251812640226,0.516281349666174,0.49959016693550834,0.5229537104029509,0.5452427076367417,0.5586557219617457,0.5997732149557522,0.5937833955720502,0.630443648503327,0.6316821480685602,0.643317031930708,0.6334279241890683,0.589236409822832
X305,0.3896916468702867,0.41937783503397624,0.3943650356341701,0.35635403560957346,0.34883764638259596,0.3545438851046701,0.3537007886623963,0.39166163316952546,0.3975662999202412,0.41152314072637036,0.42881977936618587,0.43362372759064927,0.4328446569262795,0.41802420043486366,0.4270870162508262,0.4276857762286029,0.4395175572941154,0.4587511821245017,0.410187800215411,0.4321794213077824,0.43898685312485625,0.47965426224106866,0.4778927343351606,0.4435999888740729
X308,0.2870023083418917,0.38107186283850025,0.300425018755895,0.19533111933521244,0.1794843524458869,0.1808309732197791,0.18544688188899885,0.21042495528996857,0.21411301276072028,0.22426218432361872,0.22929287962702236,0.24795313707167232,0.2478900888806978,0.2333733120361633,0.23755971652310465,0.23786763290750115,0.24470824411399683,0.26571946350646863,0.2758134588091171,0.29052869950402876,0.29996777442869016,0.3281319469107765,0.3261182560832623,0.2957490701101403
X312,0.19926663292220884,0.2070152014264351,0.1888729274018746,0.17258688011751508,0.16640281497329618,0.16783692556623908,0.17441411758491884,0.20572776389035458,0.20310879947852717,0.21090352398742376,0.21021878753762122,0.21028918386597784,0.2078988881251308,0.19764767142869477,0.2064356207047282,0.20673957825316086,0.21323968839652738,0.2308953061384081,0.23540147957560625,0.24571855735427023,0.25261677814014516,0.272769541156374,0.27028191184211836,0.24236035002610906
X313,0.19403611300253246,0.20369781643204918,0.1845959580705856,0.16307372740561227,0.1579946209675096,0.15888826410678944,0.1647585330110685,0.19164259041186327,0.1900797067999969,0.2002321595540483,0.20752575446604382,0.20980474929093662,0.2108272052164172,0.1975032098343128,0.20497378336946667,0.20527737261271575,0.21171890539730004,0.2290549140902118,0.2352629562271882,0.24602200596916138,0.254797414847711,0.27230991799966375,0.2710769762208973,0.2417733180972588
X314,0.18720423984726323,0.19722371878107905,0.17942005074613662,0.162716082574599,0.15683542391553051,0.15804996538000468,0.16681339797331202,0.1848978339290571,0.181709578005839,0.1880663044667791,0.1886889598464726,0.18683276274131794,0.1882234503611019,0.17438353058681355,0.18075254167548943,0.18105002845531742,0.18744234798875045,0.20533417726265407,0.21039480050656362,0.22268992858594502,0.23119590145763957,0.25161080615497355,0.25176736135061223,0.22205885744378928
X315,0.27062460948218975,0.28927956237870034,0.27197890017042714,0.253290626150837,0.25036341072978696,0.2528781456838648,0.2625821547399453,0.2805441095753416,0.27500685800321567,0.2735440211874185,0.2733638733568903,0.2728691075047905,0.27296966929087807,0.25935356758707334,0.2674821500630592,0.2680332995277296,0.2748964076385825,0.2920157768211318,0.2922846917449589,0.30306281372128036,0.3112148401459006,0.33921408308544254,0.33784945117451837,0.30686172572696646
X320,0.20093613627215529,0.21001812007928028,0.19239773159078657,0.17530365880054558,0.16873554396178236,0.17102119136214608,0.179278109052401,0.20696600386205322,0.20502662291668503,0.21690011177637944,0.21618957574473263,0.21546187722709353,0.2155579036107764,0.20255589701022006,0.21013785811549188,0.21574029610139087,0.2228924718328445,0.24400117443455122,0.2576076215957102,0.2686072592788429,0.2777629897867271,0.289953690065573,0.27042257954727944,0.23991071119084248
X323,0.22156541641508887,0.22917274084283723,0.21127342111058534,0.19611523536721104,0.1917032142419572,0.1940337785579905,0.20405335923347956,0.23189174984748756,0.22961680080191968,0.22813014047944025,0.2189836565196534,0.21856262609583954,0.2186588974511716,0.20562372160194237,0.2132250249488431,0.21375258135111042,0.22163875219286325,0.24130573080423023,0.24951893696981167,0.2613379973104479,0.27164087212788784,0.29470216766642554,0.29186272551861386,0.26122209362200566
X326,0.14188046738845156,0.15055534403701232,0.1341456442264394,0.11774795861601654,0.11315646285771125,0.11405149579225046,0.11907932031604838,0.14235561389567442,0.14024601228997116,0.14401728877035666,0.14197329311110185,0.141219781631492,0.14095411131002347,0.12894579529876624,0.1362399005473336,0.13673398088834085,0.14236632794255072,0.15089693722145592,0.15655762848157884,0.15726691657916142,0.1682647981471615,0.18429037624392075,0.18220278889013444,0.15427279234423014
X329,0.31349969383693577,0.32388349230372065,0.2823545441272599,0.24211269405430763,0.21957056725890783,0.21507771616025495,0.21563881007119035,0.23276371055537604,0.23022286691646304,0.23455681765144906,0.22973683882425686,0.23335277533911516,0.23946642974081636,0.22862798721974517,0.23612386627188311,0.23540295135861206,0.24284615354987385,0.26115112837720617,0.28282913369099394,0.2991700843208916,0.3139042215223973,0.3398200219393001,0.3355821542613568,0.30656623672086664
X330,0.3949218355066428,0.4111056157655574,0.38716880141117416,0.3578109424282779,0.3529281465865482,0.3544910672982759,0.35721135448063995,0.3829911142421474,0.3798423909763766,0.37633013046980296,0.3778913326496286,0.37593232782821157,0.3725137978921989,0.36341015491536366,0.37359392343554154,0.37516939591611737,0.38040504428839766,0.41046179896616125,0.4188378019022513,0.4358155027586489,0.44428241822081904,0.48440473080934426,0.4797095398682673,0.4455684777031179
X331,0.30476587494370155,0.3228812931271585,0.29163905427596604,0.24825344839322214,0.2328084293230914,0.23547967597852454,0.24129229987067802,0.2561817137845971,0.25151249966944683,0.23561739953576022,0.23381053572352706,0.2344034444802522,0.23419961263463424,0.22109280248699292,0.22690011998053952,0.23105676651803816,0.25085335022225086,0.2988113185651747,0.3081768978557334,0.3253131333911067,0.3257317083193257,0.384896951405437,0.38011443210704315,0.3495253406061715
X333,0.3099969926186819,0.3310976750075357,0.30029038609137776,0.2544460363427614,0.24046446289341541,0.2432010569062925,0.25051194398855936,0.2721930726419296,0.2703529123296462,0.25526382044496326,0.2536123034023092,0.25262500696624296,0.25283996889155635,0.2069177526437352,0.2111535715775388,0.21053941613667324,0.21630958440850073,0.23351533928012752,0.2415215915013928,0.25573700548338474,0.2665268863906063,0.335159986611231,0.3415520208532376,0.31460783404545
X337,0.30875771036128963,0.31331543350242597,0.28151277712246264,0.2475311960843859,0.23377141803284113,0.23290284592796615,0.24174933956634545,0.2766574169174103,0.2871976408046538,0.32334526922161083,0.3214242764494405,0.32526556264418977,0.33051620745433696,0.32033786363985733,0.3307083331365808,0.33339562600437594,0.34307592042434587,0.3732570127331618,0.3860627207368047,0.402339897383465,0.40732653268077124,0.4246841051802377,0.41895482760671865,0.3885882485998429
X341,0.24031587848608732,0.251076438821238,0.22149550949211885,0.19202597868340812,0.16698705329316027,0.1562027069402916,0.14923771679206788,0.17208271158791016,0.17234417708181698,0.1738144363766042,0.18864535502599844,0.1983185038303647,0.1966953629013191,0.18873406695958647,0.19951095683068276,0.21165894255971882,0.21664564502769096,0.23545846332029047,0.24382712719017144,0.2576513240304479,0.26646757779579044,0.29351423594433423,0.2886641648173783,0.2617267631727731
X347,0.20780902499838774,0.22571771042813066,0.20704893580723233,0.17797020548866718,0.16730527856708605,0.16634567945430637,0.1681659438621619,0.19412651195692804,0.19439289493071413,0.20710512689302146,0.2164987456748813,0.222246273742347,0.22085169677608446,0.21130185403458956,0.2136836607937563,0.2156417978976273,0.22103720581394873,0.24253120973555997,0.25068431264903174,0.2673520878312354,0.2734469228841385,0.2937194997902867,0.28886865902027214,0.2601444431203007
X349,0.20390840123288453,0.2196516156932717,0.20132842366854445,0.17397527192512102,0.16658568770074814,0.1712508241740733,0.16150173412611232,0.18484689743416516,0.18376114680030634,0.18737158946322016,0.18588782745641602,0.18911053241843961,0.18802104610776135,0.17728332441446254,0.19051216070945046,0.19944216380387653,0.20619546829070015,0.22742821206150746,0.23798095680554354,0.2528292619355227,0.2586690944223758,0.28642132066023124,0.2834756861571407,0.25884459703289164
X350,0.28161217658864673,0.30020358421479937,0.2830565230823982,0.26137518399196025,0.2585446079953967,0.2600269644475616,0.27218217046444676,0.30285196076827947,0.3017149826318138,0.30239129331735415,0.29938807609232154,0.3016920602305014,0.30425693879689075,0.2909447364614509,0.30020383813278334,0.3114515615944217,0.318052054307516,0.34161189253044333,0.3450103606667169,0.3608325792086779,0.3681138794518652,0.3969224097064637,0.3929303960236706,0.3610508736557936
X352,0.18290217863574681,0.1920323010921288,0.17418229024756632,0.15355497263914306,0.14800095311165518,0.14919817307002417,0.1629604552050582,0.18953602718625295,0.18791802928602275,0.20045147034210373,0.19950576479881876,0.20384990349103102,0.20572116830721077,0.19508052234227657,0.2027122655181324,0.20265990225616426,0.20909275890166254,0.22774763772555046,0.23390292234715587,0.2492657506340637,0.25762897027406256,0.27841866264967086,0.2732853206774484,0.24551115040709978
X353,0.20687496324407031,0.2179024467651317,0.2076158167216869,0.1936894050101251,0.1908773889522176,0.19299040489629574,0.2097459204852233,0.24136566521420416,0.2378697965516779,0.23162335426401742,0.21957921019826424,0.21781271383459133,0.21815509221548218,0.2062173391430823,0.21387588758954845,0.2136435816345137,0.22061072563401585,0.24004492543587955,0.24709201166654038,0.26047988448989,0.2657240858022864,0.2906353258129829,0.27756033826877025,0.24518178501656415
X354,0.1579044244559974,0.16113677405932259,0.1475978931205243,0.1315322625585556,0.12693771209757324,0.12836629841101285,0.14232225094683842,0.19546589250603363,0.192171612145552,0.2283347761418939,0.2287990192747525,0.23034304653447282,0.23027181606597802,0.2203760924218068,0.23362376396849413,0.23625024468269312,0.2399737496796688,0.2617290531780055,0.27211933882448625,0.28737031257418694,0.28408843928159866,0.25658175988637916,0.20366136287917408,0.17285051491577502
X357,0.29737967599840087,0.3135931129860384,0.2936507643393153,0.2758600210072307,0.27070690842436207,0.28416479185999427,0.2982418538355237,0.32814826458491947,0.31458176810791744,0.29491849459617786,0.29302992952852275,0.2937450995827699,0.3009033278155595,0.2930290798393754,0.30021102315225584,0.30280631158109333,0.30999959908497776,0.3342777580395726,0.33636083808893746,0.3525302981234367,0.34939629894674845,0.3729662610256008,0.3715730209081386,0.33901545514951065
X358,0.2194979988478331,0.22794882420402365,0.20812178505092044,0.1902659052434322,0.18532544337450751,0.18644942532109005,0.20192721428065485,0.23006971193951303,0.22252850566711224,0.21417726660437508,0.21121376407325632,0.2118836819100949,0.21086930212182003,0.19831006967905235,0.20449095155036462,0.20472809270075565,0.2102974990216842,0.22623021326739862,0.21087821082092867,0.22057703371947537,0.23234691515584704,0.2635091735037351,0.264824653730288,0.23794113860620353
X363,0.25235915863512925,0.26474105242234947,0.24343521620766592,0.22313787485938927,0.21669645613222183,0.21645592849202333,0.23050727454669873,0.25729475387699224,0.2543609979429563,0.2611454121747258,0.26028529096596836,0.2643729532090799,0.26950906317685036,0.25458354997351523,0.2632448959030113,0.2590779591612112,0.2614785864955195,0.2824345625438499,0.28540346650188736,0.29911626360915394,0.3092693708706835,0.33804986021324845,0.33668526723958825,0.306729645192943
X364,0.23564142485860498,0.24607700609486852,0.22414470968422903,0.19838132632430416,0.19480729453817025,0.194494641404397,0.20735270712455048,0.23801757183616665,0.23651423342616978,0.23246112642445166,0.23910845386684212,0.2409352625092986,0.24280862866867828,0.23020399419968057,0.23895430511379484,0.23918845185273047,0.2451917195880377,0.2653083951158206,0.26912848604753214,0.30975209001347925,0.3166850162413075,0.35814090289721706,0.3567521553079409,0.3249106623780328
X367,0.17546466258118457,0.1784770088131989,0.15777235489116492,0.13760219485011177,0.1329432155883266,0.1336089658936051,0.1457614451654275,0.1674623780188379,0.1653368674989074,0.1724920894693565,0.1729177977627937,0.17589673368689546,0.1760229615540685,0.16502381218387946,0.17243435563325424,0.17266518545517606,0.17882187297145088,0.19258172339552726,0.19512117666758513,0.20341935118216598,0.2120338833611219,0.23467208404408477,0.23249693352409354,0.2039252644045331
X368,0.3178567346012087,0.27318341104551197,0.22706693440727885,0.1996569255793753,0.1931494791067167,0.19426610910744468,0.22787134596618652,0.3174697153520156,0.322481808051297,0.3504630906728606,0.34992770666415646,0.34462874482658123,0.33977671269903725,0.32505645628675117,0.3344823206459374,0.3390861973300381,0.3512105935813197,0.3982345328013813,0.4158068083550042,0.4322025618683081,0.4354994646292845,0.46848639749063864,0.4693537254120311,0.4371388538907042
X371,0.316465857915801,0.33984262292845574,0.3208301383697425,0.2992577183112744,0.2931794507607159,0.2951264653420988,0.3311949244645933,0.37715073570737967,0.37481130543401237,0.3761400109441495,0.36014502215714556,0.34509960240422666,0.3329693121033682,0.31719821034021317,0.32570956308033316,0.3264330615951637,0.3399854429110597,0.37732090149471387,0.3808813946609339,0.40090054810629855,0.39988448540447125,0.4207794471091937,0.41664445222214586,0.380919313681105
X376,0.26180216782482524,0.26441545347206263,0.24433273628924188,0.2247497972820961,0.2170380556222607,0.21882395403937252,0.24114849854003045,0.28418999940603007,0.28061640566968843,0.2814017053716201,0.2810170812794619,0.27741114420691587,0.2767482392563161,0.26206736743380543,0.2695407966802422,0.26979074489662813,0.27757538112491215,0.3152249453246552,0.33630076460568636,0.3562097018891063,0.35841213900917523,0.3878014238652749,0.38582721844915785,0.35351136235316627
X377,0.17341486483018687,0.1774125639524588,0.16025574810198237,0.1469094783538705,0.14051763905838757,0.1419994262096883,0.15940694482649154,0.18620124935985843,0.18298600929003736,0.1912133831961117,0.19112753939395244,0.19143158169595298,0.19128578381204325,0.17824712585316557,0.18502548488145645,0.1848388936525402,0.1905792279318758,0.19411786050911944,0.18002836548136802,0.18724063421708823,0.19849114734172857,0.216471694086807,0.2147412123581382,0.18502649452025247
X378,0.23552939423393984,0.2505989836235679,0.2340296471373697,0.21919192258952264,0.2124395634893683,0.2131892921537416,0.23547306384405048,0.2670837827488352,0.25827625109715924,0.2515345649974554,0.2479354623907198,0.24776253475319115,0.2444425622984001,0.2285922763478383,0.23627626717901495,0.2361501915380779,0.24304086779697265,0.2597317841184412,0.24947206835242464,0.25972512947933657,0.2674046826787265,0.30178504566001196,0.30224593847887893,0.26732403284947936
X379,0.3135582815561483,0.33861776283155337,0.3060257803526847,0.26375676423876043,0.24762264168712692,0.24912240899769697,0.26634873070844106,0.29957504091010434,0.2941890475806803,0.2589319620918478,0.25928802918939986,0.260509778237954,0.2575707658653286,0.24402495921615958,0.24533998618056338,0.24383697431263424,0.24782658000779834,0.2686615573181784,0.2726240128605542,0.29918434301877844,0.31591165911649877,0.39873126497786693,0.4404219851321728,0.41042604007436945
X383,0.23058674768466084,0.2436423735570248,0.22591194447116877,0.2042202095834739,0.1950881923189429,0.1993725431346075,0.21516269892591314,0.24573063429304798,0.25120817005941,0.25058846630559867,0.25546903531999043,0.2528942215703841,0.24715899599668614,0.2321948378518941,0.2340174962965719,0.23315859166745456,0.2390949107814159,0.2592971105822889,0.2601111889559012,0.27724630757689633,0.28515368071148744,0.32947010480156824,0.33321045905876706,0.29956605096729977
X386,0.36483108994140373,0.3979601515631679,0.3820324743809023,0.3614953993769286,0.3555138836803275,0.35823397844861726,0.37691687890972225,0.3921445012785658,0.35135499003736875,0.2577966006007798,0.26449448025817934,0.265173104003656,0.2670751435252419,0.2498378166838872,0.25580630404576066,0.25636971819638255,0.26382145435205484,0.3013903177422354,0.3239525315604959,0.3521102665929372,0.35010365640196933,0.442682071177674,0.4441601964435942,0.40791357898251884
X389,0.265176513639203,0.27773813574267736,0.25749601951034884,0.24395920908129476,0.24003393903039352,0.2384898249316361,0.2540241059614904,0.28959885565992394,0.2873116011072588,0.28111415894523045,0.29175502021970073,0.29254557241483675,0.2944322273470118,0.27573574979973103,0.28298874772715515,0.2852808927861615,0.2921072237072156,0.3115394530543858,0.3063861545250791,0.32259620866497846,0.3265582137025477,0.33843851698314803,0.3397619354198379,0.3031928683641465
X393,0.249944946313182,0.26214683534325145,0.24472493093803005,0.23734660146842967,0.23106477347080004,0.24242223117242,0.28445772623181254,0.32835624622733517,0.32762813184045236,0.3273429927789341,0.32575679030136767,0.32562371740353313,0.3264627889820137,0.3108659111616825,0.3185633742482997,0.31911280988854723,0.3252118748420787,0.3440654853923669,0.34059654493384395,0.3502014833645324,0.31875801098126905,0.32348749776768865,0.3236796299354723,0.2884555726182504
X396,0.18259839895103055,0.18952851525061648,0.17095500936103414,0.15367000669646844,0.14848301052091534,0.14981440713086067,0.16859493389859476,0.20261430248985438,0.2011920256109144,0.1983641438506706,0.200317145173776,0.19886639081213797,0.20021972872345953,0.18518307649007842,0.1925051945747348,0.19265165132953865,0.19879359623226747,0.2171337423666536,0.21713399480727802,0.23220193699595548,0.23920013851775884,0.2641492236938152,0.2620338677208276,0.2289888739445463
X397,0.37209116451310914,0.3860539471362819,0.3674998149033088,0.3501479167085638,0.343626720311596,0.34785643639124775,0.37638088927421104,0.4054171084043062,0.40543866265584505,0.42689777960426817,0.4322573637084052,0.43554585455768574,0.4378916239341817,0.42021356900431694,0.4267505449020644,0.4272468599607165,0.43214230355994804,0.4525713315304081,0.45091863555033895,0.46616338704615723,0.47461312590690696,0.4985703060506456,0.4998586015000061,0.461951236461742
X398,0.16332653104588582,0.1711545640403174,0.15387303230463523,0.13657629434608748,0.13182448546944367,0.13124935048205164,0.13260717778388548,0.16078878786902603,0.15779891459190168,0.1715017327431558,0.1697655199106482,0.17159940456756814,0.17028073752275624,0.15940990222096574,0.1621056666505828,0.1620888364426494,0.1685660232321702,0.18626288398269705,0.1849707564870788,0.19768126830743765,0.20733044833231207,0.23196259961313134,0.22745493875994754,0.20055023987322734
X399,0.15723253533965462,0.16658395791529618,0.14911070832354306,0.13161632357893502,0.12688525139479173,0.1256849548045973,0.10751044492869319,0.13599386227261187,0.13324806867746014,0.1540257720806756,0.15538225601372052,0.15719359149601703,0.15652582110305227,0.1467767062860629,0.14783613363629827,0.14661404095691088,0.1538139804489074,0.1676119798320227,0.16195069166511794,0.17192736389947588,0.17912045100306884,0.191140453143575,0.18661966865145713,0.15976686261094322
X402,0.23379876254534895,0.24210034561122443,0.22314550348274054,0.20724868919722442,0.2014411549482137,0.20329302758844986,0.22366709168993465,0.2972383811866851,0.31112832797365647,0.3660337483891697,0.36907427312142566,0.37995740199894,0.3779848833195476,0.3639818301441302,0.3702961042220766,0.3682056652128159,0.3758665762968101,0.39657365125819566,0.39936398651121396,0.40788432970860294,0.41443708137130597,0.41376076777752274,0.4097079271567533,0.36297311981781333
X403,0.15667544093323343,0.1615117502762995,0.1433613693887366,0.1266767160836203,0.12103386108342347,0.12281879670359976,0.13190645473144516,0.15288204080409748,0.1511052287961121,0.16881166417697022,0.19347257885421684,0.19916395638898426,0.20024310443603083,0.18470194982947094,0.17922546794216926,0.1789490146417132,0.18472381320565087,0.20104404765342404,0.20101461636298343,0.21035002351492604,0.2178708224359985,0.23350440724026597,0.2308558838127004,0.20085918702689173
X405,0.19371078225896643,0.2034196438556282,0.18552345643507967,0.1686813717593973,0.16384702542665439,0.16461213533797564,0.1818502425814778,0.2119495496279082,0.21032563898734916,0.23878116738274846,0.23799492394396485,0.2369639057348452,0.2363290566536213,0.2245832081993218,0.22967798421293917,0.22867559459368925,0.23587570975199956,0.2540401009871041,0.25291524404367016,0.26459721927051255,0.2718896652618117,0.277987965808853,0.2710704039490588,0.23601691176744397
X406,0.2515789137539507,0.26011397770790634,0.24144264701867163,0.22233562736516224,0.2172793358041548,0.21762909250178153,0.24178042255020574,0.2697103567256195,0.2678237730003482,0.2629725597403403,0.2602163984211642,0.2601726201667688,0.25868758056288227,0.24768113921185747,0.2541967280084025,0.2531273188520911,0.2614548899841971,0.2827633207541693,0.3096729093640841,0.32379958250561036,0.3386270504821635,0.3833161833493446,0.3939546501019648,0.36332482825815576
X407,0.31194107578049757,0.3238900620914963,0.3044496846733282,0.28321243605273166,0.2783054550664771,0.2793305471780696,0.3119184268996539,0.3416695252016637,0.3428573765137973,0.3728102947409356,0.37461510364653067,0.3754520356827798,0.37364021023510424,0.3620276564082766,0.36821366841386577,0.3681614491412338,0.3759758848480493,0.3977027593525118,0.41238422862871416,0.42659296807521896,0.43619309141777096,0.456015725341968,0.4563753739704088,0.4244765166220813
X408,0.27980795269742453,0.28874727229214964,0.26897331028498866,0.2513594756353208,0.24641864960469947,0.24718501606098442,0.3200086073850269,0.36977336393812893,0.32347756772710623,0.32285447314632304,0.32589706293993603,0.3233859680208744,0.3207577236736375,0.3118388147617556,0.31835270067757143,0.32089262179994704,0.32918334903262214,0.3523807104173745,0.3661107628449482,0.3792156216182603,0.3827690937433821,0.42285707272712353,0.4220341138902506,0.3913532095501603
X410,0.1606179338675307,0.16775380610761925,0.1513481503233726,0.13549482668367208,0.1310114767697986,0.13174564804061858,0.15653463428996844,0.18781707452525778,0.185677002075685,0.2077687776944971,0.2063236282535077,0.20678202400949006,0.20661001327485623,0.19490254938811927,0.20131190269476573,0.19595100850454425,0.20130387493147206,0.21612880940558754,0.1927902346067647,0.2034004006684355,0.21066985864636323,0.2150077378647659,0.21256752147584426,0.19051259871666654
X412,0.06735291039282161,0.0700897727185553,0.05480622245571211,0.04041280606866263,0.036304874834749284,0.03642328044304875,0.02932671119443503,0.05692733627728221,0.05130076469119433,0.05614328768081408,0.05585029955225365,0.05657470799184122,0.05668919075325098,0.045005779941992806,0.049424373035031395,0.04906653848151018,0.05378692082501254,0.060905515361602366,0.05413243328772534,0.06469233237393174,0.07233537857344259,0.09072402070718888,0.08890456390760063,0.06317207554366787
X414,0.17655632366685228,0.18594656937727042,0.170139454923765,0.15474219778536458,0.14982136649075764,0.15094439942541515,0.16626577093378328,0.21586887553044995,0.22103867713735606,0.22249115506261258,0.2215750152001788,0.21888336246464524,0.21795125718693797,0.19716821389875314,0.2024285095148871,0.2025425698153065,0.20906000833111257,0.23052162623699246,0.22829166120297806,0.24301436734161852,0.2508545220407837,0.29476153576599606,0.29339171200863917,0.2195457424942477
X419,0.17659117151393983,0.18612860219723282,0.17119248510693982,0.15573915072322522,0.15107732693599363,0.15307597950077606,0.1622917824534363,0.1682641749024334,0.16552091248161868,0.1508852706167837,0.14890563701404688,0.1489004573152208,0.14765210058180608,0.13518962613893187,0.14043366732939913,0.14054184690571045,0.14639758249464208,0.15842374391145447,0.14524630784963993,0.1587411969035758,0.16630432490422412,0.2078459376321779,0.20663466844184877,0.17739154639858906
X421,0.26853627581710066,0.2647887055059625,0.24649263676546804,0.23690503449392245,0.24014667674801493,0.2909474749541245,0.32662928713919404,0.36846680009315813,0.3730370864711605,0.36096395797286046,0.3593561046575818,0.3529566228764347,0.34996235952631827,0.3369066093865883,0.34516200937620234,0.3455524216331594,0.3734579952998705,0.4042443701742628,0.4100734719505185,0.4242503044358914,0.4319788337469582,0.4729792835577988,0.46959803644851816,0.4315867772614371
X422,0.27769456370513285,0.29062655491767053,0.27689147625252486,0.2633749910212098,0.26099694391058453,0.27686611280754947,0.3130133039717368,0.3692356091044423,0.3622229691556281,0.3580886526714837,0.3531883181297867,0.3347217417372698,0.3305227768711421,0.3150263764045594,0.32142006970249004,0.319371422668105,0.32019262002310733,0.3381798240254273,0.3403198227765589,0.35449531710680193,0.35169747452340683,0.3757049787049559,0.3738714983290915,0.3400728669920415
X423,0.2382846109847653,0.25081299977428834,0.23527634882983017,0.21864163882358875,0.21371969992974788,0.21595912528265837,0.2438115123036394,0.2690113049338502,0.26596464090902083,0.2747209488952559,0.2715205699306623,0.27221277538745786,0.26857636472868923,0.2571299650975845,0.2640177271259106,0.2686706396927819,0.2771334121695754,0.29466245676661706,0.2958889217476911,0.305784886952676,0.3093990802233261,0.3211527234146901,0.31924407482039646,0.28738338945638164
X426,0.2441228376449539,0.25886583188670065,0.24608325156263658,0.23127431029810228,0.24007501218791993,0.23573089578825424,0.250908461985936,0.2698169556424912,0.2637333298304249,0.2570077351660202,0.25215716082621487,0.2528943675707805,0.2487788817091302,0.23634620485937918,0.24340359636728992,0.24534007464851,0.25187833800732246,0.2688782323209736,0.2700802712841452,0.2827064525208044,0.2888052003245982,0.3180408383508987,0.31574535074982596,0.2848991377896148
X427,0.28681830783842444,0.30178409262092676,0.2844079529771027,0.2677249583363324,0.2637789899221252,0.26456525271192194,0.2885012356034602,0.3139892593378189,0.31314123634806645,0.3242758054915692,0.32368197564903556,0.32612672104231266,0.3261755522189994,0.3147011999709831,0.32193304919903165,0.320937313058342,0.32862473189125757,0.3487809769325688,0.3480042406587515,0.36333158300376084,0.37301231777916694,0.39500361319186,0.3914927766056837,0.35845104940945477
X431,0.27962427274380935,0.29450639040696136,0.27595046913260135,0.2586714995809749,0.2537550645176789,0.2553597683699044,0.27984436145502556,0.30525898636519405,0.30441659772300944,0.31489637649067115,0.31487672374429965,0.3159453264863152,0.3143633164422008,0.30209983882474056,0.3088694019542508,0.3078497522677017,0.3154610058198698,0.33422682803032805,0.33148123100701893,0.34556767744859673,0.35475207649058377,0.37477292271800433,0.37131300116000976,0.33947183714078
X435,0.2856830178295897,0.30125475508141397,0.2824811925289237,0.26508197739338685,0.2593004636552385,0.26089991153338127,0.2770377133640392,0.30314780723604356,0.3022843176642601,0.2908288897503161,0.2904402064490284,0.2908035280200007,0.28859609504038214,0.2760489493920245,0.2782737664036128,0.275189983568484,0.28226690015218564,0.30006626372557477,0.29817086096612105,0.3160453398083063,0.32651704547892024,0.37748604497588417,0.37516402375760555,0.3455661042924225
X443,0.28696175840568977,0.3014829864821451,0.28172469392678817,0.2630349145704702,0.25697653729214065,0.26142131494803644,0.27950569627243804,0.3040247044702069,0.30259408364862267,0.28933960221763144,0.28924017967311344,0.2901964296148211,0.28790534333502077,0.27425834637189916,0.2760456613156569,0.27724652801521055,0.28264997870300895,0.30257118009627715,0.3096674484798131,0.32423954395898175,0.33473123333620713,0.3865402100491367,0.3882244229571499,0.35718988232158533
X445,0.3179507921252463,0.3512260470800497,0.3273999093698086,0.2784247456072078,0.27578632328419156,0.31611641285004555,0.30854754189476974,0.3227387927981472,0.32663770101046297,0.33500802878877706,0.3389882056188244,0.3389333665217481,0.34741556553897873,0.3204849414390788,0.33325451599733374,0.3201632023186696,0.33158256982740325,0.34251309476289904,0.35312623930021475,0.39041427277486596,0.4021948997635352,0.4573589959928399,0.4614562376769415,0.42269450477130666
X446,0.23273764927731766,0.2367223446128828,0.2097630092935444,0.18586218451575065,0.17997619638274426,0.18238053918955088,0.20239519009787868,0.2385104374084352,0.24053453834503613,0.28174000124324156,0.2832435997225121,0.28417868303917393,0.27735761930113406,0.26365223763788986,0.2639875851976259,0.2610324288198361,0.2655907898407579,0.28508163069309345,0.29329319843307766,0.31061680839989125,0.3206578197032772,0.33757195384872485,0.3369602946107029,0.30963374734535437
X449,0.2169102842517525,0.21876948444050667,0.20054235093254683,0.19018405236507013,0.18431856120734308,0.18616749163939658,0.2036282989108129,0.24538093724313556,0.29073889276233594,0.3425370209301953,0.3426691210440836,0.31277570006249455,0.3023500310216358,0.2866525818995835,0.2937221855574784,0.2914325782297026,0.3016186348142312,0.321462872644232,0.32881512712778094,0.34869187412537767,0.3579172883790105,0.3627525480921769,0.31666670187828466,0.2758553932117742
X450,0.2093675357160188,0.22221248615435998,0.20308172712646844,0.18262370552961915,0.17809359262442098,0.17818808358968402,0.1985346959832907,0.23959212718848819,0.24953442879837814,0.30268769199877815,0.30049634415384313,0.30146714914272793,0.2934406175038418,0.2761524739425616,0.27899637277586864,0.2722303655136558,0.2741689088783527,0.29195876142085275,0.30100660322606065,0.31389895183855654,0.3218146941766402,0.32889193964220775,0.30454626745,0.2689050163108623
X455,0.24827978581505106,0.26148919574347146,0.24365822946121768,0.22544965567079125,0.2154510724773976,0.2264793238932344,0.23692212724692932,0.2755106547238952,0.2691553388775366,0.2811587155275299,0.27761097195032086,0.2782386150539653,0.27721472242399714,0.26444372917626446,0.27551239354979945,0.2777098620101089,0.28272642385940927,0.29945506088610374,0.29689846048903357,0.30773579772254994,0.31290800382098055,0.339747794657965,0.3404281387463476,0.3110547919140915
X457,0.24127274322164174,0.24942069298443217,0.23206824156281927,0.21531142124960567,0.2090227218849782,0.2107277288187145,0.22640065960953348,0.2641646275439894,0.2605218184788579,0.30712915285366,0.3084026773226948,0.2890975419626466,0.28988504497679857,0.28472651229795154,0.2900835028797508,0.2895404490084233,0.31680923983513337,0.3655705703286972,0.3662704941320599,0.3808129536927502,0.3930375481639876,0.39963786010599706,0.38817004537344246,0.3378453233696021
X459,0.17267461006794751,0.183523334089525,0.16688372036814972,0.14853181642154895,0.14060799824328674,0.14490940268170485,0.17136278927081647,0.16507260393520326,0.16032886415400166,0.15042781285347118,0.14856264650951131,0.14962703431190139,0.14908254276569427,0.1395065697932888,0.14575080884512207,0.14556901975030204,0.150970313368007,0.16324146645721005,0.13572475239764287,0.14189522729670556,0.15466210784588275,0.18644890383300272,0.18345214724006953,0.15725831721106032
X460,0.17998540729120988,0.18645609083800735,0.1593593935305504,0.13875506639715524,0.13099928990659643,0.13176981939896723,0.13298454887699157,0.14951352383868932,0.1474661908672813,0.15566458130755714,0.15969541406628954,0.16199501951760092,0.16250344592305102,0.1525712644817301,0.15744688920708627,0.15559719431558888,0.16028867203203728,0.1723739420849506,0.14401612929279636,0.15298374780565505,0.16556101329114237,0.20042621978110373,0.19783216132727197,0.17723811685343804
X462,0.2569271462769644,0.27768121827047687,0.287178257700863,0.2822948803891476,0.27236187518333466,0.2710135116615631,0.2502588255927996,0.26113393186755957,0.26076530367993955,0.2713629435361254,0.2764012378048695,0.2762099141828917,0.28189606827883135,0.2706740873526765,0.2650641488357555,0.25099990495894475,0.2533178112782283,0.26492752622725674,0.2259624140732775,0.2358292295200919,0.2546816491410767,0.2920200024193373,0.28802014845837115,0.2610977284022351
X468,0.19891787223988175,0.21484942587410868,0.20107281119157158,0.18763915525105837,0.1806861487974409,0.18121250363071206,0.2322765034475513,0.22617718201306727,0.225110285597384,0.2294995461977241,0.2334788617153171,0.23535910539721738,0.24026742909264712,0.2265866162809042,0.2389785559421856,0.2563944304004348,0.2634968289589443,0.28549232360435656,0.2657820871900663,0.2733422358786641,0.28271056512193876,0.2826180469126032,0.26860596818199806,0.23020136806393254
X470,0.2973727514268273,0.31642478702049825,0.30597441800500114,0.2914257705924595,0.28610876375507305,0.28683410003745213,0.32018109197910133,0.3545727533577565,0.3620372488699311,0.3889472245057488,0.3817281303975946,0.38384127909098414,0.3869651192764042,0.37394581400737353,0.37263730368365644,0.3696984796272313,0.37700951683231493,0.39543350184960924,0.3744055958874782,0.3829868284713981,0.39599365087912464,0.3789197168635054,0.37308055848911004,0.3416215074599406
X472,0.19942088459430485,0.21465922019669592,0.20267344394317957,0.19328106982755616,0.18567876796294397,0.1857701111443394,0.24137697242046757,0.29585532267668135,0.29102013147501204,0.29111347035830604,0.28915262055403196,0.2903777690844505,0.29100440136986283,0.27584533690667756,0.2847292650210857,0.28710821706097167,0.29847974113663844,0.3439374903755894,0.33262468032554593,0.33331589682485785,0.3425871030368935,0.24682642599935584,0.2393415403433441,0.20883572744378
X473,0.17697614645460888,0.1905252239256039,0.17544970910300742,0.16005277288177056,0.1552568821672222,0.1567422865499623,0.17677303842824546,0.21715516734639162,0.21701093491461843,0.17077988501120095,0.1633033274593553,0.16208904146925096,0.16049257226110314,0.1426537549242047,0.14843061879931146,0.1487864077961628,0.1560968121591618,0.1758583942101171,0.1674579637815908,0.17674799527307952,0.18610978954178684,0.22453251211668473,0.22869021246865295,0.2004963171267496
X481,0.24554928099174636,0.2739588275085484,0.2608128364755051,0.24815790154048067,0.243041604362255,0.24326053489215255,0.23755005991265055,0.25897488250974815,0.25463338176170475,0.1936981619023358,0.19179199103260397,0.19239625213932254,0.19465982917859861,0.17801944977935225,0.18463186184377317,0.18410403049284949,0.1900045019665071,0.20193723771891603,0.1919994207370596,0.20307748940963752,0.21408931837909806,0.2850046133886454,0.2889202283031822,0.25746354480464884
