house,2018-07-01 00:00:00,2018-07-02 00:00:00,2018-07-03 00:00:00,2018-07-04 00:00:00,2018-07-05 00:00:00,2018-07-06 00:00:00,2018-07-07 00:00:00,2018-07-08 00:00:00,2018-07-09 00:00:00,2018-07-10 00:00:00
5,153.35983901853746,148.44172879259887,150.80806976509794,150.80806976509794,150.80806976509794,145.1290166439586,156.25888345647198,147.6141258378437,151.95739920581738,147.94272047982952
7,39.034094141600264,36.225055646543325,38.95791134407977,38.95791134407977,38.95791134407977,36.85144960368929,54.71936785209218,45.16458643251241,33.3614160322327,39.77009457385148
10,97.0124444199841,78.86350250968346,67.87790836397366,67.87790836397366,67.87790836397366,66.21356012066227,111.98802292273331,96.80103048097459,76.14685910415756,77.26785218954295
16,112.86623366458136,108.24918414652586,108.81375669008155,108.81375669008155,108.81375669008155,105.13660500560873,123.59308371161515,114.5480652061119,107.12368054703018,109.20217849764217
18,63.42312682913673,62.50122570325191,60.723692499351166,60.723692499351166,60.723692499351166,60.68960558860718,64.00080007027677,61.2603673883026,62.95451442739206,62.18841424887407
20,11.172487481789217,11.319908766143119,20.43901632500164,20.43901632500164,20.43901632500164,15.232561138160028,35.4546632247202,14.96112136534396,9.594116115756735,17.19237330276124
26,39.35828681421676,33.83866998475153,28.72481180427147,28.72481180427147,28.72481180427147,28.82560128325268,36.471079317022934,36.15726795628014,33.6461945668554,30.570228771160558
30,104.56698165858232,94.54285423311048,98.07594937253683,98.07594937253683,98.07594937253683,94.80549982610471,118.77813267103028,101.0929146651518,106.33289101840228,99.11769697913041
31,9.895449170993924,11.564243230814787,11.04934630436747,11.04934630436747,11.04934630436747,11.491305423293031,11.87037130615423,12.003335848889712,11.616201281242713,11.85714131511088
32,10.215599199672596,11.479334088284386,10.901763058988443,10.901763058988443,10.901763058988443,11.338893068907309,11.727553639927756,11.772271646664887,11.498135919003733,11.737062525058903
35,0.124072525419988,0.1487018793131053,0.1718317322324334,0.1718317322324334,0.1718317322324334,0.11465614494006546,0.28515627723199716,0.2055372380612439,0.12360394169712881,0.1672013022264502
37,109.4670998098802,109.23609604717697,108.19871028632367,108.19871028632367,108.19871028632367,106.45446607974205,114.5494009855414,106.61489104769959,110.82099704496318,109.2561650784058
41,46.63129459830351,46.447371634333614,46.83751940456857,46.83751940456857,46.83751940456857,46.31616100996795,52.04372913704083,51.08351622382435,44.20665102639133,47.05705492899068
42,19.76446733574808,26.534891174955803,41.318892478852185,41.318892478852185,41.318892478852185,32.32799957522726,55.49166864213195,27.06957265249677,20.32859985882611,32.27748372757416
43,5.584842329275847,18.86811395689636,18.571030441135864,18.571030441135864,18.571030441135864,18.77474856539159,17.33160117929186,14.963159449191442,18.467896441009692,19.910714935620657
44,9.374282900951652,49.40619312493905,31.287649530066382,31.287649530066382,31.287649530066382,32.821521776795706,23.743333580845714,17.50242889961377,55.322947931610784,39.2842405548972
47,3.890721473636212,2.12047463415729,5.464680913492542,5.464680913492542,5.464680913492542,4.1283634931809114,13.975099727813689,3.6437506818825764,4.168270962670141,6.89406836429194
50,142.91819692690558,128.01217618213073,128.2950297474357,128.2950297474357,128.2950297474357,124.75570284276675,150.22832687292942,134.98029715839974,133.1462959952187,129.6662091277825
51,343.2503806183524,294.9943086952577,312.0976628074387,312.0976628074387,312.0976628074387,293.04289771253525,355.1639589991134,330.04207823832803,299.7133614939798,293.8855722571843
55,289.8758075987385,287.3644452865408,302.69950968047937,302.69950968047937,302.69950968047937,282.3237819604204,304.5798239442723,271.1517749741368,294.4860436466336,285.025675423163
59,47.693641011642484,55.97586450842983,60.097906530886576,60.097906530886576,60.097906530886576,59.295727096554124,30.989437988673473,38.16692862991116,67.6436993477297,56.62993380250553
61,59.47401011954861,69.1550033526437,72.73399804368825,72.73399804368825,72.73399804368825,71.88822986768574,55.7306448518927,56.32487728541532,69.38364371373855,69.39775670990589
62,8.538546275965539,14.403473395376992,16.794644930384194,16.794644930384194,16.794644930384194,15.481209663921854,17.386081310142224,10.59993344467648,9.103027829796599,15.386891420647052
67,12.637711735925791,18.303662521823277,19.117022684597384,19.117022684597384,19.117022684597384,18.85189903097049,16.186994799684552,14.618697058017537,18.01281421050698,18.931068284083615
68,114.4865711162494,105.15543530808473,68.65387203139416,68.65387203139416,68.65387203139416,69.93878401318808,59.595207214173605,71.43388792798294,118.01341003176655,72.4766204109511
70,3.7415126240394283,14.144331232269144,17.50193413777965,17.50193413777965,17.50193413777965,15.941273767063375,8.088466334942561,7.141873977229985,13.646566501284012,15.7159141048807
73,2.4199699806552295,4.877271361046688,5.686819152618105,5.686819152618105,5.686819152618105,4.791843321052056,3.3240782933163504,2.629700807021,3.830186648152087,4.8428118701393
75,37.615124357984214,15.75845059992819,16.645128165043925,16.645128165043925,16.645128165043925,16.1404493873169,42.71586617146555,42.41396640043358,15.922328138104227,15.778880590057977
76,18.077087340701453,4.402366687026039,7.596843047669041,7.596843047669041,7.596843047669041,6.337640180082506,27.019242292485767,22.307910874883248,5.931376413092062,5.426346914662251
80,153.6664719628381,151.88764744151706,164.7509338769851,164.7509338769851,164.7509338769851,151.90471441471476,156.84415861974992,136.0945671296406,155.01665545508217,148.49649529324998
82,6.079981107750029,21.744335933474076,21.7162947724838,21.7162947724838,21.7162947724838,21.39473306377733,10.099023126815316,9.485658778201005,20.298021745197463,21.05557437128231
87,20.20659231788113,38.43672055239626,47.80699959456536,47.80699959456536,47.80699959456536,47.82957697369969,11.83910878627334,14.743993845105,46.37721180082701,42.49826889020197
88,4.511364254477532,6.382651952965665,6.964079249406683,6.964079249406683,6.964079249406683,6.913042330967946,3.622957202648114,3.9570213127677714,7.206390466650638,6.56742905875381
91,9.059723082369102,33.470356564743156,38.08904422539924,38.08904422539924,38.08904422539924,37.23672868901242,8.688560700941716,8.559095665629279,34.69871094217624,35.693743789731926
94,1.4365824845369488,0.7240400278919147,1.5438675434246196,1.5438675434246196,1.5438675434246196,1.124210691129262,1.0007953450567164,0.9699836681641583,1.1853793321324715,0.8907320699180822
102,11.084229795259922,34.85812318913375,42.81646575390846,42.81646575390846,42.81646575390846,41.00846426693226,14.674725837178057,12.594979552532209,37.00914245722978,40.912648343496656
105,4.694014623391593,9.416270794052835,9.896441767969971,9.896441767969971,9.896441767969971,9.864068109166618,4.396997201277272,4.475128808265924,10.423829066291304,9.598629919338943
106,4.432293516514379,16.14241811715019,15.131263489644494,15.131263489644494,15.131263489644494,15.43334972051951,10.450464315345727,11.119790116285879,16.23157685590049,15.619842658745416
107,1.1990450141391835,12.223771565090635,13.571950083565627,13.571950083565627,13.571950083565627,12.548731437704593,1.1382813866327146,0.9709257870286346,11.407875253897902,12.134637113290724
110,3.1222423085330115,4.930975662569452,4.0837478187285665,4.0837478187285665,4.0837478187285665,4.163475421319717,9.714762047314485,10.326035304050567,4.749602787046922,4.565726116411447
111,5.493088732994417,13.401379761527675,14.438844339803715,14.438844339803715,14.438844339803715,14.634965865547008,6.16079869419063,6.1041242392959525,13.994603547670394,13.981708217244298
116,4.997718121938204,12.92026749966179,15.880690578298882,15.880690578298882,15.880690578298882,15.530134586462596,5.126380852195231,5.290630224844969,12.764728106954719,14.190360726294433
120,7.25862416338017,28.910140676369807,31.16331671561819,31.16331671561819,31.16331671561819,30.349936491977026,8.292361728689885,7.801608465803033,26.495831468837647,30.41393520902206
123,6.314896136034783,18.83181155765258,9.911895744315192,9.911895744315192,9.911895744315192,10.011500176069221,8.74043187587842,7.07039357694942,15.399957296429433,12.68443836328834
124,5.968793821742522,30.97589105781623,32.60723056484269,32.60723056484269,32.60723056484269,32.584072871928974,5.621918526731061,5.717845823012762,32.31411007859713,31.952677569052323
125,4.979102851720558,20.551573708296534,22.360456901021152,22.360456901021152,22.360456901021152,21.79580645279833,5.420204114985449,5.4609406402021055,20.569308195966464,21.60207576085981
126,6.839495158641319,1.574732514425767,1.3411795168671896,1.3411795168671896,1.3411795168671896,1.2357064388653358,10.504753016967832,8.849392607532236,1.2345730668582244,1.7240782610232026
130,8.97428547940485,7.77200175014487,7.646314092638545,7.646314092638545,7.646314092638545,7.563408865437192,7.303387628392489,7.031544340978987,8.837562049175194,7.378234122445574
132,8.537224942121675,7.8674717660083555,7.84285150298259,7.84285150298259,7.84285150298259,7.943572788743429,7.903830222402022,8.068916991967086,8.609346715345653,7.912359262192828
133,7.429711978129404,7.4068023987133085,6.6392223367022085,6.6392223367022085,6.6392223367022085,6.682415845410972,5.743478898253352,6.449494497077987,7.60172895157226,6.473808703233198
134,8.420994494737698,7.191101654420476,7.052616412249938,7.052616412249938,7.052616412249938,6.9460251093456655,7.6582175278098585,7.9185945375541085,7.436660356788491,6.80548931416463
139,9.302197804784925,8.266605672890568,8.377097745257926,8.377097745257926,8.377097745257926,8.318063873327816,8.79926959260557,9.104055895231701,8.388118513200402,8.285690394198372
140,11.343447721365532,11.85840646648602,12.186142237969289,12.186142237969289,12.186142237969289,11.99660024130631,12.041260365017298,11.449710147832917,11.402104203135817,12.020871546529072
142,11.038238507940548,10.319105692434311,11.049205196126776,11.049205196126776,11.049205196126776,10.917323092290115,11.123607666433028,11.01438374324957,11.613528811062478,10.556463047827068
143,5.521488867628687,5.7771473995157026,5.967139341273094,5.967139341273094,5.967139341273094,5.7873003398783585,6.301581783092219,5.48175715232525,5.9120451400746905,5.7685179147830485
148,7.6072622083924095,7.485861615906584,7.959811467049126,7.959811467049126,7.959811467049126,7.783810371056708,7.622485853065968,7.1767171985521845,7.768610581381926,7.418531121811522
149,8.13212345411449,7.8776204093391815,7.880481962510704,7.880481962510704,7.880481962510704,7.816464731791603,7.946600468824994,8.092102412711787,7.871119453457007,7.663854131243362
155,8.24811530392274,7.795352979105292,7.8797705447983075,7.8797705447983075,7.8797705447983075,7.760611074116948,8.312351842405286,7.999969921076965,8.052482639942136,7.728916482169723
157,6.303379670742208,6.152420557853011,6.2535063059793465,6.2535063059793465,6.2535063059793465,6.168288381495312,6.440930003742251,6.133998023088222,6.515714433143185,6.007009976096436
158,7.501728560417664,7.476083564995439,7.226472723699685,7.226472723699685,7.226472723699685,7.108902694696243,8.215115464202123,6.342306886005261,8.205222554230446,7.851561951344338
160,6.726703063653144,6.122085558181023,6.224550669740345,6.224550669740345,6.224550669740345,6.196243178884952,6.188635431532546,6.445458527190003,6.545777266243531,5.971889980048729
161,12.716400205497411,12.172673301804851,12.23495723662639,12.23495723662639,12.23495723662639,12.005764915361958,13.268840326064568,13.515669839549211,12.458543424260485,12.04962435092709
163,6.836377472508031,6.454104886250068,6.755869369069849,6.755869369069849,6.755869369069849,6.628734878830411,6.309571578524242,6.413221955645069,6.915946783265339,6.13676846223409
165,6.848006616673598,6.187740027032673,6.373671121246402,6.373671121246402,6.373671121246402,6.313660119956125,6.566797429917583,6.7762023758989285,6.128520364704037,6.0546490763203895
166,4.6699370330251835,11.445790410475391,12.250619895609944,12.250619895609944,12.250619895609944,12.036765171833835,11.792092948218476,11.390437048093357,12.65046778131887,12.013058865192368
172,2.4529359312117256,2.5322353232727126,2.297358514077789,2.297358514077789,2.297358514077789,2.1988621739089695,3.0620321626387024,2.9489328662919867,2.550329802933758,2.2870761348628035
175,9.73277464883927,8.349032571393513,7.767081615134285,7.767081615134285,7.767081615134285,7.6942519169265955,9.467839851420926,9.342800914305197,8.057308383076945,7.92026097191452
176,7.1476820415797295,7.053195678728945,7.672261108330931,7.672261108330931,7.672261108330931,7.448926085292778,7.041494760653844,6.316650512016701,7.857414851654746,7.09501226239564
177,8.19662533507985,7.338506574922041,7.066596295302992,7.066596295302992,7.066596295302992,6.937180802626741,8.178504652300855,7.808928849544492,6.8897512460987,6.903427647716947
178,9.733632759285836,9.40546887721955,10.149343996130598,10.149343996130598,10.149343996130598,10.027262504266357,9.628306004682507,9.138042536896045,10.035837406774574,9.552830792758087
183,4.86999956923659,4.768392995740982,5.059960951040959,5.059960951040959,5.059960951040959,4.971553082871282,4.697725993608349,4.883403980330591,5.0274383100232765,4.665568888213827
186,6.300738994975734,6.175975889740586,7.292195071994608,7.292195071994608,7.292195071994608,7.041317210578105,6.8276944615413475,6.47231994321436,6.733791597472994,6.326765745572093
187,7.2224797700819225,7.025041751966271,7.082240836974425,7.082240836974425,7.082240836974425,7.022339592813559,6.882585211569381,6.872870079356036,7.336706117168917,6.832726111474591
192,5.744861607357564,5.415004761007133,5.080252328796575,5.080252328796575,5.080252328796575,5.043884002355549,5.497560453847644,5.411327283502786,5.718645475651608,5.071329318079462
194,4.347146939404459,4.013972870166643,4.080701577413103,4.080701577413103,4.080701577413103,3.963059598052017,4.331846662170937,4.179915170435385,4.385451650950793,3.971148795401541
195,8.451616145301259,8.169294793789222,8.245581668432964,8.245581668432964,8.245581668432964,8.156470739499253,8.375918352454516,8.302382414696897,8.087533214215387,7.95099689519795
196,12.263090595541513,12.19050981103672,12.076188651429915,12.076188651429915,12.076188651429915,11.896703557413048,11.890036682593095,12.02401114985516,12.25869883756026,11.626756063632028
200,5.909089835640078,6.063846196859332,6.406274046261531,6.406274046261531,6.406274046261531,6.2356743852003635,6.377737739077809,5.6471074930671765,6.811085087607668,5.896148985154008
201,9.023582497327247,8.423678616341446,8.277984148114749,8.277984148114749,8.277984148114749,8.063053658187695,9.272393331945377,8.299630412742312,8.383483821226132,8.184171120821727
205,10.405441431255653,9.899164931356097,9.450801133364124,9.450801133364124,9.450801133364124,9.404027736404773,9.763989283640178,9.353330165214697,10.600714866018109,9.346713948753806
206,8.791695290195161,7.935281255561397,7.685058007032391,7.685058007032391,7.685058007032391,7.64882860674556,8.07735484590443,8.47792683899534,8.097196547991398,7.411605125327738
211,7.5375658024844086,7.156029862124641,7.006067887009413,7.006067887009413,7.006067887009413,6.940211232598887,7.1870320546314375,7.087517267872287,7.316649136462236,6.785977798996794
213,7.501179854209031,6.946103230794183,7.017749658875456,7.017749658875456,7.017749658875456,6.907523714398245,7.407682600337736,7.359890862273538,7.0305815949354455,6.703236128638621
214,10.02000625132464,10.002973283348066,10.160458274710688,10.160458274710688,10.160458274710688,10.054547663019374,9.946709946573142,10.253783042526683,10.04655839381773,9.70787233179724
215,10.667914207314181,11.310302950896428,12.22954614579422,12.22954614579422,12.22954614579422,12.065223597282541,11.489599669503257,11.773344152766203,12.564821914869828,11.258452739391974
216,5.54797459730596,5.1343797138758545,5.334083553834264,5.334083553834264,5.334083553834264,5.382182515181091,5.121569554891851,5.728561935584493,5.23317369797575,5.058590830823105
217,5.563585231849721,4.6615572310627975,4.361549976672113,4.361549976672113,4.361549976672113,4.5433387292073615,4.1258373190832245,5.09772112401207,5.196720519683801,4.555480403708088
218,7.422125411334638,7.473686880208104,7.850058805102455,7.850058805102455,7.850058805102455,7.69444185747159,7.489067211033379,7.281221621837101,7.666302025991306,7.254663707509845
219,3.5680358447367477,3.602276761971002,3.775544369278147,3.775544369278147,3.775544369278147,3.6848532772630493,3.771185760289935,3.7814517596682293,3.7899840731280827,3.55559330221028
223,9.75340154258255,8.93529564087754,9.02254140290622,9.02254140290622,9.02254140290622,8.912556769630854,9.168583767648672,9.312495779175382,9.50138164538936,8.612632971920725
225,8.688072981932208,8.06797633247407,8.010508180158096,8.010508180158096,8.010508180158096,7.947406593453395,8.496757620306889,8.650164745091782,8.404002119890729,7.79801585294428
228,9.058025449919752,8.827087162161124,8.973626579898378,8.973626579898378,8.973626579898378,8.88666957886728,9.143068769564591,8.944509664272115,8.863269505193621,8.779218539051692
229,10.090468830569232,10.830085185200964,9.901567000001258,9.901567000001258,9.901567000001258,9.773274020094457,11.505699743720713,10.271614903451043,9.628600781134136,10.100505454557736
230,9.100100596355935,8.698772346039252,8.489973859566547,8.489973859566547,8.489973859566547,8.464142211755343,7.834561809394897,8.555621857342055,9.082058638283282,7.882270567805003
231,5.073176457351309,5.034664591526993,5.10160265843386,5.10160265843386,5.10160265843386,5.033230681145561,5.0042119646638215,5.06124110772665,5.238093939865971,4.833200531017956
232,11.14987655068083,11.061302900666258,11.079884442460823,11.079884442460823,11.079884442460823,10.990156027298864,10.605560489789287,10.917883002083496,11.441245182461405,10.588835818740368
233,3.565827324963319,3.738883379715915,3.401202396068435,3.401202396068435,3.401202396068435,3.371883492028439,3.844575972740423,3.619676537254959,3.9694345863954243,3.6512573226163694
235,3.1840451240619947,3.7714233706046127,4.900445463568034,4.900445463568034,4.900445463568034,4.6613290314802835,4.075311547690086,3.9798237654175033,3.828723827397122,4.030494207387411
241,6.862305586974802,6.59369079774298,6.713764332367002,6.713764332367002,6.713764332367002,6.6311138422652665,6.702052716314165,6.7997953714906565,6.750503024836468,6.4024206591162836
242,8.566276180865234,8.108123377877998,8.431489789044088,8.431489789044088,8.431489789044088,8.280622963580338,8.586977087116967,8.397487885490762,8.364698137888137,7.945339433546028
243,6.794608877696777,6.34051992138217,6.322809963967214,6.322809963967214,6.322809963967214,6.332744270597885,6.065761807809343,6.255566222679672,6.56157965150155,6.125690300970686
245,6.135478974948965,5.850452084829736,6.190156390000014,6.190156390000014,6.190156390000014,6.07773684888572,5.976630906239988,5.936561987154281,6.358208737179594,5.8876119791031565
247,7.782772294366273,6.484565586473027,6.305825294945077,6.305825294945077,6.305825294945077,6.195661946573813,6.718497544852901,6.6153234197638975,7.659665455235139,6.250130617054629
248,4.582778353153772,4.651361689181864,4.739695818704866,4.739695818704866,4.739695818704866,4.615415002913545,4.278082971871676,4.468762328084788,5.025927752961256,4.303972059277077
250,13.120837368880162,13.658461660850097,14.336589595731931,14.336589595731931,14.336589595731931,13.62900568462445,14.960639867409116,13.62902965302037,12.517831841778658,13.442972313842255
252,11.703230179683498,11.52094286138756,11.273348572883112,11.273348572883112,11.273348572883112,11.195857803482765,10.626201045503777,11.17661385909774,11.89978600333804,10.72841999300154
253,7.282558239709001,6.974987059888739,7.787427048247681,7.787427048247681,7.787427048247681,7.68981430465463,6.971876137627428,7.893790913155279,6.8954548906874775,6.8679063423711435
254,7.9734914993254336,7.337394949728585,7.410237889664789,7.410237889664789,7.410237889664789,7.343733749961089,7.652711131984274,7.862634368259941,7.658445473595085,7.17102731567149
255,9.609697367888634,8.779599502996348,8.936844420110683,8.936844420110683,8.936844420110683,8.788401206437035,9.753383005998057,9.283793454796827,9.033823958444609,8.658650624630361
260,5.847136194098024,5.710445794705143,5.998795201928049,5.998795201928049,5.998795201928049,5.922738696640901,5.946551305321115,5.873755659743696,5.960923094153871,5.779048899038612
262,7.281144772689914,7.226383388669699,7.50800492463635,7.50800492463635,7.50800492463635,7.4001940606687056,6.756597442763914,6.98303748622494,7.6629959431063055,6.862425193798668
263,7.87255141949723,7.161676164007012,7.255150607296584,7.255150607296584,7.255150607296584,7.159336823235296,7.389607105612371,7.316473249439134,7.188325276829546,6.727738271869329
266,8.562727638086654,7.269788373195945,8.147645148059832,8.147645148059832,8.147645148059832,7.897931855278748,9.376120541072474,9.099914664816447,7.190289233565185,7.47891251835628
269,7.461688019830356,6.821597480455792,7.158751730450197,7.158751730450197,7.158751730450197,7.094745647661078,7.215478908447625,7.545619667445532,7.193269873728006,6.801489777912721
270,10.028443506478391,9.207406234149031,9.993589968750024,9.993589968750024,9.993589968750024,9.850407376988445,9.981587165923855,9.99585109537277,9.250691253611697,9.144378127948244
271,7.950385506627029,7.224387813513312,7.639448393093205,7.639448393093205,7.639448393093205,7.50756300281407,7.99583125740761,7.893467420267238,7.135892000016633,7.175946824576908
275,10.684683764468925,10.554901637237274,10.863581362899868,10.863581362899868,10.863581362899868,10.839664955673182,10.448755205236523,10.114104378919578,11.520594118044558,10.884963723174923
276,3.410215658824157,3.563734894763705,3.5988254316927892,3.5988254316927892,3.5988254316927892,3.54692984427933,3.5478912948380796,3.5521573644779023,3.6575307702348407,3.5131479861360586
282,5.384395226008787,5.3416834350792675,6.0680782322592135,6.0680782322592135,6.0680782322592135,5.875241209275853,7.577934237144346,7.745410152856687,4.786910597896259,5.495749469357271
283,5.377971479104507,5.222929403567466,5.399317589281701,5.399317589281701,5.399317589281701,5.3393394413400515,5.426019680993722,5.6185582216377234,5.518799082004966,5.212780755494092
286,9.168630835846285,8.985436007085534,9.175743607818582,9.175743607818582,9.175743607818582,9.084850484217835,9.331496004002894,9.212035801087207,9.479135506753419,9.049178187150133
289,7.993941546041296,7.711588645794448,7.341814263625585,7.341814263625585,7.341814263625585,7.292547025473208,6.793175547907386,7.486100378437078,8.105640707315986,7.089550255827922
296,5.324619954242961,4.85977213364751,4.812014464552364,4.812014464552364,4.812014464552364,4.648816352780251,6.301976238128939,5.905310384231182,4.723264688837025,4.614457043863426
297,4.476213272093861,4.554324477226963,4.698935097320604,4.698935097320604,4.698935097320604,4.613607751572311,4.152929609789628,4.30552674543385,4.755020679069652,4.309655110044367
299,6.29497484210239,6.039294460933366,6.237160598890956,6.237160598890956,6.237160598890956,6.103418020618128,5.972604685096879,6.1885088012615235,6.622370864563431,5.772669524940859
300,9.159519884164997,9.132181894090673,8.62907052865773,8.62907052865773,8.62907052865773,8.52462899548258,8.717175685064921,8.763497127624667,9.366861940254555,8.552177349977406
302,0.31324319650845417,0.701716742011463,0.8463473860315184,0.8463473860315184,0.8463473860315184,0.8943207934043562,0.4242996696349376,0.4505328535529952,0.5451382743810995,1.3672434992271643
303,11.791521718990246,11.372870742495968,9.887191778329065,9.887191778329065,9.887191778329065,9.924051124676156,9.261536921286293,10.873269565496688,11.059163776601018,9.02686910577986
305,9.779594931419481,9.350267034159314,9.827957250432796,9.827957250432796,9.827957250432796,9.701223256159679,9.874152651842513,10.09118837147003,9.721389839074062,9.447001614874797
308,7.2670337381787755,6.923365206221027,7.1286530540422195,7.1286530540422195,7.1286530540422195,7.06491512214312,7.349961088008022,7.402199183544897,7.005638242766193,6.854010565421427
312,4.661424333268936,3.5252952994254194,3.216742384796904,3.216742384796904,3.216742384796904,3.0907700111114256,5.8660677499776614,5.3947458628889855,3.3650047419305493,3.260752891350901
313,6.536256296824019,5.956408517502142,6.185043798821548,6.185043798821548,6.185043798821548,6.128229684472575,5.37336556693642,5.69127865634916,6.840533936883164,5.562969377289068
314,4.202506238447775,4.352418620830133,4.414016391936048,4.414016391936048,4.414016391936048,4.307478197999941,4.746642828853712,4.7319379744990915,4.496831281430802,4.0395336134780635
315,7.665012811328789,7.535784127527318,7.481833890995244,7.481833890995244,7.481833890995244,7.393525049985664,7.592261060326686,7.540097150645712,7.474243262581954,7.160984615426544
320,5.760508545401715,5.948002114718669,5.649135104753056,5.649135104753056,5.649135104753056,5.602054856166059,4.981484501028342,5.364596868365704,6.139342938549579,5.294461492166578
323,6.249670202418843,6.019199543885281,5.996087872519831,5.996087872519831,5.996087872519831,5.939461350649797,5.691793294538508,5.826286069199876,6.4392684935081785,5.68895356884113
326,3.4169027996340766,4.084430720027921,3.913673420609367,3.913673420609367,3.913673420609367,3.8557293685167076,4.274243049452455,4.318738780476074,4.295527762589178,3.926168674231478
329,5.844079188685153,5.041017562083349,5.090698756475009,5.090698756475009,5.090698756475009,5.004869274578965,6.440343762196807,6.2735730069608895,5.073446091004362,4.953878473593111
330,10.211389310550015,9.350062636457569,9.927191166746944,9.927191166746944,9.927191166746944,9.723207350459415,11.091455696830291,10.934370550828701,9.089139150477543,9.423973977959694
331,6.862485943842397,6.381063653218048,6.084135614012259,6.084135614012259,6.084135614012259,6.039473214407035,6.40373529038829,7.207526021352696,6.079588994719071,5.903866139235814
333,6.715016742366064,6.514319596892432,6.485644907858404,6.485644907858404,6.485644907858404,6.405068602045015,6.210840269649827,6.334035976933448,6.746672335972714,6.092862621443604
337,8.398048269185374,8.076839006521542,8.014080108326297,8.014080108326297,8.014080108326297,7.824234345219425,8.163857017278351,8.145000676720267,7.4408805038528145,7.441711039085742
341,4.780343151440007,4.909213405926766,4.345630179306467,4.345630179306467,4.345630179306467,4.300658348928957,6.812758084511181,6.17052345394996,4.443976649977978,4.361388477666713
347,5.4909346056170865,5.522820159204443,5.472578247129232,5.472578247129232,5.472578247129232,5.4089230211844885,5.469920582286807,5.694328631693382,5.817837846176254,5.23592313376445
349,4.832620392181087,4.466246542645788,4.957680326080429,4.957680326080429,4.957680326080429,4.785547120884047,5.854135501602667,5.798721453401643,4.509176182186015,4.179651821462316
350,7.928569944196328,7.381722696614961,7.529429859158265,7.529429859158265,7.529429859158265,7.472189167371948,7.463185033862005,7.7941404238153895,7.795517880226815,7.164530998030526
352,5.27339846032203,6.034682728184479,6.426602461863375,6.426602461863375,6.426602461863375,6.273128018060158,6.1549492601898566,5.711214498927059,5.809754663182298,6.071672670526256
353,5.182712724681877,5.234049743319372,5.229027338276358,5.229027338276358,5.229027338276358,5.204982554014751,4.950251311807111,5.387202797061585,5.474727759784924,4.993944380379412
354,4.669410260565061,5.0270348541078675,5.1439638789857,5.1439638789857,5.1439638789857,5.007968237966595,5.593157543898462,5.038481617510066,4.8789903743577,5.028226541236824
357,8.312533368197025,7.801060931534292,7.787355368707299,7.787355368707299,7.787355368707299,7.738642936854234,7.7184144135012325,8.115415037561975,8.165144784374736,7.474779775650843
358,4.811725163172159,5.04475514454525,4.914988299695025,4.914988299695025,4.914988299695025,4.811732694868006,5.075465935378054,4.969600549413756,5.255894267171395,4.851864899899217
363,8.163494142741524,8.451252678863487,8.334351123841977,8.334351123841977,8.334351123841977,8.14267985652781,8.334243888688686,7.863658657706315,8.306032947172726,8.22237720493677
364,7.135109548647458,6.754613423227959,6.51192015932531,6.51192015932531,6.51192015932531,6.390062586932452,7.537170126469384,6.7953771849272755,7.17870154857882,6.503661992314601
367,4.19715255764739,4.284383242421295,4.338079629693582,4.338079629693582,4.338079629693582,4.316099548879394,4.610003076586869,4.556031639574759,4.35806166643681,4.266057550953746
368,8.479375837352366,8.058963205400582,8.14089846255295,8.14089846255295,8.14089846255295,8.05799649016276,8.345337468236584,8.404505414906513,8.213588995529912,7.807803879702903
371,9.286059044287068,8.788636286528112,8.79608885741122,8.79608885741122,8.79608885741122,8.744581983144792,8.466722639209447,8.88716641105907,9.661582864708908,8.481472042028075
376,7.481852821267782,7.44759173809774,7.418807596325602,7.418807596325602,7.418807596325602,7.354076089149482,7.6941019869624645,7.436489879386632,7.345651398807513,7.24429612514382
377,3.5551328925636136,4.097986972811238,4.2180344112430115,4.2180344112430115,4.2180344112430115,4.107250464375014,4.306467479583032,4.293115772769969,4.11581383782662,4.08233027342551
378,5.224093835973067,5.111579884787794,7.133113411837419,7.133113411837419,7.133113411837419,6.862294739239922,7.993265616304029,7.618452188554458,5.037392733092208,5.994216226373198
379,8.34000919747615,10.595570873996856,11.74932841424149,11.74932841424149,11.74932841424149,11.281508516680358,9.997398993373407,9.086960749609402,9.497451781220374,10.987867549487254
383,5.450776007943242,5.7221484019137066,5.862786953667019,5.862786953667019,5.862786953667019,5.80354989452774,5.990678737414007,5.65290938367158,5.941484364088579,5.998323970973525
386,8.841990399020016,7.994125310697366,8.102364189105018,8.102364189105018,8.102364189105018,7.987574465517654,7.831601627577184,8.28325998807232,8.861322622875552,7.501681672736448
389,8.064203176142444,7.835602336446934,8.817508166680408,8.817508166680408,8.817508166680408,8.487460010308844,9.458463824771483,9.032179634486015,7.17294146357039,7.606261721190185
393,7.309980447386086,7.115540131773485,7.125607624658287,7.125607624658287,7.125607624658287,7.045527970181044,7.115096447074318,7.2950636480585285,7.19401135173752,6.844502278349716
396,4.714848248753066,4.8075246169717705,4.9078961257497,4.9078961257497,4.9078961257497,4.828841963294519,4.690620839342753,4.812276778127588,5.214438577758667,4.5303782066698215
397,11.909419912602496,11.714075651112694,11.325671620098735,11.325671620098735,11.325671620098735,11.277718743416514,12.011425823096324,11.71267656288742,12.181897714715024,11.512160188661703
398,4.116458608514904,4.14732921216546,4.518999119837862,4.518999119837862,4.518999119837862,4.4525691872565085,4.161759125910311,4.332709974822629,4.3423809155927575,4.1125012893163895
399,2.504917249491175,3.239071173808439,3.439137904188002,3.439137904188002,3.439137904188002,3.359445687523722,3.640303286970865,3.4768602818919736,3.338435546267642,3.2331785576200094
402,9.159507095068275,8.889643241583045,8.579714322339129,8.579714322339129,8.579714322339129,8.59734885008542,8.204388530155278,8.740206600372177,9.682992599583597,8.570823917704734
403,4.470508916578837,5.192582492123851,5.55408339469362,5.55408339469362,5.55408339469362,5.505908761756151,5.090674610023806,4.865147024442179,4.945576859267211,5.184674959158898
405,5.756760429120947,5.72384664119107,5.645816135217281,5.645816135217281,5.645816135217281,5.5815428537372025,5.621081939910846,5.618959207299579,5.956721019711425,5.377046698534389
406,7.3025145782966066,6.954827244387992,7.146193691995408,7.146193691995408,7.146193691995408,7.057892272118745,6.959081964236438,7.07391263108076,6.874709495410761,6.770475479499699
407,9.70366950055504,9.463055672208156,9.61461764022164,9.61461764022164,9.61461764022164,9.526100475912116,9.275675220751015,9.707377890683455,9.843414479037381,9.091251808248161
408,8.671741507751943,7.942917537086085,7.743141873629912,7.743141873629912,7.743141873629912,7.667576683220712,8.176307094665239,8.558410611963991,8.29500520242272,7.5205161494683646
410,4.293002730030994,4.545581933336212,4.580867639605861,4.580867639605861,4.580867639605861,4.536589007732571,4.329316877148835,4.4409943523762525,4.557375250673124,4.3761814046653225
412,0.7381403930787354,0.8632048918096122,0.857563146716035,0.857563146716035,0.857563146716035,0.8545685720390114,0.8397709063101613,0.7167978215519908,0.8644356773586007,0.8748386918562209
414,5.030161721864328,5.540993112560934,5.644103949070953,5.644103949070953,5.644103949070953,5.548330823765863,5.734207210244932,5.685943488894813,5.739019035344816,5.45046201935913
419,3.3625850073234718,3.50620738548765,3.4697114452522047,3.4697114452522047,3.4697114452522047,3.449727849759061,3.6068199057728005,3.6236870991879253,3.7353434157674923,3.4358657494835385
421,9.894619562491044,9.534138627450139,9.701118640513638,9.701118640513638,9.701118640513638,9.561154036178502,10.188299964536233,9.837949832075108,9.518264733810891,9.350291261184816
422,8.719067828583048,8.358094739315371,8.429728646356951,8.429728646356951,8.429728646356951,8.379981794326595,8.323534021016817,8.459308528186334,8.632642204307222,8.101701057961801
423,7.995525437219883,8.109930988473817,8.197832322919984,8.197832322919984,8.197832322919984,8.102754749221155,8.080784135090193,7.828111907632617,7.884988757664186,7.663522244747828
426,6.048825510240132,6.168207562140969,6.05385080623826,6.05385080623826,6.05385080623826,6.035974869451944,5.87147524386243,6.040565567514722,6.3268681247889385,5.857639459861552
427,8.78139997986858,8.284635594833581,8.399465966425653,8.399465966425653,8.399465966425653,8.377835357574815,7.832068554405041,8.22141156063509,8.85534319634065,7.954656219747013
431,8.422023736031942,8.593160082258077,7.898383105868683,7.898383105868683,7.898383105868683,7.922670603969691,8.220370403506223,7.7423271580835955,8.248106486591468,7.963252158694814
435,7.3961962440052815,7.039842654736599,7.317437057399204,7.317437057399204,7.317437057399204,7.237529460033485,7.194684815869001,7.429956038731446,7.325367269751468,6.9082588748153
443,8.269508026750032,7.939670311515306,7.95373035300764,7.95373035300764,7.95373035300764,7.865950951552251,8.096818865902744,8.060659893125148,7.941448655680434,7.625059834669544
445,9.850543411930987,11.821495789040227,12.230338891058324,12.230338891058324,12.230338891058324,12.076850376305734,11.08419528325947,11.185334413201767,13.438143183544756,11.664273306301373
446,6.7499645375088,6.5245475295410955,6.450452070704744,6.450452070704744,6.450452070704744,6.395295199062555,6.279753920460999,6.474516982983318,6.719608323481294,6.209769110728985
449,7.858131577033238,7.968747788425961,8.155703910737284,8.155703910737284,8.155703910737284,8.040231227088317,7.8120509356381245,7.695557872680864,8.230791565783944,7.77670864270225
450,5.0934524102755425,6.7196754857608845,4.778647941862114,4.778647941862114,4.778647941862114,4.7878328550284115,7.12635985200338,5.423499573159509,5.476135748561273,6.526605225878994
455,7.392471926989559,8.294129797645802,9.030368417093117,9.030368417093117,9.030368417093117,8.671495061349772,9.026588652775853,7.791661135395571,8.17305074123465,8.307808928623293
457,7.204681061439149,6.691155745167317,6.999895847242075,6.999895847242075,6.999895847242075,6.8460794565058265,7.8336604581010665,7.370566222521213,6.877873083173825,6.659427915728472
459,3.156554234619158,3.3832531178944105,3.4287263046518133,3.4287263046518133,3.4287263046518133,3.427414889110429,3.2916163470912805,3.477995856217142,3.547561501003759,3.340192437722335
460,4.2841088907129095,4.470982215367951,5.029238306821364,5.029238306821364,5.029238306821364,4.865207070631579,4.893145660269429,4.565886093832027,4.623816829842882,4.612122822415682
462,6.753262633507393,6.426692381909608,6.69552658137056,6.69552658137056,6.69552658137056,6.604844474099724,6.533162928944982,6.3817020480551365,6.897706550915263,6.2781155004368365
468,5.7275965246294955,5.380956400601898,5.461943426722577,5.461943426722577,5.461943426722577,5.381037343953719,6.348545529260179,6.2117787599767915,5.5653510722313895,5.29821262884583
470,9.22885211902635,8.882175536367432,9.0261926096824,9.0261926096824,9.0261926096824,8.959296460818878,8.938258649811669,9.142289949255886,9.41914466506039,8.816839669918732
472,6.925755285991996,6.705234118672471,7.55211294549451,7.55211294549451,7.55211294549451,7.396802265293368,7.509960044441896,6.86589163570424,7.136739117508251,7.110701700708016
473,3.926867475042196,4.39962716964844,4.274777634163554,4.274777634163554,4.274777634163554,4.2315825528950715,4.426873364705013,4.493393945078026,4.52486812488843,4.292121808005675
481,6.246113935428934,5.733838399331943,5.583642191907672,5.583642191907672,5.583642191907672,5.569318331584356,5.413709484043161,5.7277951775935545,6.195648152859582,5.327232063322391
